"id","identifier","title","category","collection","collection_grouped","material","year","date_type","place","state","country","latitude","longitude","source_url","modified_date","era","category_group","material_family"
"157311","2008.0039.0006","Convict love token from 1762","Convict love tokens","Timothy Millett collection","Timothy Millett collection","Metal - non specific","1762","","","","","","","https://collectionsearch.nma.gov.au/s/hw/EMU.EMUIRN/157311","2026-08-10","Pre-1788","Tokens","Metal"
"157423","2008.0039.0007","Convict love token from Thomas Wolfe, born August 23, 1766","Convict love tokens","Timothy Millett collection","Timothy Millett collection","Metal - non specific","1766","","","","","","","https://collectionsearch.nma.gov.au/s/hw/EMU.EMUIRN/157423","2025-09-03","Pre-1788","Tokens","Metal"
"157432","2008.0039.0013","Convict love token from Joseph Podmore and John Sheperd, 1769","Convict love tokens","Timothy Millett collection","Timothy Millett collection","Metal - non specific","1769","","","","","","","https://collectionsearch.nma.gov.au/s/hw/EMU.EMUIRN/157432","2026-08-10","Pre-1788","Tokens","Metal"
"37638","1988.0094.0030","Byelorussian American Bicentennial 1776 July 4 - March 25 - 1976 commemorative plate","Commemorative plates","Nicholas Nikon collection","Other Collections","","1776","","United States of America","","International","","","https://collectionsearch.nma.gov.au/s/hw/EMU.EMUIRN/37638","2025-02-17","Pre-1788","Other","Unspecified"
"157424","2008.0039.0008","Convict love token from Charles Croughton, March 4 1781","Convict love tokens","Timothy Millett collection","Timothy Millett collection","Metal - non specific","1781","","","","","","","https://collectionsearch.nma.gov.au/s/hw/EMU.EMUIRN/157424","2026-08-10","Pre-1788","Tokens","Metal"
"157427","2008.0039.0009","Convict love token from Miss Smith, March 21, 1781","Convict love tokens","Timothy Millett collection","Timothy Millett collection","Metal - non specific","1781","","","","","","","https://collectionsearch.nma.gov.au/s/hw/EMU.EMUIRN/157427","2026-08-10","Pre-1788","Tokens","Metal"
"133779","2007.0041.0001","Bronzed medal, commissioned by the Royal Society of London in 1784 to commemorate James Cook.","Medals","Royal Society Cook Medal collection","Other Collections","Copper","1784","Date of production","London, England","","International","51.5072","-0.1278","https://collectionsearch.nma.gov.au/s/hw/EMU.EMUIRN/133779","2025-02-17","Pre-1788","Medals","Metal"
"133775","2007.0041.0002","Silver medal, commissioned by the Royal Society of London in 1784 to commemorate James Cook.","Medals","Royal Society Cook Medal collection","Other Collections","Silver","1784","Date of production","London, England","","International","51.5072","-0.1278","https://collectionsearch.nma.gov.au/s/hw/EMU.EMUIRN/133775","2025-02-17","Pre-1788","Medals","Metal"
"163665","2008.0039.0307","Convict love token for Mary Gibbs, 1787","Convict love tokens","Timothy Millett collection","Timothy Millett collection","Metal - non specific","1787","","","","","","","https://collectionsearch.nma.gov.au/s/hw/EMU.EMUIRN/163665","2026-08-10","Pre-1788","Tokens","Metal"
"157428","2008.0039.0010","Convict love token from T.C., 17th July 1787","Convict love tokens","Timothy Millett collection","Timothy Millett collection","Metal - non specific","1787","","","","","","","https://collectionsearch.nma.gov.au/s/hw/EMU.EMUIRN/157428","2025-09-03","Pre-1788","Tokens","Metal"
"163666","2008.0039.0308","Convict love token from David Ogilby, 1789","Convict love tokens","Timothy Millett collection","Timothy Millett collection","Metal - non specific","1789","","","","","","","https://collectionsearch.nma.gov.au/s/hw/EMU.EMUIRN/163666","2025-06-20","1788–1900","Tokens","Metal"
"157429","2008.0039.0011","Convict love token from R. James, Nottingham, 1790","Convict love tokens","Timothy Millett collection","Timothy Millett collection","Metal - non specific","1790","","","","","","","https://collectionsearch.nma.gov.au/s/hw/EMU.EMUIRN/157429","2026-08-10","1788–1900","Tokens","Metal"
"129576","2007.0050.0001","Convict love token 1792","Convict love tokens","Convict Love Token collection no. 2","Other Collections","Metal - non specific","1792","Date made","","","","","","https://collectionsearch.nma.gov.au/s/hw/EMU.EMUIRN/129576","2026-08-10","1788–1900","Tokens","Metal"
"157430","2008.0039.0012","Convict love token engraved with the names H. Hale and Mary Eater, 1794","Convict love tokens","Timothy Millett collection","Timothy Millett collection","Metal - non specific","1794","","","","","","","https://collectionsearch.nma.gov.au/s/hw/EMU.EMUIRN/157430","2026-08-10","1788–1900","Tokens","Metal"
"235014","2014.0056.0001","Entry token for the London Zoological Exhibition of Thomas Hall, 1795","Halfpenny tokens","Thomas Hall collection","Other Collections","Metal - non specific","1795","Date of production","Birmingham, West Midlands, England; London, England","","International","52.4861","-1.8903","https://collectionsearch.nma.gov.au/s/hw/EMU.EMUIRN/235014","2025-02-17","1788–1900","Coins","Metal"
"129584","2007.0049.0001","Convict love token","Convict love tokens","British-Australian Friendship Society collection","Other Collections","Metal - non specific","1797","Date made","","","","","","https://collectionsearch.nma.gov.au/s/hw/EMU.EMUIRN/129584","2026-08-10","1788–1900","Tokens","Metal"
"157434","2008.0039.0014","Convict love token from 1799, engraved to Mary Fin","Convict love tokens","Timothy Millett collection","Timothy Millett collection","Metal - non specific","1799","","","","","","","https://collectionsearch.nma.gov.au/s/hw/EMU.EMUIRN/157434","2026-08-10","1788–1900","Tokens","Metal"
"247542","2016.0029.0001","Token for Pidcock's Menagerie with kangaroo and joey, 1801","Halfpenny tokens","Pidcock's Menagerie collection","Other Collections","Copper","1801","Date of production","Birmingham, West Midlands, England; London, England","","International","52.4861","-1.8903","https://collectionsearch.nma.gov.au/s/hw/EMU.EMUIRN/247542","2026-08-10","1788–1900","Coins","Metal"
"157435","2008.0039.0015","Convict love token captioned I love till death shall stop my breath, 1802","Convict love tokens","Timothy Millett collection","Timothy Millett collection","Metal - non specific","1802","","","","","","","https://collectionsearch.nma.gov.au/s/hw/EMU.EMUIRN/157435","2026-08-10","1788–1900","Tokens","Metal"
"157436","2008.0039.0016","Convict love token dated August 8th, 1803","Convict love tokens","Timothy Millett collection","Timothy Millett collection","Metal - non specific","1803","","","","","","","https://collectionsearch.nma.gov.au/s/hw/EMU.EMUIRN/157436","2025-09-03","1788–1900","Tokens","Metal"
"157437","2008.0039.0017","Convict love token from A. Woolley, Manchester, 1804","Convict love tokens","Timothy Millett collection","Timothy Millett collection","Metal - non specific","1804","","","","","","","https://collectionsearch.nma.gov.au/s/hw/EMU.EMUIRN/157437","2026-08-10","1788–1900","Tokens","Metal"
"157438","2008.0039.0018","Convict love token from Thomas Barnes, born October 8 1805","Convict love tokens","Timothy Millett collection","Timothy Millett collection","Metal - non specific","1805","","","","","","","https://collectionsearch.nma.gov.au/s/hw/EMU.EMUIRN/157438","2026-08-10","1788–1900","Tokens","Metal"
"157439","2008.0039.0019","Convict love token from William Dawson, 1811","Convict love tokens","Timothy Millett collection","Timothy Millett collection","Metal - non specific","1811","","","","","","","https://collectionsearch.nma.gov.au/s/hw/EMU.EMUIRN/157439","2026-08-10","1788–1900","Tokens","Metal"
"157442","2008.0039.0020","Convict love token from J. Cooper, September 15th 1813","Convict love tokens","Timothy Millett collection","Timothy Millett collection","Metal - non specific","1813","","","","","","","https://collectionsearch.nma.gov.au/s/hw/EMU.EMUIRN/157442","2025-09-03","1788–1900","Tokens","Metal"
"157443","2008.0039.0021","Convict love token from S.B., born January 12th 1815","Convict love tokens","Timothy Millett collection","Timothy Millett collection","Metal - non specific","1815","","","","","","","https://collectionsearch.nma.gov.au/s/hw/EMU.EMUIRN/157443","2026-08-10","1788–1900","Tokens","Metal"
"157444","2008.0039.0022","Convict love token given to S.K., April 3rd, 1816","Convict love tokens","Timothy Millett collection","Timothy Millett collection","Metal - non specific","1816","","","","","","","https://collectionsearch.nma.gov.au/s/hw/EMU.EMUIRN/157444","2026-08-10","1788–1900","Tokens","Metal"
"157457","2008.0039.0025","Convict love token engraved with initials S.P. and T.G., 1817","Convict love tokens","Timothy Millett collection","Timothy Millett collection","Metal - non specific","1817","","","","","","","https://collectionsearch.nma.gov.au/s/hw/EMU.EMUIRN/157457","2026-08-10","1788–1900","Tokens","Metal"
"157446","2008.0039.0024","Convict love token from Elijah Swainson, 5th July, 1817","Convict love tokens","Timothy Millett collection","Timothy Millett collection","Metal - non specific","1817","","","","","","","https://collectionsearch.nma.gov.au/s/hw/EMU.EMUIRN/157446","2026-08-10","1788–1900","Tokens","Metal"
"157445","2008.0039.0023","Convict love token from George Morris, 1817","Convict love tokens","Timothy Millett collection","Timothy Millett collection","Metal - non specific","1817","","","","","","","https://collectionsearch.nma.gov.au/s/hw/EMU.EMUIRN/157445","2025-09-03","1788–1900","Tokens","Metal"
"157460","2008.0039.0027","Convict love token from David Freeman, 1818","Convict love tokens","Timothy Millett collection","Timothy Millett collection","Metal - non specific","1818","","","","","","","https://collectionsearch.nma.gov.au/s/hw/EMU.EMUIRN/157460","2025-09-03","1788–1900","Tokens","Metal"
"157464","2008.0039.0030","Convict love token from G. Needham, 1818","Convict love tokens","Timothy Millett collection","Timothy Millett collection","Metal - non specific","1818","","","","","","","https://collectionsearch.nma.gov.au/s/hw/EMU.EMUIRN/157464","2026-08-10","1788–1900","Tokens","Metal"
"157461","2008.0039.0028","Convict love token from James Kelly, 1818","Convict love tokens","Timothy Millett collection","Timothy Millett collection","Metal - non specific","1818","","","","","","","https://collectionsearch.nma.gov.au/s/hw/EMU.EMUIRN/157461","2026-08-10","1788–1900","Tokens","Metal"
"157459","2008.0039.0026","Convict love token from John Campling, 1818","Convict love tokens","Timothy Millett collection","Timothy Millett collection","Metal - non specific","1818","","","","","","","https://collectionsearch.nma.gov.au/s/hw/EMU.EMUIRN/157459","2026-08-10","1788–1900","Tokens","Metal"
"157467","2008.0039.0032","Convict love token from Thomas Spicer, January 17, 1818","Convict love tokens","Timothy Millett collection","Timothy Millett collection","Metal - non specific","1818","","","","","","","https://collectionsearch.nma.gov.au/s/hw/EMU.EMUIRN/157467","2026-08-10","1788–1900","Tokens","Metal"
"157462","2008.0039.0029","Convict love token from William Maskell, 1818","Convict love tokens","Timothy Millett collection","Timothy Millett collection","Metal - non specific","1818","","","","","","","https://collectionsearch.nma.gov.au/s/hw/EMU.EMUIRN/157462","2026-08-10","1788–1900","Tokens","Metal"
"157465","2008.0039.0031","Convict love token from William Nicholson, January 14, 1818","Convict love tokens","Timothy Millett collection","Timothy Millett collection","Metal - non specific","1818","","","","","","","https://collectionsearch.nma.gov.au/s/hw/EMU.EMUIRN/157465","2025-09-03","1788–1900","Tokens","Metal"
"157531","2008.0039.0038","Convict love token from 1819","Convict love tokens","Timothy Millett collection","Timothy Millett collection","Metal - non specific","1819","","","","","","","https://collectionsearch.nma.gov.au/s/hw/EMU.EMUIRN/157531","2025-02-23","1788–1900","Tokens","Metal"
"157528","2008.0039.0035","Convict love token from T. Jones to Mary, 1819","Convict love tokens","Timothy Millett collection","Timothy Millett collection","Metal - non specific","1819","","","","","","","https://collectionsearch.nma.gov.au/s/hw/EMU.EMUIRN/157528","2026-08-10","1788–1900","Tokens","Metal"
"157469","2008.0039.0034","Convict love token from T. Jones, 1819","Convict love tokens","Timothy Millett collection","Timothy Millett collection","Metal - non specific","1819","","","","","","","https://collectionsearch.nma.gov.au/s/hw/EMU.EMUIRN/157469","2026-08-10","1788–1900","Tokens","Metal"
"157468","2008.0039.0033","Convict love token from William Franklin, June 23, 1819","Convict love tokens","Timothy Millett collection","Timothy Millett collection","Metal - non specific","1819","","","","","","","https://collectionsearch.nma.gov.au/s/hw/EMU.EMUIRN/157468","2025-09-03","1788–1900","Tokens","Metal"
"157529","2008.0039.0036","Convict love token inscribed with the initials J.S., 1819","Convict love tokens","Timothy Millett collection","Timothy Millett collection","Metal - non specific","1819","","","","","","","https://collectionsearch.nma.gov.au/s/hw/EMU.EMUIRN/157529","2026-08-10","1788–1900","Tokens","Metal"
"157530","2008.0039.0037","Convict love token inscribed with the initials R.L and S.L., 1819","Convict love tokens","Timothy Millett collection","Timothy Millett collection","Metal - non specific","1819","","","","","","","https://collectionsearch.nma.gov.au/s/hw/EMU.EMUIRN/157530","2026-08-10","1788–1900","Tokens","Metal"
"121951","2006.0086.0002","Convict love token for James Godfrey","Convict love tokens","Convict Love Token collection no. 1","Other Collections","Copper","1820","Date made","England; New South Wales, Australia; Tasmania, Australia","New South Wales","Australia","52.435","-1.6772","https://collectionsearch.nma.gov.au/s/hw/EMU.EMUIRN/121951","2026-08-10","1788–1900","Tokens","Metal"
"157584","2008.0039.0046","Convict love token from 1820","Convict love tokens","Timothy Millett collection","Timothy Millett collection","Metal - non specific","1820","","","","","","","https://collectionsearch.nma.gov.au/s/hw/EMU.EMUIRN/157584","2026-08-10","1788–1900","Tokens","Metal"
"157535","2008.0039.0042","Convict love token from G.G., Jan 10th, 1820","Convict love tokens","Timothy Millett collection","Timothy Millett collection","Metal - non specific","1820","","","","","","","https://collectionsearch.nma.gov.au/s/hw/EMU.EMUIRN/157535","2026-08-10","1788–1900","Tokens","Metal"
"157532","2008.0039.0039","Convict love token from James Broker, 1820","Convict love tokens","Timothy Millett collection","Timothy Millett collection","Metal - non specific","1820","","","","","","","https://collectionsearch.nma.gov.au/s/hw/EMU.EMUIRN/157532","2026-08-10","1788–1900","Tokens","Metal"
"157533","2008.0039.0040","Convict love token from James Brooker, 1820","Convict love tokens","Timothy Millett collection","Timothy Millett collection","Metal - non specific","1820","","","","","","","https://collectionsearch.nma.gov.au/s/hw/EMU.EMUIRN/157533","2025-09-03","1788–1900","Tokens","Metal"
"157534","2008.0039.0041","Convict love token from James Chiddey, 1820","Convict love tokens","Timothy Millett collection","Timothy Millett collection","Metal - non specific","1820","","","","","","","https://collectionsearch.nma.gov.au/s/hw/EMU.EMUIRN/157534","2026-08-10","1788–1900","Tokens","Metal"
"157536","2008.0039.0043","Convict love token from M.L., 1820","Convict love tokens","Timothy Millett collection","Timothy Millett collection","Metal - non specific","1820","","","","","","","https://collectionsearch.nma.gov.au/s/hw/EMU.EMUIRN/157536","2026-08-10","1788–1900","Tokens","Metal"
"157537","2008.0039.0044","Convict love token from Samual Phillips, May 2nd, 1820","Convict love tokens","Timothy Millett collection","Timothy Millett collection","Metal - non specific","1820","","","","","","","https://collectionsearch.nma.gov.au/s/hw/EMU.EMUIRN/157537","2026-08-10","1788–1900","Tokens","Metal"
"157581","2008.0039.0045","Convict love token from Wm Hy. Stanford, April 28, 1820","Convict love tokens","Timothy Millett collection","Timothy Millett collection","Metal - non specific","1820","","","","","","","https://collectionsearch.nma.gov.au/s/hw/EMU.EMUIRN/157581","2026-08-10","1788–1900","Tokens","Metal"
"157595","2008.0039.0049","Convict love token engraved with the initials S.C., 1822","Convict love tokens","Timothy Millett collection","Timothy Millett collection","Metal - non specific","1822","","","","","","","https://collectionsearch.nma.gov.au/s/hw/EMU.EMUIRN/157595","2026-08-10","1788–1900","Tokens","Metal"
"157586","2008.0039.0047","Convict love token from G. Holt, 1822","Convict love tokens","Timothy Millett collection","Timothy Millett collection","Metal - non specific","1822","","","","","","","https://collectionsearch.nma.gov.au/s/hw/EMU.EMUIRN/157586","2026-08-10","1788–1900","Tokens","Metal"
"157599","2008.0039.0050","Convict love token from J. Stoneham, 1823","Convict love tokens","Timothy Millett collection","Timothy Millett collection","Metal - non specific","1823","","","","","","","https://collectionsearch.nma.gov.au/s/hw/EMU.EMUIRN/157599","2026-08-10","1788–1900","Tokens","Metal"
"157607","2008.0039.0051","Convict love token engraved with the initials S.C., 1824","Convict love tokens","Timothy Millett collection","Timothy Millett collection","Metal - non specific","1824","","","","","","","https://collectionsearch.nma.gov.au/s/hw/EMU.EMUIRN/157607","2026-08-10","1788–1900","Tokens","Metal"
"157612","2008.0039.0052","Convict love token from C. Wilkingson, 1824","Convict love tokens","Timothy Millett collection","Timothy Millett collection","Metal - non specific","1824","","","","","","","https://collectionsearch.nma.gov.au/s/hw/EMU.EMUIRN/157612","2025-09-03","1788–1900","Tokens","Metal"
"157662","2008.0039.0056","Convict love token engraved with the initials J.D., 1825","Convict love tokens","Timothy Millett collection","Timothy Millett collection","Metal - non specific","1825","","","","","","","https://collectionsearch.nma.gov.au/s/hw/EMU.EMUIRN/157662","2026-08-10","1788–1900","Tokens","Metal"
"157619","2008.0039.0053","Convict love token from Henry Barton, 1825","Convict love tokens","Timothy Millett collection","Timothy Millett collection","Metal - non specific","1825","","","","","","","https://collectionsearch.nma.gov.au/s/hw/EMU.EMUIRN/157619","2026-08-10","1788–1900","Tokens","Metal"
"157620","2008.0039.0054","Convict love token from M. Flinn, 1825","Convict love tokens","Timothy Millett collection","Timothy Millett collection","Metal - non specific","1825","","","","","","","https://collectionsearch.nma.gov.au/s/hw/EMU.EMUIRN/157620","2026-08-10","1788–1900","Tokens","Metal"
"157660","2008.0039.0055","Convict love token from W. Griffiths, 1825","Convict love tokens","Timothy Millett collection","Timothy Millett collection","Metal - non specific","1825","","","","","","","https://collectionsearch.nma.gov.au/s/hw/EMU.EMUIRN/157660","2026-08-10","1788–1900","Tokens","Metal"
"157663","2008.0039.0057","Convict love token from William Walker, 1825","Convict love tokens","Timothy Millett collection","Timothy Millett collection","Metal - non specific","1825","","","","","","","https://collectionsearch.nma.gov.au/s/hw/EMU.EMUIRN/157663","2026-08-10","1788–1900","Tokens","Metal"
"234244","2014.0032.0001","Commemorative Medal for Johann Friedrich Blumenbach by Heinrich Gube, 1825","Medals","Johann Friedrich Blumenbach collection","Other Collections","Metal - non specific","1825","","","","","","","https://collectionsearch.nma.gov.au/s/hw/EMU.EMUIRN/234244","2025-02-17","1788–1900","Medals","Metal"
"157666","2008.0039.0060","Convict love token from Charles Lamb, 1826","Convict love tokens","Timothy Millett collection","Timothy Millett collection","Metal - non specific","1826","","","","","","","https://collectionsearch.nma.gov.au/s/hw/EMU.EMUIRN/157666","2026-08-10","1788–1900","Tokens","Metal"
"157667","2008.0039.0061","Convict love token from Mary Smith, 1826","Convict love tokens","Timothy Millett collection","Timothy Millett collection","Metal - non specific","1826","","","","","","","https://collectionsearch.nma.gov.au/s/hw/EMU.EMUIRN/157667","2026-08-10","1788–1900","Tokens","Metal"
"157665","2008.0039.0059","Convict love token from W. James, 1826","Convict love tokens","Timothy Millett collection","Timothy Millett collection","Metal - non specific","1826","","","","","","","https://collectionsearch.nma.gov.au/s/hw/EMU.EMUIRN/157665","2026-08-10","1788–1900","Tokens","Metal"
"157664","2008.0039.0058","Convict love token, Mary Hill, May 11, 1826","Convict love tokens","Timothy Millett collection","Timothy Millett collection","Metal - non specific","1826","","","","","","","https://collectionsearch.nma.gov.au/s/hw/EMU.EMUIRN/157664","2026-08-10","1788–1900","Tokens","Metal"
"157686","2008.0039.0067","Convict love token engraved with the initials J.T. and S.B., 1827","Convict love tokens","Timothy Millett collection","Timothy Millett collection","Metal - non specific","1827","","","","","","","https://collectionsearch.nma.gov.au/s/hw/EMU.EMUIRN/157686","2026-08-10","1788–1900","Tokens","Metal"
"157687","2008.0039.0068","Convict love token from George Robotham, 1827","Convict love tokens","Timothy Millett collection","Timothy Millett collection","Metal - non specific","1827","","","","","","","https://collectionsearch.nma.gov.au/s/hw/EMU.EMUIRN/157687","2026-08-10","1788–1900","Tokens","Metal"
"157689","2008.0039.0069","Convict love token from H. Saunders, 1827","Convict love tokens","Timothy Millett collection","Timothy Millett collection","Metal - non specific","1827","","","","","","","https://collectionsearch.nma.gov.au/s/hw/EMU.EMUIRN/157689","2026-08-10","1788–1900","Tokens","Metal"
"157671","2008.0039.0063","Convict love token from Henry Bidulph, 1827","Convict love tokens","Timothy Millett collection","Timothy Millett collection","Metal - non specific","1827","","","","","","","https://collectionsearch.nma.gov.au/s/hw/EMU.EMUIRN/157671","2026-08-10","1788–1900","Tokens","Metal"
"157684","2008.0039.0065","Convict love token from James Hammons, 1827","Convict love tokens","Timothy Millett collection","Timothy Millett collection","Metal - non specific","1827","","","","","","","https://collectionsearch.nma.gov.au/s/hw/EMU.EMUIRN/157684","2026-08-10","1788–1900","Tokens","Metal"
"157685","2008.0039.0066","Convict love token from John Hare, 1827","Convict love tokens","Timothy Millett collection","Timothy Millett collection","Metal - non specific","1827","","","","","","","https://collectionsearch.nma.gov.au/s/hw/EMU.EMUIRN/157685","2025-09-03","1788–1900","Tokens","Metal"
"157673","2008.0039.0064","Convict love token from W. Clements, 1827","Convict love tokens","Timothy Millett collection","Timothy Millett collection","Metal - non specific","1827","","","","","","","https://collectionsearch.nma.gov.au/s/hw/EMU.EMUIRN/157673","2026-08-10","1788–1900","Tokens","Metal"
"157696","2008.0039.0070","Convict love token from W. Sindary, 1827","Convict love tokens","Timothy Millett collection","Timothy Millett collection","Metal - non specific","1827","","","","","","","https://collectionsearch.nma.gov.au/s/hw/EMU.EMUIRN/157696","2026-08-10","1788–1900","Tokens","Metal"
"157698","2008.0039.0071","Convict love token from William Williams, 1827","Convict love tokens","Timothy Millett collection","Timothy Millett collection","Metal - non specific","1827","","","","","","","https://collectionsearch.nma.gov.au/s/hw/EMU.EMUIRN/157698","2026-08-10","1788–1900","Tokens","Metal"
"157668","2008.0039.0062","Convict love token, heptagonal in shape, 1827","Convict love tokens","Timothy Millett collection","Timothy Millett collection","Metal - non specific","1827","","","","","","","https://collectionsearch.nma.gov.au/s/hw/EMU.EMUIRN/157668","2026-08-10","1788–1900","Tokens","Metal"
"157724","2008.0039.0076","Convict love token engraved with the initials G.E.R., 1828","Convict love tokens","Timothy Millett collection","Timothy Millett collection","Metal - non specific","1828","","","","","","","https://collectionsearch.nma.gov.au/s/hw/EMU.EMUIRN/157724","2026-08-10","1788–1900","Tokens","Metal"
"157727","2008.0039.0077","Convict love token engraved with the names D. Clarke and M. White, 1828","Convict love tokens","Timothy Millett collection","Timothy Millett collection","Metal - non specific","1828","","","","","","","https://collectionsearch.nma.gov.au/s/hw/EMU.EMUIRN/157727","2026-08-10","1788–1900","Tokens","Metal"
"121952","2006.0086.0003","Convict love token for Abraham Lawley","Convict love tokens","Convict Love Token collection no. 1","Other Collections","Copper","1828","Date made","England; New South Wales, Australia; Tasmania, Australia","New South Wales","Australia","52.435","-1.6772","https://collectionsearch.nma.gov.au/s/hw/EMU.EMUIRN/121952","2026-08-10","1788–1900","Tokens","Metal"
"157733","2008.0039.0079","Convict love token from G. Emms, 1828","Convict love tokens","Timothy Millett collection","Timothy Millett collection","Metal - non specific","1828","","","","","","","https://collectionsearch.nma.gov.au/s/hw/EMU.EMUIRN/157733","2026-08-10","1788–1900","Tokens","Metal"
"157722","2008.0039.0074","Convict love token from Henry Marson, 1828","Convict love tokens","Timothy Millett collection","Timothy Millett collection","Metal - non specific","1828","","","","","","","https://collectionsearch.nma.gov.au/s/hw/EMU.EMUIRN/157722","2026-08-10","1788–1900","Tokens","Metal"
"157705","2008.0039.0073","Convict love token from J.F., 1828","Convict love tokens","Timothy Millett collection","Timothy Millett collection","Metal - non specific","1828","","","","","","","https://collectionsearch.nma.gov.au/s/hw/EMU.EMUIRN/157705","2026-08-10","1788–1900","Tokens","Metal"
"157704","2008.0039.0072","Convict love token from James Faulkner, 1828","Convict love tokens","Timothy Millett collection","Timothy Millett collection","Metal - non specific","1828","","","","","","","https://collectionsearch.nma.gov.au/s/hw/EMU.EMUIRN/157704","2026-08-10","1788–1900","Tokens","Metal"
"157730","2008.0039.0078","Convict love token from Joseph William, 1828","Convict love tokens","Timothy Millett collection","Timothy Millett collection","Metal - non specific","1828","","","","","","","https://collectionsearch.nma.gov.au/s/hw/EMU.EMUIRN/157730","2026-08-10","1788–1900","Tokens","Metal"
"157723","2008.0039.0075","Convict love token from M.M., 1828","Convict love tokens","Timothy Millett collection","Timothy Millett collection","Metal - non specific","1828","","","","","","","https://collectionsearch.nma.gov.au/s/hw/EMU.EMUIRN/157723","2026-08-10","1788–1900","Tokens","Metal"
"158445","2008.0039.0083","Convict love token engraved with the names W. David and A. and J. Jones, 1829","Convict love tokens","Timothy Millett collection","Timothy Millett collection","Metal - non specific","1829","","","","","","","https://collectionsearch.nma.gov.au/s/hw/EMU.EMUIRN/158445","2026-08-10","1788–1900","Tokens","Metal"
"158486","2008.0039.0090","Convict love token from 1829","Convict love tokens","Timothy Millett collection","Timothy Millett collection","Metal - non specific","1829","","","","","","","https://collectionsearch.nma.gov.au/s/hw/EMU.EMUIRN/158486","2026-08-10","1788–1900","Tokens","Metal"
"157741","2008.0039.0082","Convict love token from 22nd May, 1829","Convict love tokens","Timothy Millett collection","Timothy Millett collection","Metal - non specific","1829","","","","","","","https://collectionsearch.nma.gov.au/s/hw/EMU.EMUIRN/157741","2026-08-10","1788–1900","Tokens","Metal"
"158485","2008.0039.0089","Convict love token from B. Watson, 1829","Convict love tokens","Timothy Millett collection","Timothy Millett collection","Metal - non specific","1829","","","","","","","https://collectionsearch.nma.gov.au/s/hw/EMU.EMUIRN/158485","2026-08-10","1788–1900","Tokens","Metal"
"158457","2008.0039.0085","Convict love token from D. Poultney, 1829","Convict love tokens","Timothy Millett collection","Timothy Millett collection","Metal - non specific","1829","","","","","","","https://collectionsearch.nma.gov.au/s/hw/EMU.EMUIRN/158457","2025-09-03","1788–1900","Tokens","Metal"
"158484","2008.0039.0088","Convict love token from James Thurtell, 1829","Convict love tokens","Timothy Millett collection","Timothy Millett collection","Metal - non specific","1829","","","","","","","https://collectionsearch.nma.gov.au/s/hw/EMU.EMUIRN/158484","2025-09-03","1788–1900","Tokens","Metal"
"157736","2008.0039.0080","Convict love token from John Harris, 1829","Convict love tokens","Timothy Millett collection","Timothy Millett collection","Metal - non specific","1829","","","","","","","https://collectionsearch.nma.gov.au/s/hw/EMU.EMUIRN/157736","2026-08-10","1788–1900","Tokens","Metal"
"158456","2008.0039.0084","Convict love token from John Palmer, 1829","Convict love tokens","Timothy Millett collection","Timothy Millett collection","Metal - non specific","1829","","","","","","","https://collectionsearch.nma.gov.au/s/hw/EMU.EMUIRN/158456","2026-08-10","1788–1900","Tokens","Metal"
"157738","2008.0039.0081","Convict love token from Joseph Hickman, 1829","Convict love tokens","Timothy Millett collection","Timothy Millett collection","Metal - non specific","1829","","","","","","","https://collectionsearch.nma.gov.au/s/hw/EMU.EMUIRN/157738","2026-08-10","1788–1900","Tokens","Metal"
"158459","2008.0039.0086","Convict love token from T. Rea, 1829","Convict love tokens","Timothy Millett collection","Timothy Millett collection","Metal - non specific","1829","","","","","","","https://collectionsearch.nma.gov.au/s/hw/EMU.EMUIRN/158459","2026-08-10","1788–1900","Tokens","Metal"
"158461","2008.0039.0087","Convict love token from William Reynolds, 1829","Convict love tokens","Timothy Millett collection","Timothy Millett collection","Metal - non specific","1829","","","","","","","https://collectionsearch.nma.gov.au/s/hw/EMU.EMUIRN/158461","2025-09-03","1788–1900","Tokens","Metal"
"161076","2008.0039.0099","Convict love token dated December 1830","Convict love tokens","Timothy Millett collection","Timothy Millett collection","Metal - non specific","1830","","","","","","","https://collectionsearch.nma.gov.au/s/hw/EMU.EMUIRN/161076","2026-08-10","1788–1900","Tokens","Metal"
"121950","2006.0086.0001","Convict love token for Thomas Lock","Convict love tokens","Convict Love Token collection no. 1","Other Collections","Copper","1830","Date made","England; New South Wales, Australia; Tasmania, Australia","New South Wales","Australia","52.435","-1.6772","https://collectionsearch.nma.gov.au/s/hw/EMU.EMUIRN/121950","2025-02-17","1788–1900","Tokens","Metal"
"161075","2008.0039.0098","Convict love token from 1830","Convict love tokens","Timothy Millett collection","Timothy Millett collection","Metal - non specific","1830","","","","","","","https://collectionsearch.nma.gov.au/s/hw/EMU.EMUIRN/161075","2026-08-10","1788–1900","Tokens","Metal"
"161074","2008.0039.0097","Convict love token from 1830","Convict love tokens","Timothy Millett collection","Timothy Millett collection","Metal - non specific","1830","","","","","","","https://collectionsearch.nma.gov.au/s/hw/EMU.EMUIRN/161074","2026-08-10","1788–1900","Tokens","Metal"
"158489","2008.0039.0092","Convict love token from Elizabeth Catchpole, 1830","Convict love tokens","Timothy Millett collection","Timothy Millett collection","Metal - non specific","1830","","","","","","","https://collectionsearch.nma.gov.au/s/hw/EMU.EMUIRN/158489","2025-09-03","1788–1900","Tokens","Metal"
"158487","2008.0039.0091","Convict love token from F. Buck, 1830","Convict love tokens","Timothy Millett collection","Timothy Millett collection","Metal - non specific","1830","","","","","","","https://collectionsearch.nma.gov.au/s/hw/EMU.EMUIRN/158487","2025-09-03","1788–1900","Tokens","Metal"
"161070","2008.0039.0093","Convict love token from George Crane, 1830","Convict love tokens","Timothy Millett collection","Timothy Millett collection","Metal - non specific","1830","","","","","","","https://collectionsearch.nma.gov.au/s/hw/EMU.EMUIRN/161070","2026-08-10","1788–1900","Tokens","Metal"
"161098","2008.0039.0102","Convict love token from George Paine, 1830","Convict love tokens","Timothy Millett collection","Timothy Millett collection","Metal - non specific","1830","","","","","","","https://collectionsearch.nma.gov.au/s/hw/EMU.EMUIRN/161098","2026-08-10","1788–1900","Tokens","Metal"
"161077","2008.0039.0100","Convict love token from Heney Murphy, 1830","Convict love tokens","Timothy Millett collection","Timothy Millett collection","Metal - non specific","1830","","","","","","","https://collectionsearch.nma.gov.au/s/hw/EMU.EMUIRN/161077","2026-08-10","1788–1900","Tokens","Metal"
"161073","2008.0039.0096","Convict love token from John Harris, 1830","Convict love tokens","Timothy Millett collection","Timothy Millett collection","Metal - non specific","1830","","","","","","","https://collectionsearch.nma.gov.au/s/hw/EMU.EMUIRN/161073","2026-08-10","1788–1900","Tokens","Metal"
"161071","2008.0039.0094","Convict love token from Patrick Grady, 1830","Convict love tokens","Timothy Millett collection","Timothy Millett collection","Metal - non specific","1830","","","","","","","https://collectionsearch.nma.gov.au/s/hw/EMU.EMUIRN/161071","2026-08-10","1788–1900","Tokens","Metal"
"161103","2008.0039.0104","Convict love token from Samuel Sergent, 1830","Convict love tokens","Timothy Millett collection","Timothy Millett collection","Metal - non specific","1830","","","","","","","https://collectionsearch.nma.gov.au/s/hw/EMU.EMUIRN/161103","2026-08-10","1788–1900","Tokens","Metal"
"161072","2008.0039.0095","Convict love token from William Hall, 1830","Convict love tokens","Timothy Millett collection","Timothy Millett collection","Metal - non specific","1830","","","","","","","https://collectionsearch.nma.gov.au/s/hw/EMU.EMUIRN/161072","2026-08-10","1788–1900","Tokens","Metal"
"161100","2008.0039.0103","Convict love token from William Pritchard, 1830","Convict love tokens","Timothy Millett collection","Timothy Millett collection","Metal - non specific","1830","","","","","","","https://collectionsearch.nma.gov.au/s/hw/EMU.EMUIRN/161100","2026-08-10","1788–1900","Tokens","Metal"
"161127","2008.0039.0107","Convict love token from Deney Briant, 1831","Convict love tokens","Timothy Millett collection","Timothy Millett collection","Metal - non specific","1831","","","","","","","https://collectionsearch.nma.gov.au/s/hw/EMU.EMUIRN/161127","2025-09-03","1788–1900","Tokens","Metal"
"161133","2008.0039.0111","Convict love token from E.W., 1831","Convict love tokens","Timothy Millett collection","Timothy Millett collection","Metal - non specific","1831","","","","","","","https://collectionsearch.nma.gov.au/s/hw/EMU.EMUIRN/161133","2026-08-10","1788–1900","Tokens","Metal"
"160347","2008.0039.0116","Convict love token from F. Robinson, 1831","Convict love tokens","Timothy Millett collection","Timothy Millett collection","Metal - non specific","1831","","","","","","","https://collectionsearch.nma.gov.au/s/hw/EMU.EMUIRN/160347","2026-08-10","1788–1900","Tokens","Metal"
"161130","2008.0039.0109","Convict love token from George Corney, 1831","Convict love tokens","Timothy Millett collection","Timothy Millett collection","Metal - non specific","1831","","","","","","","https://collectionsearch.nma.gov.au/s/hw/EMU.EMUIRN/161130","2026-08-10","1788–1900","Tokens","Metal"
"160345","2008.0039.0114","Convict love token from George Rain, 1831","Convict love tokens","Timothy Millett collection","Timothy Millett collection","Metal - non specific","1831","","","","","","","https://collectionsearch.nma.gov.au/s/hw/EMU.EMUIRN/160345","2026-08-10","1788–1900","Tokens","Metal"
"160346","2008.0039.0115","Convict love token from Henry King, 1831","Convict love tokens","Timothy Millett collection","Timothy Millett collection","Metal - non specific","1831","","","","","","","https://collectionsearch.nma.gov.au/s/hw/EMU.EMUIRN/160346","2026-08-10","1788–1900","Tokens","Metal"
"161129","2008.0039.0108","Convict love token from J. Clark, 1831","Convict love tokens","Timothy Millett collection","Timothy Millett collection","Metal - non specific","1831","","","","","","","https://collectionsearch.nma.gov.au/s/hw/EMU.EMUIRN/161129","2026-08-10","1788–1900","Tokens","Metal"
"163668","2008.0039.0310","Convict love token from Jo Holloway, 1831","Convict love tokens","Timothy Millett collection","Timothy Millett collection","Metal - non specific","1831","","","","","","","https://collectionsearch.nma.gov.au/s/hw/EMU.EMUIRN/163668","2026-08-10","1788–1900","Tokens","Metal"
"161113","2008.0039.0105","Convict love token from John Bournes, 1831","Convict love tokens","Timothy Millett collection","Timothy Millett collection","Metal - non specific","1831","","","","","","","https://collectionsearch.nma.gov.au/s/hw/EMU.EMUIRN/161113","2026-08-10","1788–1900","Tokens","Metal"
"161137","2008.0039.0112","Convict love token from John Fulcher, 1831","Convict love tokens","Timothy Millett collection","Timothy Millett collection","","1831","","","","","","","https://collectionsearch.nma.gov.au/s/hw/EMU.EMUIRN/161137","2026-08-10","1788–1900","Tokens","Unspecified"
"160352","2008.0039.0121","Convict love token from John Woodfield, 1831","Convict love tokens","Timothy Millett collection","Timothy Millett collection","Metal - non specific","1831","","","","","","","https://collectionsearch.nma.gov.au/s/hw/EMU.EMUIRN/160352","2026-08-10","1788–1900","Tokens","Metal"
"160351","2008.0039.0120","Convict love token from Mary Ann Whitlock, 1831","Convict love tokens","Timothy Millett collection","Timothy Millett collection","Metal - non specific","1831","","","","","","","https://collectionsearch.nma.gov.au/s/hw/EMU.EMUIRN/160351","2026-08-10","1788–1900","Tokens","Metal"
"160349","2008.0039.0118","Convict love token from Nathaniel Thorne, 1831","Convict love tokens","Timothy Millett collection","Timothy Millett collection","Metal - non specific","1831","","","","","","","https://collectionsearch.nma.gov.au/s/hw/EMU.EMUIRN/160349","2026-08-10","1788–1900","Tokens","Metal"
"161124","2008.0039.0106","Convict love token from Richard Box, 1831","Convict love tokens","Timothy Millett collection","Timothy Millett collection","Metal - non specific","1831","","","","","","","https://collectionsearch.nma.gov.au/s/hw/EMU.EMUIRN/161124","2026-08-10","1788–1900","Tokens","Metal"
"161131","2008.0039.0110","Convict love token from Richard Crucknell, 1831","Convict love tokens","Timothy Millett collection","Timothy Millett collection","Metal - non specific","1831","","","","","","","https://collectionsearch.nma.gov.au/s/hw/EMU.EMUIRN/161131","2026-08-10","1788–1900","Tokens","Metal"
"160501","2008.0039.0122","Convict love token from W. S., 1831","Convict love tokens","Timothy Millett collection","Timothy Millett collection","Metal - non specific","1831","","","","","","","https://collectionsearch.nma.gov.au/s/hw/EMU.EMUIRN/160501","2026-08-10","1788–1900","Tokens","Metal"
"160348","2008.0039.0117","Convict love token from W. Stokes, 1831","Convict love tokens","Timothy Millett collection","Timothy Millett collection","Metal - non specific","1831","","","","","","","https://collectionsearch.nma.gov.au/s/hw/EMU.EMUIRN/160348","2026-08-10","1788–1900","Tokens","Metal"
"160350","2008.0039.0119","Convict love token from William Tugby, 1831","Convict love tokens","Timothy Millett collection","Timothy Millett collection","Metal - non specific","1831","","","","","","","https://collectionsearch.nma.gov.au/s/hw/EMU.EMUIRN/160350","2026-08-10","1788–1900","Tokens","Metal"
"160522","2008.0039.0140","Convict love token from 1832","Convict love tokens","Timothy Millett collection","Timothy Millett collection","Metal - non specific","1832","","","","","","","https://collectionsearch.nma.gov.au/s/hw/EMU.EMUIRN/160522","2026-08-10","1788–1900","Tokens","Metal"
"160514","2008.0039.0134","Convict love token from Benjamin Sparks, 1832","Convict love tokens","Timothy Millett collection","Timothy Millett collection","Metal - non specific","1832","","","","","","","https://collectionsearch.nma.gov.au/s/hw/EMU.EMUIRN/160514","2026-08-10","1788–1900","Tokens","Metal"
"160516","2008.0039.0136","Convict love token from Charles Vale, 1832","Convict love tokens","Timothy Millett collection","Timothy Millett collection","Metal - non specific","1832","","","","","","","https://collectionsearch.nma.gov.au/s/hw/EMU.EMUIRN/160516","2026-08-10","1788–1900","Tokens","Metal"
"160515","2008.0039.0135","Convict love token from Charls Tarrier, 1832","Convict love tokens","Timothy Millett collection","Timothy Millett collection","Metal - non specific","1832","","","","","","","https://collectionsearch.nma.gov.au/s/hw/EMU.EMUIRN/160515","2026-08-10","1788–1900","Tokens","Metal"
"157593","2008.0039.0048","Convict love token from Henry Meyers, 1832","Convict love tokens","Timothy Millett collection","Timothy Millett collection","Metal - non specific","1832","","","","","","","https://collectionsearch.nma.gov.au/s/hw/EMU.EMUIRN/157593","2026-08-10","1788–1900","Tokens","Metal"
"160506","2008.0039.0127","Convict love token from I.W.B., 1832","Convict love tokens","Timothy Millett collection","Timothy Millett collection","Metal - non specific","1832","","","","","","","https://collectionsearch.nma.gov.au/s/hw/EMU.EMUIRN/160506","2026-08-10","1788–1900","Tokens","Metal"
"160513","2008.0039.0133","Convict love token from J. Riley, 1832","Convict love tokens","Timothy Millett collection","Timothy Millett collection","Metal - non specific","1832","","","","","","","https://collectionsearch.nma.gov.au/s/hw/EMU.EMUIRN/160513","2026-08-10","1788–1900","Tokens","Metal"
"160519","2008.0039.0138","Convict love token from J. Walden, 1832","Convict love tokens","Timothy Millett collection","Timothy Millett collection","Metal - non specific","1832","","","","","","","https://collectionsearch.nma.gov.au/s/hw/EMU.EMUIRN/160519","2026-08-10","1788–1900","Tokens","Metal"
"160507","2008.0039.0128","Convict love token from J.J. or T.T. 1832","Convict love tokens","Timothy Millett collection","Timothy Millett collection","Metal - non specific","1832","","","","","","","https://collectionsearch.nma.gov.au/s/hw/EMU.EMUIRN/160507","2026-08-10","1788–1900","Tokens","Metal"
"160517","2008.0039.0137","Convict love token from John Waine, 1832","Convict love tokens","Timothy Millett collection","Timothy Millett collection","Metal - non specific","1832","","","","","","","https://collectionsearch.nma.gov.au/s/hw/EMU.EMUIRN/160517","2026-08-10","1788–1900","Tokens","Metal"
"160509","2008.0039.0130","Convict love token from Kettle, 1832","Convict love tokens","Timothy Millett collection","Timothy Millett collection","Metal - non specific","1832","","","","","","","https://collectionsearch.nma.gov.au/s/hw/EMU.EMUIRN/160509","2026-08-10","1788–1900","Tokens","Metal"
"160502","2008.0039.0123","Convict love token from March Barber, 1832","Convict love tokens","Timothy Millett collection","Timothy Millett collection","Metal - non specific","1832","","","","","","","https://collectionsearch.nma.gov.au/s/hw/EMU.EMUIRN/160502","2026-08-10","1788–1900","Tokens","Metal"
"160512","2008.0039.0132","Convict love token from Noah Minns, 1832","Convict love tokens","Timothy Millett collection","Timothy Millett collection","Metal - non specific","1832","","","","","","","https://collectionsearch.nma.gov.au/s/hw/EMU.EMUIRN/160512","2026-08-10","1788–1900","Tokens","Metal"
"160504","2008.0039.0125","Convict love token from Thomas Burbury, 1832","Convict love tokens","Timothy Millett collection","Timothy Millett collection","Metal - non specific","1832","","","","","","","https://collectionsearch.nma.gov.au/s/hw/EMU.EMUIRN/160504","2026-08-10","1788–1900","Tokens","Metal"
"160503","2008.0039.0124","Convict love token from Thomas Burbury, 1832","Convict love tokens","Timothy Millett collection","Timothy Millett collection","Metal - non specific","1832","","","","","","","https://collectionsearch.nma.gov.au/s/hw/EMU.EMUIRN/160503","2025-09-03","1788–1900","Tokens","Metal"
"160520","2008.0039.0139","Convict love token from W. Williams, 1832","Convict love tokens","Timothy Millett collection","Timothy Millett collection","Metal - non specific","1832","","","","","","","https://collectionsearch.nma.gov.au/s/hw/EMU.EMUIRN/160520","2026-08-10","1788–1900","Tokens","Metal"
"160505","2008.0039.0126","Convict love token from William Hancock, 1832","Convict love tokens","Timothy Millett collection","Timothy Millett collection","Metal - non specific","1832","","","","","","","https://collectionsearch.nma.gov.au/s/hw/EMU.EMUIRN/160505","2026-08-10","1788–1900","Tokens","Metal"
"160508","2008.0039.0129","Convict love token from William Kennedy, 1832","Convict love tokens","Timothy Millett collection","Timothy Millett collection","Metal - non specific","1832","","","","","","","https://collectionsearch.nma.gov.au/s/hw/EMU.EMUIRN/160508","2026-08-10","1788–1900","Tokens","Metal"
"120153","2005.0005.1427","The Penny Magazine of the Society for the Diffusion of Useful Knowledge 1832","Magazines","Springfield - Faithfull Family collection","Springfield - Faithfull Family collection","","1832","Date of publication","","","","","","https://collectionsearch.nma.gov.au/s/hw/EMU.EMUIRN/120153","2026-09-08","1788–1900","Other","Unspecified"
"161195","2008.0039.0149","Convict love token engraved with the initials R.T. and C.S., 1833","Convict love tokens","Timothy Millett collection","Timothy Millett collection","Metal - non specific","1833","","","","","","","https://collectionsearch.nma.gov.au/s/hw/EMU.EMUIRN/161195","2026-08-10","1788–1900","Tokens","Metal"
"163664","2008.0039.0306","Convict love token from Charles Fry, 1833","Convict love tokens","Timothy Millett collection","Timothy Millett collection","Metal - non specific","1833","","","","","","","https://collectionsearch.nma.gov.au/s/hw/EMU.EMUIRN/163664","2025-02-23","1788–1900","Tokens","Metal"
"161191","2008.0039.0145","Convict love token from D. Greenfield, 1833","Convict love tokens","Timothy Millett collection","Timothy Millett collection","Metal - non specific","1833","","","","","","","https://collectionsearch.nma.gov.au/s/hw/EMU.EMUIRN/161191","2026-08-10","1788–1900","Tokens","Metal"
"161188","2008.0039.0142","Convict love token from Daniel Bates, 1833","Convict love tokens","Timothy Millett collection","Timothy Millett collection","Metal - non specific","1833","","","","","","","https://collectionsearch.nma.gov.au/s/hw/EMU.EMUIRN/161188","2026-08-10","1788–1900","Tokens","Metal"
"161190","2008.0039.0144","Convict love token from Dennis Greenfield, 1833","Convict love tokens","Timothy Millett collection","Timothy Millett collection","Metal - non specific","1833","","","","","","","https://collectionsearch.nma.gov.au/s/hw/EMU.EMUIRN/161190","2026-08-10","1788–1900","Tokens","Metal"
"161192","2008.0039.0146","Convict love token from J. Haley, 1833","Convict love tokens","Timothy Millett collection","Timothy Millett collection","Metal - non specific","1833","","","","","","","https://collectionsearch.nma.gov.au/s/hw/EMU.EMUIRN/161192","2026-08-10","1788–1900","Tokens","Metal"
"161189","2008.0039.0143","Convict love token from James Duffield, 1833","Convict love tokens","Timothy Millett collection","Timothy Millett collection","Metal - non specific","1833","","","","","","","https://collectionsearch.nma.gov.au/s/hw/EMU.EMUIRN/161189","2026-08-10","1788–1900","Tokens","Metal"
"161193","2008.0039.0147","Convict love token from Joseph Hemming, 1833","Convict love tokens","Timothy Millett collection","Timothy Millett collection","Metal - non specific","1833","","","","","","","https://collectionsearch.nma.gov.au/s/hw/EMU.EMUIRN/161193","2026-08-10","1788–1900","Tokens","Metal"
"161194","2008.0039.0148","Convict love token from Joseph Kelf, 1833","Convict love tokens","Timothy Millett collection","Timothy Millett collection","Metal - non specific","1833","","","","","","","https://collectionsearch.nma.gov.au/s/hw/EMU.EMUIRN/161194","2026-08-10","1788–1900","Tokens","Metal"
"161187","2008.0039.0141","Convict love token from Thomas Alsop, 1833","Convict love tokens","Timothy Millett collection","Timothy Millett collection","Metal - non specific","1833","","","","","","","https://collectionsearch.nma.gov.au/s/hw/EMU.EMUIRN/161187","2026-08-10","1788–1900","Tokens","Metal"
"75371","2005.0005.0576","The Penny Magazine 1833","Magazines","Springfield - Faithfull Family collection","Springfield - Faithfull Family collection","","1833","Date of publication","","","","","","https://collectionsearch.nma.gov.au/s/hw/EMU.EMUIRN/75371","2025-02-24","1788–1900","Other","Unspecified"
"120165","2005.0005.1427.011","The Penny Magazine of the Society for the Diffusion of Useful Knowledge, June 1833","Magazines","Springfield - Faithfull Family collection","Springfield - Faithfull Family collection","","1833","","","","","","","https://collectionsearch.nma.gov.au/s/hw/EMU.EMUIRN/120165","2025-02-24","1788–1900","Other","Unspecified"
"161219","2008.0039.0152","Convict love token engraved with the initials G.W., J.W. and W.W., 1834","Convict love tokens","Timothy Millett collection","Timothy Millett collection","Metal - non specific","1834","","","","","","","https://collectionsearch.nma.gov.au/s/hw/EMU.EMUIRN/161219","2025-02-23","1788–1900","Tokens","Metal"
"161221","2008.0039.0154","Convict love token engraved with the names John Hobbs and George Brown, 1834","Convict love tokens","Timothy Millett collection","Timothy Millett collection","Metal - non specific","1834","","","","","","","https://collectionsearch.nma.gov.au/s/hw/EMU.EMUIRN/161221","2025-02-23","1788–1900","Tokens","Metal"
"161217","2008.0039.0151","Convict love token from D. Fleming, 1834","Convict love tokens","Timothy Millett collection","Timothy Millett collection","Metal - non specific","1834","","","","","","","https://collectionsearch.nma.gov.au/s/hw/EMU.EMUIRN/161217","2025-02-23","1788–1900","Tokens","Metal"
"161220","2008.0039.0153","Convict love token from Edward Hawkins, 1834","Convict love tokens","Timothy Millett collection","Timothy Millett collection","Metal - non specific","1834","","","","","","","https://collectionsearch.nma.gov.au/s/hw/EMU.EMUIRN/161220","2025-02-23","1788–1900","Tokens","Metal"
"161227","2008.0039.0157","Convict love token from Edward Kershaw, 1834","Convict love tokens","Timothy Millett collection","Timothy Millett collection","Metal - non specific","1834","","","","","","","https://collectionsearch.nma.gov.au/s/hw/EMU.EMUIRN/161227","2025-09-03","1788–1900","Tokens","Metal"
"161225","2008.0039.0156","Convict love token from H. Honey, 1834","Convict love tokens","Timothy Millett collection","Timothy Millett collection","Metal - non specific","1834","","","","","","","https://collectionsearch.nma.gov.au/s/hw/EMU.EMUIRN/161225","2025-02-23","1788–1900","Tokens","Metal"
"161638","2008.0039.0160","Convict love token from H. Rye, 1834","Convict love tokens","Timothy Millett collection","Timothy Millett collection","Metal - non specific","1834","","","","","","","https://collectionsearch.nma.gov.au/s/hw/EMU.EMUIRN/161638","2025-02-23","1788–1900","Tokens","Metal"
"161216","2008.0039.0150","Convict love token from James Farley, 1834","Convict love tokens","Timothy Millett collection","Timothy Millett collection","Metal - non specific","1834","","","","","","","https://collectionsearch.nma.gov.au/s/hw/EMU.EMUIRN/161216","2026-08-10","1788–1900","Tokens","Metal"
"161639","2008.0039.0161","Convict love token from Josh Smale, 1834","Convict love tokens","Timothy Millett collection","Timothy Millett collection","Metal - non specific","1834","","","","","","","https://collectionsearch.nma.gov.au/s/hw/EMU.EMUIRN/161639","2025-09-03","1788–1900","Tokens","Metal"
"161223","2008.0039.0155","Convict love token from R Hoklay, 1834","Convict love tokens","Timothy Millett collection","Timothy Millett collection","Metal - non specific","1834","","","","","","","https://collectionsearch.nma.gov.au/s/hw/EMU.EMUIRN/161223","2025-09-03","1788–1900","Tokens","Metal"
"161641","2008.0039.0163","Convict love token from R. Turner, 1834","Convict love tokens","Timothy Millett collection","Timothy Millett collection","Metal - non specific","1834","","","","","","","https://collectionsearch.nma.gov.au/s/hw/EMU.EMUIRN/161641","2025-02-23","1788–1900","Tokens","Metal"
"161229","2008.0039.0158","Convict love token from T. Lucas, 1834","Convict love tokens","Timothy Millett collection","Timothy Millett collection","Metal - non specific","1834","","","","","","","https://collectionsearch.nma.gov.au/s/hw/EMU.EMUIRN/161229","2025-09-03","1788–1900","Tokens","Metal"
"161640","2008.0039.0162","Convict love token from W. Taylor, 1834","Convict love tokens","Timothy Millett collection","Timothy Millett collection","Metal - non specific","1834","","","","","","","https://collectionsearch.nma.gov.au/s/hw/EMU.EMUIRN/161640","2025-06-20","1788–1900","Tokens","Metal"
"161231","2008.0039.0159","Convict love token from William Maddox, 1834","Convict love tokens","Timothy Millett collection","Timothy Millett collection","Metal - non specific","1834","","","","","","","https://collectionsearch.nma.gov.au/s/hw/EMU.EMUIRN/161231","2025-06-20","1788–1900","Tokens","Metal"
"162018","2008.0039.0171","Convict love token engraved with the names J. Kelly and C. Underwood, 1835","Convict love tokens","Timothy Millett collection","Timothy Millett collection","Metal - non specific","1835","","","","","","","https://collectionsearch.nma.gov.au/s/hw/EMU.EMUIRN/162018","2025-02-23","1788–1900","Tokens","Metal"
"162019","2008.0039.0172","Convict love token engraved with the names J. Lea and M.A. Johnson, 1835","Convict love tokens","Timothy Millett collection","Timothy Millett collection","Metal - non specific","1835","","","","","","","https://collectionsearch.nma.gov.au/s/hw/EMU.EMUIRN/162019","2025-02-23","1788–1900","Tokens","Metal"
"161648","2008.0039.0169","Convict love token engraved with the names M. Walker and E. Jefferys, 1835","Convict love tokens","Timothy Millett collection","Timothy Millett collection","Metal - non specific","1835","","","","","","","https://collectionsearch.nma.gov.au/s/hw/EMU.EMUIRN/161648","2025-02-23","1788–1900","Tokens","Metal"
"161646","2008.0039.0167","Convict love token from D. Frazier, 1835","Convict love tokens","Timothy Millett collection","Timothy Millett collection","Metal - non specific","1835","","","","","","","https://collectionsearch.nma.gov.au/s/hw/EMU.EMUIRN/161646","2025-02-23","1788–1900","Tokens","Metal"
"162022","2008.0039.0174","Convict love token from G. Poulton, 1835","Convict love tokens","Timothy Millett collection","Timothy Millett collection","Metal - non specific","1835","","","","","","","https://collectionsearch.nma.gov.au/s/hw/EMU.EMUIRN/162022","2025-09-03","1788–1900","Tokens","Metal"
"161644","2008.0039.0166","Convict love token from J. Dunham, 1835","Convict love tokens","Timothy Millett collection","Timothy Millett collection","Metal - non specific","1835","","","","","","","https://collectionsearch.nma.gov.au/s/hw/EMU.EMUIRN/161644","2025-09-03","1788–1900","Tokens","Metal"
"161642","2008.0039.0164","Convict love token from John Bryan, 1835","Convict love tokens","Timothy Millett collection","Timothy Millett collection","Metal - non specific","1835","","","","","","","https://collectionsearch.nma.gov.au/s/hw/EMU.EMUIRN/161642","2025-06-20","1788–1900","Tokens","Metal"
"161647","2008.0039.0168","Convict love token from John Honell, 1835","Convict love tokens","Timothy Millett collection","Timothy Millett collection","Metal - non specific","1835","","","","","","","https://collectionsearch.nma.gov.au/s/hw/EMU.EMUIRN/161647","2025-02-23","1788–1900","Tokens","Metal"
"162023","2008.0039.0175","Convict love token from P. Sanders, 1835","Convict love tokens","Timothy Millett collection","Timothy Millett collection","Metal - non specific","1835","Content created","","","","","","https://collectionsearch.nma.gov.au/s/hw/EMU.EMUIRN/162023","2025-09-03","1788–1900","Tokens","Metal"
"162017","2008.0039.0170","Convict love token from T. Jones, 1835","Convict love tokens","Timothy Millett collection","Timothy Millett collection","Metal - non specific","1835","","","","","","","https://collectionsearch.nma.gov.au/s/hw/EMU.EMUIRN/162017","2025-02-23","1788–1900","Tokens","Metal"
"162021","2008.0039.0173","Convict love token from W.R. McKay, 1835","Convict love tokens","Timothy Millett collection","Timothy Millett collection","Metal - non specific","1835","","","","","","","https://collectionsearch.nma.gov.au/s/hw/EMU.EMUIRN/162021","2025-02-23","1788–1900","Tokens","Metal"
"161643","2008.0039.0165","Convict love token from William Coulson, 1835","Convict love tokens","Timothy Millett collection","Timothy Millett collection","Metal - non specific","1835","","","","","","","https://collectionsearch.nma.gov.au/s/hw/EMU.EMUIRN/161643","2025-02-23","1788–1900","Tokens","Metal"
"162029","2008.0039.0181","Convict love token - Mary Wicks and Thomas Linsdale, 1836","Convict love tokens","Timothy Millett collection","Timothy Millett collection","Metal - non specific","1836","","","","","","","https://collectionsearch.nma.gov.au/s/hw/EMU.EMUIRN/162029","2025-02-23","1788–1900","Tokens","Metal"
"162048","2008.0039.0186","Convict love token from Charles Williams, 1836","Convict love tokens","Timothy Millett collection","Timothy Millett collection","Metal - non specific","1836","","","","","","","https://collectionsearch.nma.gov.au/s/hw/EMU.EMUIRN/162048","2025-02-23","1788–1900","Tokens","Metal"
"162042","2008.0039.0183","Convict love token from David Odwell, 1836","Convict love tokens","Timothy Millett collection","Timothy Millett collection","Metal - non specific","1836","","","","","","","https://collectionsearch.nma.gov.au/s/hw/EMU.EMUIRN/162042","2025-09-03","1788–1900","Tokens","Metal"
"163669","2008.0039.0311","Convict love token from Ed Bowen, 1836","Convict love tokens","Timothy Millett collection","Timothy Millett collection","Metal - non specific","1836","","","","","","","https://collectionsearch.nma.gov.au/s/hw/EMU.EMUIRN/163669","2026-08-10","1788–1900","Tokens","Metal"
"162024","2008.0039.0176","Convict love token from G. Coats, 1836","Convict love tokens","Timothy Millett collection","Timothy Millett collection","Metal - non specific","1836","","","","","","","https://collectionsearch.nma.gov.au/s/hw/EMU.EMUIRN/162024","2025-02-23","1788–1900","Tokens","Metal"
"162026","2008.0039.0178","Convict love token from H.S., 1836","Convict love tokens","Timothy Millett collection","Timothy Millett collection","Metal - non specific","1836","","","","","","","https://collectionsearch.nma.gov.au/s/hw/EMU.EMUIRN/162026","2025-02-23","1788–1900","Tokens","Metal"
"162025","2008.0039.0177","Convict love token from J. Hall, 1836","Convict love tokens","Timothy Millett collection","Timothy Millett collection","Metal - non specific","1836","","","","","","","https://collectionsearch.nma.gov.au/s/hw/EMU.EMUIRN/162025","2025-02-23","1788–1900","Tokens","Metal"
"162043","2008.0039.0184","Convict love token from James Pratt, 1836","Convict love tokens","Timothy Millett collection","Timothy Millett collection","Metal - non specific","1836","","","","","","","https://collectionsearch.nma.gov.au/s/hw/EMU.EMUIRN/162043","2025-02-23","1788–1900","Tokens","Metal"
"162027","2008.0039.0179","Convict love token from John, 1836","Convict love tokens","Timothy Millett collection","Timothy Millett collection","Metal - non specific","1836","","","","","","","https://collectionsearch.nma.gov.au/s/hw/EMU.EMUIRN/162027","2025-02-23","1788–1900","Tokens","Metal"
"162051","2008.0039.0187","Convict love token from June 6th 1836","Convict love tokens","Timothy Millett collection","Timothy Millett collection","Metal - non specific","1836","","","","","","","https://collectionsearch.nma.gov.au/s/hw/EMU.EMUIRN/162051","2026-06-26","1788–1900","Tokens","Metal"
"162045","2008.0039.0185","Convict love token from Paul Stieney, 1836","Convict love tokens","Timothy Millett collection","Timothy Millett collection","Metal - non specific","1836","","","","","","","https://collectionsearch.nma.gov.au/s/hw/EMU.EMUIRN/162045","2025-06-20","1788–1900","Tokens","Metal"
"162032","2008.0039.0182","Convict love token from Peter Martin, 1836","Convict love tokens","Timothy Millett collection","Timothy Millett collection","Metal - non specific","1836","","","","","","","https://collectionsearch.nma.gov.au/s/hw/EMU.EMUIRN/162032","2025-02-23","1788–1900","Tokens","Metal"
"162028","2008.0039.0180","Convict love token from Walter Jones, 1836","Convict love tokens","Timothy Millett collection","Timothy Millett collection","Metal - non specific","1836","","","","","","","https://collectionsearch.nma.gov.au/s/hw/EMU.EMUIRN/162028","2025-06-20","1788–1900","Tokens","Metal"
"260923","2019.0024.0001.006","Silver London Society of Arts and Manufacturers medal for discovery of sand, 1836","Medals","James King collection","Other Collections","Glass; Metal - non specific; Silver","1836","","London, England","","International","","","https://collectionsearch.nma.gov.au/s/hw/EMU.EMUIRN/260923","2025-02-17","1788–1900","Medals","Metal"
"162107","2008.0039.0192","Convict love token from Henry Stanley, 1837","Convict love tokens","Timothy Millett collection","Timothy Millett collection","Metal - non specific","1837","","","","","","","https://collectionsearch.nma.gov.au/s/hw/EMU.EMUIRN/162107","2025-02-23","1788–1900","Tokens","Metal"
"162054","2008.0039.0188","Convict love token from J. Gollar, 1837","Convict love tokens","Timothy Millett collection","Timothy Millett collection","Metal - non specific","1837","","","","","","","https://collectionsearch.nma.gov.au/s/hw/EMU.EMUIRN/162054","2025-06-20","1788–1900","Tokens","Metal"
"162056","2008.0039.0189","Convict love token from J.F., 1837","Convict love tokens","Timothy Millett collection","Timothy Millett collection","Metal - non specific","1837","","","","","","","https://collectionsearch.nma.gov.au/s/hw/EMU.EMUIRN/162056","2025-02-23","1788–1900","Tokens","Metal"
"162106","2008.0039.0191","Convict love token from John Parker, 1837","Convict love tokens","Timothy Millett collection","Timothy Millett collection","Metal - non specific","1837","","","","","","","https://collectionsearch.nma.gov.au/s/hw/EMU.EMUIRN/162106","2025-02-23","1788–1900","Tokens","Metal"
"162105","2008.0039.0190","Convict love token from R. Myers, 1837","Convict love tokens","Timothy Millett collection","Timothy Millett collection","Metal - non specific","1837","","","","","","","https://collectionsearch.nma.gov.au/s/hw/EMU.EMUIRN/162105","2025-02-23","1788–1900","Tokens","Metal"
"162108","2008.0039.0193","Convict love token from W.G., 1837","Convict love tokens","Timothy Millett collection","Timothy Millett collection","Metal - non specific","1837","","","","","","","https://collectionsearch.nma.gov.au/s/hw/EMU.EMUIRN/162108","2025-02-23","1788–1900","Tokens","Metal"
"162597","2008.0039.0204","Convict love token engraved to Ann Cartwright, 1838","Convict love tokens","Timothy Millett collection","Timothy Millett collection","Metal - non specific","1838","","","","","","","https://collectionsearch.nma.gov.au/s/hw/EMU.EMUIRN/162597","2025-02-23","1788–1900","Tokens","Metal"
"162585","2008.0039.0200","Convict love token engraved with the names Richard Painter and Abel Deeley, 1838","Convict love tokens","Timothy Millett collection","Timothy Millett collection","Metal - non specific","1838","","","","","","","https://collectionsearch.nma.gov.au/s/hw/EMU.EMUIRN/162585","2025-02-23","1788–1900","Tokens","Metal"
"162587","2008.0039.0202","Convict love token from Henry [G]Willims, 1838","Convict love tokens","Timothy Millett collection","Timothy Millett collection","Metal - non specific","1838","","","","","","","https://collectionsearch.nma.gov.au/s/hw/EMU.EMUIRN/162587","2025-02-23","1788–1900","Tokens","Metal"
"162114","2008.0039.0199","Convict love token from J.M., 1838","Convict love tokens","Timothy Millett collection","Timothy Millett collection","Metal - non specific","1838","","","","","","","https://collectionsearch.nma.gov.au/s/hw/EMU.EMUIRN/162114","2025-09-03","1788–1900","Tokens","Metal"
"162110","2008.0039.0195","Convict love token from James Talbot, 1838","Convict love tokens","Timothy Millett collection","Timothy Millett collection","Metal - non specific","1838","","","","","","","https://collectionsearch.nma.gov.au/s/hw/EMU.EMUIRN/162110","2025-02-23","1788–1900","Tokens","Metal"
"162586","2008.0039.0201","Convict love token from John Turner, 1838","Convict love tokens","Timothy Millett collection","Timothy Millett collection","Metal - non specific","1838","","","","","","","https://collectionsearch.nma.gov.au/s/hw/EMU.EMUIRN/162586","2025-02-23","1788–1900","Tokens","Metal"
"162113","2008.0039.0198","Convict love token from Robert Dodds, 1838","Convict love tokens","Timothy Millett collection","Timothy Millett collection","Metal - non specific","1838","","","","","","","https://collectionsearch.nma.gov.au/s/hw/EMU.EMUIRN/162113","2025-02-23","1788–1900","Tokens","Metal"
"162588","2008.0039.0203","Convict love token from Thomas Winfield, 1838","Convict love tokens","Timothy Millett collection","Timothy Millett collection","Metal - non specific","1838","","","","","","","https://collectionsearch.nma.gov.au/s/hw/EMU.EMUIRN/162588","2025-02-23","1788–1900","Tokens","Metal"
"162112","2008.0039.0197","Convict love token from Valentine Castings, 1838","Convict love tokens","Timothy Millett collection","Timothy Millett collection","Metal - non specific","1838","","","","","","","https://collectionsearch.nma.gov.au/s/hw/EMU.EMUIRN/162112","2025-02-23","1788–1900","Tokens","Metal"
"162111","2008.0039.0196","Convict love token from William Brain, 1838","Convict love tokens","Timothy Millett collection","Timothy Millett collection","Metal - non specific","1838","","","","","","","https://collectionsearch.nma.gov.au/s/hw/EMU.EMUIRN/162111","2026-06-26","1788–1900","Tokens","Metal"
"162607","2008.0039.0214","Convict love token from Alex D. Senior, 1839","Convict love tokens","Timothy Millett collection","Timothy Millett collection","Metal - non specific","1839","","","","","","","https://collectionsearch.nma.gov.au/s/hw/EMU.EMUIRN/162607","2026-08-10","1788–1900","Tokens","Metal"
"162600","2008.0039.0207","Convict love token from Benjamin Cox, 1839","Convict love tokens","Timothy Millett collection","Timothy Millett collection","Metal - non specific","1839","","","","","","","https://collectionsearch.nma.gov.au/s/hw/EMU.EMUIRN/162600","2026-08-10","1788–1900","Tokens","Metal"
"162606","2008.0039.0213","Convict love token from Henery Parry, 1839","Convict love tokens","Timothy Millett collection","Timothy Millett collection","Metal - non specific","1839","","","","","","","https://collectionsearch.nma.gov.au/s/hw/EMU.EMUIRN/162606","2026-08-10","1788–1900","Tokens","Metal"
"162598","2008.0039.0205","Convict love token from John Bloxidge, 1839","Convict love tokens","Timothy Millett collection","Timothy Millett collection","Metal - non specific","1839","","","","","","","https://collectionsearch.nma.gov.au/s/hw/EMU.EMUIRN/162598","2025-09-03","1788–1900","Tokens","Metal"
"162604","2008.0039.0211","Convict love token from John Haddon, 1839","Convict love tokens","Timothy Millett collection","Timothy Millett collection","Metal - non specific","1839","","","","","","","https://collectionsearch.nma.gov.au/s/hw/EMU.EMUIRN/162604","2026-08-10","1788–1900","Tokens","Metal"
"129582","2007.0050.0003","Convict love token from Samuel Smith, 1839","Convict love tokens","Convict Love Token collection no. 2","Other Collections","Copper","1839","Date made","","","","","","https://collectionsearch.nma.gov.au/s/hw/EMU.EMUIRN/129582","2025-09-03","1788–1900","Tokens","Metal"
"162605","2008.0039.0212","Convict love token from T. Niundy, 1839","Convict love tokens","Timothy Millett collection","Timothy Millett collection","Metal - non specific","1839","","","","","","","https://collectionsearch.nma.gov.au/s/hw/EMU.EMUIRN/162605","2026-08-10","1788–1900","Tokens","Metal"
"162599","2008.0039.0206","Convict love token from William Clark, 1839","Convict love tokens","Timothy Millett collection","Timothy Millett collection","Metal - non specific","1839","","","","","","","https://collectionsearch.nma.gov.au/s/hw/EMU.EMUIRN/162599","2026-08-10","1788–1900","Tokens","Metal"
"236727","2015.0052.0001","Midland Agricultural Association, William Thornhill, 2 October 1839","Medals","Midland Agricultural Association collection","Other Collections","Metal - non specific","1839","Date of issue","Campbell Town, Tasmania, Australia","Tasmania","Australia","-41.9289","147.493","https://collectionsearch.nma.gov.au/s/hw/EMU.EMUIRN/236727","2025-02-17","1788–1900","Medals","Metal"
"162615","2008.0039.0216","Convict love token from Charles Bodycoat, 1840","Convict love tokens","Timothy Millett collection","Timothy Millett collection","Metal - non specific","1840","","","","","","","https://collectionsearch.nma.gov.au/s/hw/EMU.EMUIRN/162615","2026-08-10","1788–1900","Tokens","Metal"
"162614","2008.0039.0215","Convict love token from Fredrick Bloodswort, 1840","Convict love tokens","Timothy Millett collection","Timothy Millett collection","Metal - non specific","1840","","","","","","","https://collectionsearch.nma.gov.au/s/hw/EMU.EMUIRN/162614","2026-08-10","1788–1900","Tokens","Metal"
"162622","2008.0039.0219","Convict love token from George West, 1840","Convict love tokens","Timothy Millett collection","Timothy Millett collection","Metal - non specific","1840","","","","","","","https://collectionsearch.nma.gov.au/s/hw/EMU.EMUIRN/162622","2026-08-10","1788–1900","Tokens","Metal"
"162618","2008.0039.0217","Convict love token from James Hurtle [or Hartle], 1840","Convict love tokens","Timothy Millett collection","Timothy Millett collection","Metal - non specific","1840","","","","","","","https://collectionsearch.nma.gov.au/s/hw/EMU.EMUIRN/162618","2026-08-10","1788–1900","Tokens","Metal"
"162619","2008.0039.0218","Convict love token from M. Lang, 1840","Convict love tokens","Timothy Millett collection","Timothy Millett collection","Metal - non specific","1840","","","","","","","https://collectionsearch.nma.gov.au/s/hw/EMU.EMUIRN/162619","2026-08-10","1788–1900","Tokens","Metal"
"162646","2008.0039.0222","Convict love token from G. Johnson, 1841","Convict love tokens","Timothy Millett collection","Timothy Millett collection","Metal - non specific","1841","","","","","","","https://collectionsearch.nma.gov.au/s/hw/EMU.EMUIRN/162646","2026-08-10","1788–1900","Tokens","Metal"
"162644","2008.0039.0220","Convict love token from Issac Farrow, 1841","Convict love tokens","Timothy Millett collection","Timothy Millett collection","Metal - non specific","1841","","","","","","","https://collectionsearch.nma.gov.au/s/hw/EMU.EMUIRN/162644","2026-08-10","1788–1900","Tokens","Metal"
"162647","2008.0039.0224","Convict love token from Michal Newby, 1841","Convict love tokens","Timothy Millett collection","Timothy Millett collection","Metal - non specific","1841","","","","","","","https://collectionsearch.nma.gov.au/s/hw/EMU.EMUIRN/162647","2026-08-10","1788–1900","Tokens","Metal"
"162649","2008.0039.0225","Convict love token from Robert Salmon, 1841","Convict love tokens","Timothy Millett collection","Timothy Millett collection","Metal - non specific","1841","","","","","","","https://collectionsearch.nma.gov.au/s/hw/EMU.EMUIRN/162649","2026-08-10","1788–1900","Tokens","Metal"
"162648","2008.0039.0223","Convict love token from S. P[almer?], 1841","Convict love tokens","Timothy Millett collection","Timothy Millett collection","Metal - non specific","1841","","","","","","","https://collectionsearch.nma.gov.au/s/hw/EMU.EMUIRN/162648","2026-08-10","1788–1900","Tokens","Metal"
"162645","2008.0039.0221","Convict love token from Thomas Harris, 1841","Convict love tokens","Timothy Millett collection","Timothy Millett collection","Metal - non specific","1841","","","","","","","https://collectionsearch.nma.gov.au/s/hw/EMU.EMUIRN/162645","2026-08-10","1788–1900","Tokens","Metal"
"162650","2008.0039.0226","Convict love token to Sarah Wassell, 1841","Convict love tokens","Timothy Millett collection","Timothy Millett collection","Metal - non specific","1841","","","","","","","https://collectionsearch.nma.gov.au/s/hw/EMU.EMUIRN/162650","2026-08-10","1788–1900","Tokens","Metal"
"162652","2008.0039.0228","Convict love token from H.V., 1842","Convict love tokens","Timothy Millett collection","Timothy Millett collection","Metal - non specific","1842","","","","","","","https://collectionsearch.nma.gov.au/s/hw/EMU.EMUIRN/162652","2026-08-10","1788–1900","Tokens","Metal"
"162651","2008.0039.0227","Convict love token from J. Bailey, 1842","Convict love tokens","Timothy Millett collection","Timothy Millett collection","Metal - non specific","1842","","","","","","","https://collectionsearch.nma.gov.au/s/hw/EMU.EMUIRN/162651","2026-08-10","1788–1900","Tokens","Metal"
"162653","2008.0039.0229","Convict love token from John Warnes, 1842","Convict love tokens","Timothy Millett collection","Timothy Millett collection","Metal - non specific","1842","","","","","","","https://collectionsearch.nma.gov.au/s/hw/EMU.EMUIRN/162653","2025-09-03","1788–1900","Tokens","Metal"
"162685","2008.0039.0236","Convict love token from C. Perkins., 1843","Convict love tokens","Timothy Millett collection","Timothy Millett collection","Metal - non specific","1843","","","","","","","https://collectionsearch.nma.gov.au/s/hw/EMU.EMUIRN/162685","2025-09-03","1788–1900","Tokens","Metal"
"162677","2008.0039.0230","Convict love token from G. Barker, 1843","Convict love tokens","Timothy Millett collection","Timothy Millett collection","Metal - non specific","1843","","","","","","","https://collectionsearch.nma.gov.au/s/hw/EMU.EMUIRN/162677","2026-08-10","1788–1900","Tokens","Metal"
"162683","2008.0039.0234","Convict love token from I.B., 1843","Convict love tokens","Timothy Millett collection","Timothy Millett collection","Metal - non specific","1843","","","","","","","https://collectionsearch.nma.gov.au/s/hw/EMU.EMUIRN/162683","2026-08-10","1788–1900","Tokens","Metal"
"162678","2008.0039.0231","Convict love token from Robert Bridges, 1843","Convict love tokens","Timothy Millett collection","Timothy Millett collection","Metal - non specific","1843","","","","","","","https://collectionsearch.nma.gov.au/s/hw/EMU.EMUIRN/162678","2026-08-10","1788–1900","Tokens","Metal"
"162680","2008.0039.0232","Convict love token from Thomas Freeman, 1843","Convict love tokens","Timothy Millett collection","Timothy Millett collection","Metal - non specific","1843","","","","","","","https://collectionsearch.nma.gov.au/s/hw/EMU.EMUIRN/162680","2026-08-10","1788–1900","Tokens","Metal"
"162684","2008.0039.0235","Convict love token from W. Mollet., 1843","Convict love tokens","Timothy Millett collection","Timothy Millett collection","Metal - non specific","1843","","","","","","","https://collectionsearch.nma.gov.au/s/hw/EMU.EMUIRN/162684","2026-08-10","1788–1900","Tokens","Metal"
"162681","2008.0039.0233","Convict love token from William Harris, 1843","Convict love tokens","Timothy Millett collection","Timothy Millett collection","Metal - non specific","1843","","","","","","","https://collectionsearch.nma.gov.au/s/hw/EMU.EMUIRN/162681","2026-08-10","1788–1900","Tokens","Metal"
"162686","2008.0039.0237","Convict love token from William., 1843","Convict love tokens","Timothy Millett collection","Timothy Millett collection","Metal - non specific","1843","","","","","","","https://collectionsearch.nma.gov.au/s/hw/EMU.EMUIRN/162686","2026-08-10","1788–1900","Tokens","Metal"
"129585","2007.0050.0004","Convict love token 1844","Convict love tokens","Convict Love Token collection no. 2","Other Collections","Metal - non specific","1844","Date made","","","","","","https://collectionsearch.nma.gov.au/s/hw/EMU.EMUIRN/129585","2026-08-10","1788–1900","Tokens","Metal"
"162687","2008.0039.0238","Convict love token from C. Allen., 1844","Convict love tokens","Timothy Millett collection","Timothy Millett collection","Metal - non specific","1844","","","","","","","https://collectionsearch.nma.gov.au/s/hw/EMU.EMUIRN/162687","2026-08-10","1788–1900","Tokens","Metal"
"162743","2008.0039.0245","Convict love token from Charles Waldron, 1844","Convict love tokens","Timothy Millett collection","Timothy Millett collection","Metal - non specific","1844","","","","","","","https://collectionsearch.nma.gov.au/s/hw/EMU.EMUIRN/162743","2026-08-10","1788–1900","Tokens","Metal"
"162688","2008.0039.0239","Convict love token from H. Flood., 1844","Convict love tokens","Timothy Millett collection","Timothy Millett collection","Metal - non specific","1844","","","","","","","https://collectionsearch.nma.gov.au/s/hw/EMU.EMUIRN/162688","2026-08-10","1788–1900","Tokens","Metal"
"162740","2008.0039.0242","Convict love token from J. Mann, 1844","Convict love tokens","Timothy Millett collection","Timothy Millett collection","Metal - non specific","1844","","","","","","","https://collectionsearch.nma.gov.au/s/hw/EMU.EMUIRN/162740","2026-08-03","1788–1900","Tokens","Metal"
"162741","2008.0039.0243","Convict love token from J. Parker, 1844","Convict love tokens","Timothy Millett collection","Timothy Millett collection","Metal - non specific","1844","","","","","","","https://collectionsearch.nma.gov.au/s/hw/EMU.EMUIRN/162741","2025-02-23","1788–1900","Tokens","Metal"
"162738","2008.0039.0240","Convict love token from S. Hart, 1844","Convict love tokens","Timothy Millett collection","Timothy Millett collection","Metal - non specific","1844","","","","","","","https://collectionsearch.nma.gov.au/s/hw/EMU.EMUIRN/162738","2026-08-10","1788–1900","Tokens","Metal"
"162742","2008.0039.0244","Convict love token from Thomas Smith, 1844","Convict love tokens","Timothy Millett collection","Timothy Millett collection","Metal - non specific","1844","","","","","","","https://collectionsearch.nma.gov.au/s/hw/EMU.EMUIRN/162742","2026-08-10","1788–1900","Tokens","Metal"
"162739","2008.0039.0241","Convict love token from William Holmes, 1844","Convict love tokens","Timothy Millett collection","Timothy Millett collection","Metal - non specific","1844","","","","","","","https://collectionsearch.nma.gov.au/s/hw/EMU.EMUIRN/162739","2026-08-10","1788–1900","Tokens","Metal"
"162745","2008.0039.0247","Convict love token from Henry Teague, 1845","Convict love tokens","Timothy Millett collection","Timothy Millett collection","Metal - non specific","1845","","","","","","","https://collectionsearch.nma.gov.au/s/hw/EMU.EMUIRN/162745","2026-08-10","1788–1900","Tokens","Metal"
"162744","2008.0039.0246","Convict love token from Joseph Taylor, 1845","Convict love tokens","Timothy Millett collection","Timothy Millett collection","Metal - non specific","1845","","","","","","","https://collectionsearch.nma.gov.au/s/hw/EMU.EMUIRN/162744","2026-08-10","1788–1900","Tokens","Metal"
"162764","2008.0039.0250","Convict love token engraved with the initials T.P. and M.F., 1846","Convict love tokens","Timothy Millett collection","Timothy Millett collection","Metal - non specific","1846","","","","","","","https://collectionsearch.nma.gov.au/s/hw/EMU.EMUIRN/162764","2025-06-20","1788–1900","Tokens","Metal"
"162747","2008.0039.0248","Convict love token from James Brecknell, 1846","Convict love tokens","Timothy Millett collection","Timothy Millett collection","Metal - non specific","1846","","","","","","","https://collectionsearch.nma.gov.au/s/hw/EMU.EMUIRN/162747","2026-08-10","1788–1900","Tokens","Metal"
"162748","2008.0039.0249","Convict love token from John Roulston, 1846","Convict love tokens","Timothy Millett collection","Timothy Millett collection","Metal - non specific","1846","","","","","","","https://collectionsearch.nma.gov.au/s/hw/EMU.EMUIRN/162748","2026-08-10","1788–1900","Tokens","Metal"
"77181","2005.0027.0001","Sutlej Medal 1845-46 with clasps SOBRAON and FEROZESHUHUR, issued to Major James Winniett Nunn, 80th Regiment, British Army","Military medals","Major James Nunn's Sutlej Medal collection","Other Collections","Silver; Textile - non specific","1846","Date made","England, United Kingdom; India","","International","52.435","-1.6772","https://collectionsearch.nma.gov.au/s/hw/EMU.EMUIRN/77181","2025-02-17","1788–1900","Medals","Metal"
"162768","2008.0039.0253","Convict love token engraved with the name Mary Jones, 1848","Convict love tokens","Timothy Millett collection","Timothy Millett collection","Metal - non specific","1848","","","","","","","https://collectionsearch.nma.gov.au/s/hw/EMU.EMUIRN/162768","2026-08-10","1788–1900","Tokens","Metal"
"162767","2008.0039.0252","Convict love token from Maria Hunt, 1848","Convict love tokens","Timothy Millett collection","Timothy Millett collection","Metal - non specific","1848","","","","","","","https://collectionsearch.nma.gov.au/s/hw/EMU.EMUIRN/162767","2026-08-10","1788–1900","Tokens","Metal"
"162765","2008.0039.0251","Convict love token from Robert Francis, 1848","Convict love tokens","Timothy Millett collection","Timothy Millett collection","Metal - non specific","1848","","","","","","","https://collectionsearch.nma.gov.au/s/hw/EMU.EMUIRN/162765","2026-08-10","1788–1900","Tokens","Metal"
"162769","2008.0039.0254","Convict love token from Charles Betts, 1849","Convict love tokens","Timothy Millett collection","Timothy Millett collection","Metal - non specific","1849","","","","","","","https://collectionsearch.nma.gov.au/s/hw/EMU.EMUIRN/162769","2026-08-10","1788–1900","Tokens","Metal"
"162770","2008.0039.0255","Convict love token from James Clarke, 1849","Convict love tokens","Timothy Millett collection","Timothy Millett collection","Metal - non specific","1849","","","","","","","https://collectionsearch.nma.gov.au/s/hw/EMU.EMUIRN/162770","2026-08-10","1788–1900","Tokens","Metal"
"162791","2008.0039.0256","Convict love token from Richard Kedge, 1849","Convict love tokens","Timothy Millett collection","Timothy Millett collection","Metal - non specific","1849","","","","","","","https://collectionsearch.nma.gov.au/s/hw/EMU.EMUIRN/162791","2026-08-10","1788–1900","Tokens","Metal"
"74495","2005.0005.0082","Kid leather flat pair of ladies shoes with bow decoration","Court shoes","Springfield - Faithfull Family collection","Springfield - Faithfull Family collection","","1850","","","","","","","https://collectionsearch.nma.gov.au/s/hw/EMU.EMUIRN/74495","2026-09-08","1788–1900","Other","Unspecified"
"260922","2019.0024.0001.004","Gold Australasian Botanic and Horticultural Society medal for Champagne 1850","Medals","James King collection","Other Collections","Glass; Gold; Metal - non specific","1850","","","","","","","https://collectionsearch.nma.gov.au/s/hw/EMU.EMUIRN/260922","2025-02-17","1788–1900","Medals","Metal"
"260921","2019.0024.0001.005","Gold Australasian Botanic and Horticultural Society medal for White Wine 1850","Medals","James King collection","Other Collections","Glass; Gold; Metal - non specific","1850","","","","","","","https://collectionsearch.nma.gov.au/s/hw/EMU.EMUIRN/260921","2025-02-17","1788–1900","Medals","Metal"
"231380","2014.0052.0004","Crocheted money purse, mid 19th c.","Purses","Audrey McBurney collection","Other Collections","Cotton thread; Ink; Metal - non specific; Paper","1850","Date made","","","","","","https://collectionsearch.nma.gov.au/s/hw/EMU.EMUIRN/231380","2025-02-23","1788–1900","Other","Metal"
"110768","2005.0005.0082.002","Brown glace kid leather left shoe with bow decoration on the front","Shoes","Springfield - Faithfull Family collection","Springfield - Faithfull Family collection","Leather","1850","","","","","","","https://collectionsearch.nma.gov.au/s/hw/EMU.EMUIRN/110768","2025-02-24","1788–1900","Other","Other / unclear"
"110767","2005.0005.0082.001","Brown glace kid leather right shoe with bow decoration on the front","Shoes","Springfield - Faithfull Family collection","Springfield - Faithfull Family collection","","1850","","","","","","","https://collectionsearch.nma.gov.au/s/hw/EMU.EMUIRN/110767","2025-02-24","1788–1900","Other","Unspecified"
"233694","2014.0011.0001","Adelaide Pound coin, type 2, 1852","Coins","Adelaide Assay Office collection","Other Collections","Gold","1852","","","","","","","https://collectionsearch.nma.gov.au/s/hw/EMU.EMUIRN/233694","2025-02-17","1788–1900","Coins","Metal"
"219798","2011.0005.0054","Aldinga Annual Ploughing Match 1853 'Best Man'","Medals","David Allen medals collection","David Allen medals collection","Metal - non specific","1853","","","","","","","https://collectionsearch.nma.gov.au/s/hw/EMU.EMUIRN/219798","2025-02-23","1788–1900","Medals","Metal"
"260926","2019.0024.0001.003","Bronze Products of New South Wales 1854 medal from Paris Exhibition","Medals","James King collection","Other Collections","Bronze; Glass","1854","","London, England; Paris, France; Sydney, New South Wales, Australia","New South Wales","Australia","51.5072","-0.1278","https://collectionsearch.nma.gov.au/s/hw/EMU.EMUIRN/260926","2025-02-17","1788–1900","Medals","Metal"
"260925","2019.0024.0001.001","Silver Products of New South Wales 1854 medal from Paris Exhibition","Medals","James King collection","Other Collections","Glass; Metal - non specific; Silver","1854","","London, England; New South Wales, Australia; Paris, France","New South Wales","Australia","51.5072","-0.1278","https://collectionsearch.nma.gov.au/s/hw/EMU.EMUIRN/260925","2025-02-17","1788–1900","Medals","Metal"
"75172","2005.0005.0485","Australian Keepsake 1855.","Commemorative books","Springfield - Faithfull Family collection","Springfield - Faithfull Family collection","Paper","1855","","","","","","","https://collectionsearch.nma.gov.au/s/hw/EMU.EMUIRN/75172","2025-02-24","1788–1900","Other","Paper"
"260927","2019.0024.0001.002","Bronze Exposition Universelle Agriculture, Industrie, Beaux-Arts medal, 1855","Medals","James King collection","Other Collections","Bronze; Glass; Metal - non specific","1855","","New South Wales, Australia; Paris, France","New South Wales","Australia","48.8567","2.3522","https://collectionsearch.nma.gov.au/s/hw/EMU.EMUIRN/260927","2025-02-17","1788–1900","Medals","Metal"
"219985","2011.0005.0093","Victoria Industrial Society 1855 'Sample of Figs'","Medals","David Allen medals collection","David Allen medals collection","Metal - non specific","1855","","","","","","","https://collectionsearch.nma.gov.au/s/hw/EMU.EMUIRN/219985","2025-02-23","1788–1900","Medals","Metal"
"162792","2008.0039.0257","Convict love token from Ned Sims, 1856","Convict love tokens","Timothy Millett collection","Timothy Millett collection","Metal - non specific","1856","","","","","","","https://collectionsearch.nma.gov.au/s/hw/EMU.EMUIRN/162792","2026-08-10","1788–1900","Tokens","Metal"
"260924","2019.0024.0001.007","Silver Society of Arts, Manufactures and Commerce medal for importation of wine, 1856","Medals","James King collection","Other Collections","Glass; Metal - non specific; Silver","1856","","London, England; New South Wales, Australia","New South Wales","Australia","51.5072","-0.1278","https://collectionsearch.nma.gov.au/s/hw/EMU.EMUIRN/260924","2025-02-17","1788–1900","Medals","Metal"
"219858","2011.0005.0016","Port Phillip Farmers Society 1857 'Dairy Cow'","Medals","David Allen medals collection","David Allen medals collection","Metal - non specific","1857","","","","","","","https://collectionsearch.nma.gov.au/s/hw/EMU.EMUIRN/219858","2025-02-23","1788–1900","Medals","Metal"
"233692","2014.0033.0001","Victoria Agricultural Society 1858 'Cape Barley' Mr Bostock","Medals","Victoria Agricultural Society collection","Other Collections","Metal - non specific","1858","","Victoria, Australia","Victoria","Australia","-37.8136","144.9631","https://collectionsearch.nma.gov.au/s/hw/EMU.EMUIRN/233692","2025-02-17","1788–1900","Medals","Metal"
"233691","2014.0033.0003","Victoria Agricultural Society 1858 'Early Potatoes' Robert Laidlaw","Medals","Victoria Agricultural Society collection","Other Collections","Metal - non specific","1858","","Victoria, Australia","Victoria","Australia","-37.8136","144.9631","https://collectionsearch.nma.gov.au/s/hw/EMU.EMUIRN/233691","2025-02-17","1788–1900","Medals","Metal"
"219977","2011.0005.0053","Victoria Agricultural Society 1858 'Kidney Beans'","Medals","David Allen medals collection","David Allen medals collection","Metal - non specific","1858","","","","","","","https://collectionsearch.nma.gov.au/s/hw/EMU.EMUIRN/219977","2025-02-23","1788–1900","Medals","Metal"
"233693","2014.0033.0002","Victoria Agricultural Society 1858 'Oats' Jas Bryden","Medals","Victoria Agricultural Society collection","Other Collections","Metal - non specific","1858","","Victoria, Australia","Victoria","Australia","-37.8136","144.9631","https://collectionsearch.nma.gov.au/s/hw/EMU.EMUIRN/233693","2025-02-17","1788–1900","Medals","Metal"
"219859","2011.0005.0020","Port Phillip Farmers Society 1859 'Hay Cart'","Medals","David Allen medals collection","David Allen medals collection","Metal - non specific","1859","","","","","","","https://collectionsearch.nma.gov.au/s/hw/EMU.EMUIRN/219859","2025-02-23","1788–1900","Medals","Metal"
"116181","2005.0005.1026.001","Lett's Eighteen Penny Diary and Almanack for 1861","Diaries","Springfield - Faithfull Family collection","Springfield - Faithfull Family collection","Leather; Paper","1860","Date of publication","","","","","","https://collectionsearch.nma.gov.au/s/hw/EMU.EMUIRN/116181","2025-02-24","1788–1900","Other","Paper"
"75474","2005.0005.1026","Lett's Eighteen Penny Diary and Almanack for 1861, with pencil","Diaries","Springfield - Faithfull Family collection","Springfield - Faithfull Family collection","Leather; Paper","1860","Date of publication","","","","","","https://collectionsearch.nma.gov.au/s/hw/EMU.EMUIRN/75474","2026-09-08","1788–1900","Other","Paper"
"219860","2011.0005.0027","Port Phillip Farmers Society 1860 'Grass Seed Harrows'","Medals","David Allen medals collection","David Allen medals collection","Metal - non specific","1860","","","","","","","https://collectionsearch.nma.gov.au/s/hw/EMU.EMUIRN/219860","2025-02-23","1788–1900","Medals","Metal"
"71064","2003.0010.0002","One sovereign coin","Sovereigns","Noble Numismatics collection","Other Collections","Gold","1861","Date made","Sydney, New South Wales, Australia","New South Wales","Australia","-33.85","151.2","https://collectionsearch.nma.gov.au/s/hw/EMU.EMUIRN/71064","2026-01-12","1788–1900","Coins","Metal"
"71065","2003.0010.0003","One sovereign coin, 1861","Sovereigns","Noble Numismatics collection","Other Collections","Gold","1861","Date made","Sydney, New South Wales, Australia","New South Wales","Australia","-33.85","151.2","https://collectionsearch.nma.gov.au/s/hw/EMU.EMUIRN/71065","2026-01-12","1788–1900","Coins","Metal"
"71066","2003.0010.0004","One sovereign coin, 1861","Sovereigns","Noble Numismatics collection","Other Collections","Gold","1861","Date made","Sydney, New South Wales, Australia","New South Wales","Australia","-33.85","151.2","https://collectionsearch.nma.gov.au/s/hw/EMU.EMUIRN/71066","2026-01-12","1788–1900","Coins","Metal"
"262214","2020.0002.0172","International Exhibition London 1862 silver medal, Products of Queensland, in brown box","Medals","Trevor Kennedy collection","Other Collections","Leather; Metal - non specific; Paint - non specific; Silver; Textile - non specific; Wood","1862","","","","","","","https://collectionsearch.nma.gov.au/s/hw/EMU.EMUIRN/262214","2026-09-08","1788–1900","Medals","Metal"
"219861","2011.0005.0006","Products of Queensland International Exhibition London 1862","Medals","David Allen medals collection","David Allen medals collection","Metal - non specific","1862","","","","","","","https://collectionsearch.nma.gov.au/s/hw/EMU.EMUIRN/219861","2025-02-23","1788–1900","Medals","Metal"
"71422","2004.0038.0001","Australian cuprous penny trading token","Penny tokens","Trading Token collection","Other Collections","Cuprous metal - non specific","1862","Date of issue","East Melbourne, Melbourne, Victoria, Australia; Sale, Victoria, Australia","Victoria","Australia","-37.8","144.98","https://collectionsearch.nma.gov.au/s/hw/EMU.EMUIRN/71422","2025-02-23","1788–1900","Coins","Metal"
"37219","1988.0058.0001","Silk cloth bearing a printed testimony of admiration to the Campbells for repelling an attack on Goimbla by bushrangers John Gilbert, Ben Hall, and John O'Meally (killed) on 19 November 1863","Commemorative objects","Veda Hope collection","Other Collections","Ink; Silk cloth","1863","Date made","Adelong, New South Wales, Australia; Goimbla Station, Eugowra, New South Wales, Australia","New South Wales","Australia","-35.28","148.05","https://collectionsearch.nma.gov.au/s/hw/EMU.EMUIRN/37219","2025-06-26","1788–1900","Other","Paper"
"71423","2004.0038.0002","Copper halfpenny trading token, Ipswich, 1865","Halfpenny tokens","Trading Token collection","Other Collections","Cuprous metal - non specific","1865","Date made","Ipswich, Queensland, Australia","Queensland","Australia","-27.4705","153.026","https://collectionsearch.nma.gov.au/s/hw/EMU.EMUIRN/71423","2025-02-17","1788–1900","Coins","Metal"
"219958","2011.0005.0083","Seymour Agricultural Association 1866 'Potatoes'","Medals","David Allen medals collection","David Allen medals collection","Metal - non specific","1866","","","","","","","https://collectionsearch.nma.gov.au/s/hw/EMU.EMUIRN/219958","2025-02-23","1788–1900","Medals","Metal"
"75912","2005.0005.0173","Copper tokens and 1866 penny","Tokens","Springfield - Faithfull Family collection","Springfield - Faithfull Family collection","Copper; Paper","1866","","","","","","","https://collectionsearch.nma.gov.au/s/hw/EMU.EMUIRN/75912","2025-02-24","1788–1900","Tokens","Metal"
"232856","2014.0021.0014","Medallion struck to 'Commemorate the visit of HRH Price Alfred, Duke of Edinburgh K.C. to Australia / H.M.S. Galatea / 1867'","Commemorative medallions","David Chaplin Sterry collection","Other Collections","Metal - non specific","1867","","","","","","","https://collectionsearch.nma.gov.au/s/hw/EMU.EMUIRN/232856","2025-02-17","1788–1900","Medals","Metal"
"62155","2002.0021.0102","Souvenir beaker - 125th Anniversary of the Confederation of Canada, 1867-1992, and the Queen's 40th Anniversary of Accession to the Throne, 1952-1992","Commemorative mugs","Cecil Ballard Jnr collection","Cecil Ballard Jnr collection","Bone china","1867","","Canada","","International","","","https://collectionsearch.nma.gov.au/s/hw/EMU.EMUIRN/62155","2026-08-10","1788–1900","Other","Ceramic"
"219960","2011.0005.0081","South Australian Agricultural & Horticultural Society 1867 'Design & Workmanship in Gold'","Medals","David Allen medals collection","David Allen medals collection","Metal - non specific","1867","","","","","","","https://collectionsearch.nma.gov.au/s/hw/EMU.EMUIRN/219960","2025-02-23","1788–1900","Medals","Metal"
"219851","2011.0005.0005","Horticultural Society NSW 1868 'Collection of Plants'","Medals","David Allen medals collection","David Allen medals collection","Metal - non specific","1868","","","","","","","https://collectionsearch.nma.gov.au/s/hw/EMU.EMUIRN/219851","2025-02-23","1788–1900","Medals","Metal"
"219852","2011.0005.0055","Northern Agricultural Association 1868 'Fleece Wool'","Medals","David Allen medals collection","David Allen medals collection","Metal - non specific","1868","","","","","","","https://collectionsearch.nma.gov.au/s/hw/EMU.EMUIRN/219852","2025-02-23","1788–1900","Medals","Metal"
"219946","2011.0005.0021","Queensland Pastoral Society 1868 'Five Colonial bred Ewes'","Medals","David Allen medals collection","David Allen medals collection","Metal - non specific","1868","","","","","","","https://collectionsearch.nma.gov.au/s/hw/EMU.EMUIRN/219946","2025-02-23","1788–1900","Medals","Metal"
"223809","2012.0011.0001","Agricultural show medal awarded to James Ferrier by the Coleraine Farmers Society, 1869, in presentation box","Medals","James Ferrier collection","Other Collections","Leather; Metal - non specific","1869","","Coleraine, Victoria, Australia","Victoria","Australia","-37.8136","144.9631","https://collectionsearch.nma.gov.au/s/hw/EMU.EMUIRN/223809","2025-02-17","1788–1900","Medals","Metal"
"225191","2012.0011.0001.001","Agricultural show medal, awarded to James Ferrier by the Coleraine Farmers Society, 1869","Medals","James Ferrier collection","Other Collections","Metal - non specific","1869","","Coleraine, Victoria, Australia","Victoria","Australia","-37.8136","144.9631","https://collectionsearch.nma.gov.au/s/hw/EMU.EMUIRN/225191","2022-05-11","1788–1900","Medals","Metal"
"219813","2011.0005.0063","Pastoral & Agricultural Association of Central New England 1869 'Threshing Machine'","Medals","David Allen medals collection","David Allen medals collection","Metal - non specific","1869","","","","","","","https://collectionsearch.nma.gov.au/s/hw/EMU.EMUIRN/219813","2025-02-23","1788–1900","Medals","Metal"
"219814","2011.0005.0062","P & A Association of Central New England 1870 'Coarse Wool'","Medals","David Allen medals collection","David Allen medals collection","Metal - non specific","1870","","","","","","","https://collectionsearch.nma.gov.au/s/hw/EMU.EMUIRN/219814","2025-02-23","1788–1900","Medals","Metal"
"129115","2007.0010.0001","Brass postage scale","Balances","De Salis Family collection","Other Collections","Metal - non specific","1871","Date made","Lambrigg Station, Australian Capital Territory, Australia","Australian Capital Territory","Australia","-35.2809","149.13","https://collectionsearch.nma.gov.au/s/hw/EMU.EMUIRN/129115","2025-02-17","1788–1900","Other","Metal"
"219811","2011.0005.0079","Burrangong Pastoral & Agricultural Association 1871 'Salt Butter'","Medals","David Allen medals collection","David Allen medals collection","Metal - non specific","1871","","","","","","","https://collectionsearch.nma.gov.au/s/hw/EMU.EMUIRN/219811","2025-02-23","1788–1900","Medals","Metal"
"219817","2011.0005.0082","P & A Association of Central New England 1871 'Breeding Sow'","Medals","David Allen medals collection","David Allen medals collection","Metal - non specific","1871","","","","","","","https://collectionsearch.nma.gov.au/s/hw/EMU.EMUIRN/219817","2025-02-23","1788–1900","Medals","Metal"
"219815","2011.0005.0060","P & A Association of Central New England 1871 'Heavy Mare'","Medals","David Allen medals collection","David Allen medals collection","Metal - non specific","1871","","","","","","","https://collectionsearch.nma.gov.au/s/hw/EMU.EMUIRN/219815","2025-02-23","1788–1900","Medals","Metal"
"219953","2011.0005.0043","Riverina Pastoral Society 1871 'Two Ewes'","Medals","David Allen medals collection","David Allen medals collection","Metal - non specific","1871","","","","","","","https://collectionsearch.nma.gov.au/s/hw/EMU.EMUIRN/219953","2025-02-23","1788–1900","Medals","Metal"
"232854","2014.0021.0013","Medal struck to commemorate the opening of the Victorian Exhibition, 1872, by Stokes & Martin","Commemorative medals","David Chaplin Sterry collection","Other Collections","Metal - non specific","1872","","","","","","","https://collectionsearch.nma.gov.au/s/hw/EMU.EMUIRN/232854","2025-02-17","1788–1900","Medals","Metal"
"62043","2002.0019.0001","Glass plate in commemoration of the trial of the Tichborne Claimant, Arthur Orton","Commemorative plates","David Westcott collection no. 5","Other Collections","Glass","1872","Date made","Hampshire, England; Wagga Wagga, New South Wales, Australia","New South Wales","Australia","-33.8688","151.2093","https://collectionsearch.nma.gov.au/s/hw/EMU.EMUIRN/62043","2026-08-17","1788–1900","Other","Glass"
"219816","2011.0005.0061","P & A Association of Central New England 1872 'Wethers'","Medals","David Allen medals collection","David Allen medals collection","Metal - non specific","1872","","","","","","","https://collectionsearch.nma.gov.au/s/hw/EMU.EMUIRN/219816","2025-02-23","1788–1900","Medals","Metal"
"262213","2020.0002.0168","Yass Pastoral and Agricultural Association medal, 1873 in dark brown box","Medals","Trevor Kennedy collection","Other Collections","Leather; Metal - non specific; Paint - non specific; Silver; Textile - non specific; Wood","1873","","","","","","","https://collectionsearch.nma.gov.au/s/hw/EMU.EMUIRN/262213","2025-11-18","1788–1900","Medals","Metal"
"219799","2011.0005.0080","Ararat Agricultural Society 1874 'Leicester Ewe'","Medals","David Allen medals collection","David Allen medals collection","Metal - non specific","1874","","","","","","","https://collectionsearch.nma.gov.au/s/hw/EMU.EMUIRN/219799","2025-02-23","1788–1900","Medals","Metal"
"219952","2011.0005.0014","Riverina Pastoral Society 1874 'Best Short Horn Heifer'","Medals","David Allen medals collection","David Allen medals collection","Metal - non specific","1874","","","","","","","https://collectionsearch.nma.gov.au/s/hw/EMU.EMUIRN/219952","2025-02-23","1788–1900","Medals","Metal"
"262555","2020.0002.0148","Riverina Pastoral Society first place medal, 1874","Medals","Trevor Kennedy collection","Other Collections","Metal - non specific; Silver","1874","","","","","","","https://collectionsearch.nma.gov.au/s/hw/EMU.EMUIRN/262555","2025-11-18","1788–1900","Medals","Metal"
"262554","2020.0002.0149","Riverina Pastoral Society second place medal, 1874","Medals","Trevor Kennedy collection","Other Collections","Metal - non specific; Silver","1874","","","","","","","https://collectionsearch.nma.gov.au/s/hw/EMU.EMUIRN/262554","2025-11-18","1788–1900","Medals","Metal"
"262815","2020.0002.0093","Commemorative medal from Melbourne Exhibition 1875","Commemorative medals","Trevor Kennedy collection","Other Collections","Metal - non specific; Silver","1875","","","","","","","https://collectionsearch.nma.gov.au/s/hw/EMU.EMUIRN/262815","2025-11-18","1788–1900","Medals","Metal"
"2607","2005.0005.0639.002","Bushranger Medal awarded to the four Faithfull Brothers for engaging in a gunfight with bushrangers Gilbert, Hall and Dunn, 1865","Medals","Springfield - Faithfull Family collection","Springfield - Faithfull Family collection","Gold; Textile - non specific","1875","Date made","Goulburn, New South Wales, Australia; London, England; Sydney, New South Wales, Australia","New South Wales","Australia","-33.85","151.2","https://collectionsearch.nma.gov.au/s/hw/EMU.EMUIRN/2607","2025-10-02","1788–1900","Medals","Metal"
"116223","2005.0005.0639","Bushranger Medal awarded to the four Faithfull Brothers for engaging in a gunfight with bushrangers Gilbert, Hall and Dunn, 1865","Medals","Springfield - Faithfull Family collection","Springfield - Faithfull Family collection","Gold; Silk; Textile - non specific","1875","Date made","Goulburn, New South Wales, Australia; London, England; Sydney, New South Wales, Australia","New South Wales","Australia","-33.85","151.2","https://collectionsearch.nma.gov.au/s/hw/EMU.EMUIRN/116223","2025-09-26","1788–1900","Medals","Metal"
"219847","2011.0005.0011","Manaroo P & A Association 1875 'Blood Filly'","Medals","David Allen medals collection","David Allen medals collection","Metal - non specific","1875","","","","","","","https://collectionsearch.nma.gov.au/s/hw/EMU.EMUIRN/219847","2025-02-23","1788–1900","Medals","Metal"
"219853","2011.0005.0057","Northern Agricultural Association 1875 'Fine Woolled Ewes'","Medals","David Allen medals collection","David Allen medals collection","Metal - non specific","1875","","","","","","","https://collectionsearch.nma.gov.au/s/hw/EMU.EMUIRN/219853","2025-02-23","1788–1900","Medals","Metal"
"220009","2011.0005.0002","Yass Pastoral and Agricultural Association 1875 'Silk Worm Cocoons'","Medals","David Allen medals collection","David Allen medals collection","Metal - non specific","1875","","","","","","","https://collectionsearch.nma.gov.au/s/hw/EMU.EMUIRN/220009","2025-02-23","1788–1900","Medals","Metal"
"219840","2011.0005.0052","Hunter River A & H Association 1877 'Electric Pump'","Medals","David Allen medals collection","David Allen medals collection","Metal - non specific","1877","","","","","","","https://collectionsearch.nma.gov.au/s/hw/EMU.EMUIRN/219840","2025-02-23","1788–1900","Medals","Metal"
"219843","2011.0005.0045","Liverpool Plains P A & H Association 1877 'Arab Stallion'","Medals","David Allen medals collection","David Allen medals collection","Metal - non specific","1877","","","","","","","https://collectionsearch.nma.gov.au/s/hw/EMU.EMUIRN/219843","2025-02-23","1788–1900","Medals","Metal"
"219943","2011.0005.0007","National Agricultural & Industrial Association of Queensland 'Chaff Cutter 1877'","Medals","David Allen medals collection","David Allen medals collection","Metal - non specific","1877","","","","","","","https://collectionsearch.nma.gov.au/s/hw/EMU.EMUIRN/219943","2025-02-23","1788–1900","Medals","Metal"
"231409","2013.0019.0002","Grand prize gold medal awarded to EK Cox at the 1878 Paris exhibition","Medals","Cox Family collection","Other Collections","Gold","1878","","","","","","","https://collectionsearch.nma.gov.au/s/hw/EMU.EMUIRN/231409","2025-06-25","1788–1900","Medals","Metal"
"219951","2011.0005.0047","Riverina Pastoral Society 1878 'Blood Stallion'","Medals","David Allen medals collection","David Allen medals collection","Metal - non specific","1878","","","","","","","https://collectionsearch.nma.gov.au/s/hw/EMU.EMUIRN/219951","2025-02-23","1788–1900","Medals","Metal"
"137814","2006.0109.0018","Ceramic money box","Moneyboxes","William and Jeanette Derham Family - Bendigo Pottery collection","William and Jeanette Derham Family - Bendigo Pottery collection","Ceramic","1878","Date of production","","","","","","https://collectionsearch.nma.gov.au/s/hw/EMU.EMUIRN/137814","2025-12-12","1788–1900","Other","Ceramic"
"232843","2014.0021.0011","Melbourne International Exhibition 1880 Gold Commissioner's Medal, presented to D.C. Sterry, 15 February 1879","Commemorative medals","David Chaplin Sterry collection","Other Collections","Gold; Metal - non specific","1879","","Exhibition Building, Melbourne, Melbourne, Victoria, Australia; Melbourne, Victoria, Australia","Victoria","Australia","-37.8167","144.967","https://collectionsearch.nma.gov.au/s/hw/EMU.EMUIRN/232843","2025-02-17","1788–1900","Medals","Metal"
"219826","2011.0005.0108","Geelong Industrial & Juvenile Exhibition 1879-80 'Macrame'","Medals","David Allen medals collection","David Allen medals collection","Metal - non specific","1879","","","","","","","https://collectionsearch.nma.gov.au/s/hw/EMU.EMUIRN/219826","2025-02-23","1788–1900","Medals","Metal"
"219857","2011.0005.0042","Peak Downs Pastoral & Agricultural Society 1879 'Best Lady's Hack'","Medals","David Allen medals collection","David Allen medals collection","Metal - non specific","1879","","","","","","","https://collectionsearch.nma.gov.au/s/hw/EMU.EMUIRN/219857","2025-02-23","1788–1900","Medals","Metal"
"219957","2011.0005.0084","Sandhurst Industrial Exhibition 1879 'Crayon Drawgs'","Medals","David Allen medals collection","David Allen medals collection","Metal - non specific","1879","","","","","","","https://collectionsearch.nma.gov.au/s/hw/EMU.EMUIRN/219957","2025-02-23","1788–1900","Medals","Metal"
"219956","2011.0005.0085","Sandhurst Industrial Exhibition 1879 'Wax Flowers'","Medals","David Allen medals collection","David Allen medals collection","Metal - non specific","1879","","","","","","","https://collectionsearch.nma.gov.au/s/hw/EMU.EMUIRN/219956","2025-02-23","1788–1900","Medals","Metal"
"232855","2014.0021.0015","Melbourne International Exhibition 1880 Medallion, presented to D.C. Sterry for Services, made by Harry Stokes","Commemorative medallions","David Chaplin Sterry collection","Other Collections","Metal - non specific","1880","","","","","","","https://collectionsearch.nma.gov.au/s/hw/EMU.EMUIRN/232855","2025-02-17","1788–1900","Medals","Metal"
"262607","2020.0002.0096","International Exhibition Melbourne 1880-81 silver medal","Commemorative medals","Trevor Kennedy collection","Other Collections","Metal - non specific; Silver","1880","","Exhibition Building, Melbourne, Melbourne, Victoria, Australia","Victoria","Australia","-37.8136","144.9631","https://collectionsearch.nma.gov.au/s/hw/EMU.EMUIRN/262607","2025-11-18","1788–1900","Medals","Metal"
"262882","2020.0002.0097","Melbourne International Exhibition 1880 medal","Commemorative medals","Trevor Kennedy collection","Other Collections","Gold; Metal - non specific","1880","","Exhibition Building, Melbourne, Melbourne, Victoria, Australia","Victoria","Australia","-37.8136","144.9631","https://collectionsearch.nma.gov.au/s/hw/EMU.EMUIRN/262882","2025-11-18","1788–1900","Medals","Metal"
"219833","2011.0005.0090","Geelong and Western District Agricultural and Horticultural Society 1880 'Dog Cart'","Medals","David Allen medals collection","David Allen medals collection","Metal - non specific","1880","","","","","","","https://collectionsearch.nma.gov.au/s/hw/EMU.EMUIRN/219833","2025-02-23","1788–1900","Medals","Metal"
"219856","2011.0005.0008","Ovens & Murray Agricultural & Pastoral Association 1880 'Best Shorthorn Bull'","Medals","David Allen medals collection","David Allen medals collection","Metal - non specific","1880","","","","","","","https://collectionsearch.nma.gov.au/s/hw/EMU.EMUIRN/219856","2025-02-23","1788–1900","Medals","Metal"
"219979","2011.0005.0033","The National Agricultural Society of Victoria 1880 'Wagonette Harness'","Medals","David Allen medals collection","David Allen medals collection","Metal - non specific","1880","","","","","","","https://collectionsearch.nma.gov.au/s/hw/EMU.EMUIRN/219979","2025-02-23","1788–1900","Medals","Metal"
"219802","2011.0005.0065","Bathurst Juvenile Industrial Exhibition 1881 'Edith Hurst'","Medals","David Allen medals collection","David Allen medals collection","Metal - non specific","1881","","","","","","","https://collectionsearch.nma.gov.au/s/hw/EMU.EMUIRN/219802","2025-02-23","1788–1900","Medals","Metal"
"219801","2011.0005.0037","Bathurst Juvenile Industrial Exhibition 1881 'George T. Harvey'","Medals","David Allen medals collection","David Allen medals collection","Metal - non specific","1881","","","","","","","https://collectionsearch.nma.gov.au/s/hw/EMU.EMUIRN/219801","2025-02-23","1788–1900","Medals","Metal"
"219803","2011.0005.0051","Bathurst Juvenile Industrial Exhibition 1881 'Malcolm Hurst'","Medals","David Allen medals collection","David Allen medals collection","Metal - non specific","1881","","","","","","","https://collectionsearch.nma.gov.au/s/hw/EMU.EMUIRN/219803","2025-02-23","1788–1900","Medals","Metal"
"219804","2011.0005.0078","Bendigo Agricultural and Horticultural Society 1881 'Turkey Cock & Hen'","Medals","David Allen medals collection","David Allen medals collection","Metal - non specific","1881","","","","","","","https://collectionsearch.nma.gov.au/s/hw/EMU.EMUIRN/219804","2025-02-23","1788–1900","Medals","Metal"
"219821","2011.0005.0067","Dimboola and NW Wimmera Agricultural & Pastoral Society 'Filly 2 yrs 1881'","Medals","David Allen medals collection","David Allen medals collection","Metal - non specific","1881","","","","","","","https://collectionsearch.nma.gov.au/s/hw/EMU.EMUIRN/219821","2025-02-23","1788–1900","Medals","Metal"
"219955","2011.0005.0064","Robe Pastoral Agricultural and Horticultural show 1881 'Second Best Working Sheep Dog''","Medals","David Allen medals collection","David Allen medals collection","Metal - non specific","1881","","","","","","","https://collectionsearch.nma.gov.au/s/hw/EMU.EMUIRN/219955","2025-02-23","1788–1900","Medals","Metal"
"219978","2011.0005.0015","The National Agricultural Society of Victoria 1881 'Carriage Harness'","Medals","David Allen medals collection","David Allen medals collection","Metal - non specific","1881","","","","","","","https://collectionsearch.nma.gov.au/s/hw/EMU.EMUIRN/219978","2025-02-23","1788–1900","Medals","Metal"
"129383","2008.0004.0068.001","A Century at Moore Park Best Exhibit Beef Shorthorns 1882-1982","Medals","Woodleigh Shorthorn Stud collection","Other Collections","Metal - non specific","1882","","","","","","","https://collectionsearch.nma.gov.au/s/hw/EMU.EMUIRN/129383","2021-05-11","1788–1900","Medals","Metal"
"219805","2011.0005.0077","Bendigo Agricultural and Horticultural Society 1882 'Bottled Porter'","Medals","David Allen medals collection","David Allen medals collection","Metal - non specific","1882","","","","","","","https://collectionsearch.nma.gov.au/s/hw/EMU.EMUIRN/219805","2025-02-23","1788–1900","Medals","Metal"
"219836","2011.0005.0075","Hampden & Heytesbury Pastoral & Agricultural Society 1882 'Blood Filly or Gelding'","Medals","David Allen medals collection","David Allen medals collection","Metal - non specific","1882","","","","","","","https://collectionsearch.nma.gov.au/s/hw/EMU.EMUIRN/219836","2025-02-23","1788–1900","Medals","Metal"
"219841","2011.0005.0106","Inverell P & A Association 'Rough Hair Terrier 1882'","Medals","David Allen medals collection","David Allen medals collection","Metal - non specific","1882","","","","","","","https://collectionsearch.nma.gov.au/s/hw/EMU.EMUIRN/219841","2025-02-23","1788–1900","Medals","Metal"
"219942","2011.0005.0003","National Agricultural & Industrial Association of Queensland, 'Ewes Fleeces 1882'","Medals","David Allen medals collection","David Allen medals collection","Metal - non specific","1882","","","","","","","https://collectionsearch.nma.gov.au/s/hw/EMU.EMUIRN/219942","2025-02-23","1788–1900","Medals","Metal"
"120166","2005.0005.1427.012","The Penny Magazine of the Society for the Diffusion of Useful Knowledge, July 1883","Magazines","Springfield - Faithfull Family collection","Springfield - Faithfull Family collection","","1883","","","","","","","https://collectionsearch.nma.gov.au/s/hw/EMU.EMUIRN/120166","2025-02-24","1788–1900","Other","Unspecified"
"219838","2011.0005.0059","Hawkesbury District Agricultural Society 1883 'Best Coaching Stallion'","Medals","David Allen medals collection","David Allen medals collection","Metal - non specific","1883","","","","","","","https://collectionsearch.nma.gov.au/s/hw/EMU.EMUIRN/219838","2025-02-23","1788–1900","Medals","Metal"
"219845","2011.0005.0074","Mackay Agricultural Pastoral & Mining Association 1883 'Cochin China'","Medals","David Allen medals collection","David Allen medals collection","Metal - non specific","1883","","","","","","","https://collectionsearch.nma.gov.au/s/hw/EMU.EMUIRN/219845","2025-02-23","1788–1900","Medals","Metal"
"219855","2011.0005.0046","North Queensland P & A Association 1883 'Brood Mare'","Medals","David Allen medals collection","David Allen medals collection","Metal - non specific","1883","","","","","","","https://collectionsearch.nma.gov.au/s/hw/EMU.EMUIRN/219855","2025-02-23","1788–1900","Medals","Metal"
"219954","2011.0005.0092","Robe Pastoral Agricultural and Horticultural show 1883 'Best Blood Stallion'","Medals","David Allen medals collection","David Allen medals collection","Metal - non specific","1883","","","","","","","https://collectionsearch.nma.gov.au/s/hw/EMU.EMUIRN/219954","2025-02-23","1788–1900","Medals","Metal"
"231002","2013.0033.0001","Penny-farthing bicycle belonging to Harry Clarke","Bicycles","Harry Clarke collection","Other Collections","Metal - non specific; Rubber; Vinyl; Wood","1884","Date of production","Melbourne, Victoria, Australia; Tasmania, Australia; Wolverhampton, West Midlands, United Kingdom","Victoria","Australia","52.5869","-2.1289","https://collectionsearch.nma.gov.au/s/hw/EMU.EMUIRN/231002","2025-02-17","1788–1900","Other","Metal"
"262965","2020.0002.0189","Commemorative bronze medal in black box, Hardy Brothers, Sydney, Australia, 1884","Commemorative medals","Trevor Kennedy collection","Other Collections","Bronze; Leather; Metal - non specific; Paint - non specific; Textile - non specific; Wood","1884","","","","","","","https://collectionsearch.nma.gov.au/s/hw/EMU.EMUIRN/262965","2026-09-08","1788–1900","Medals","Metal"
"219842","2011.0005.0073","Kerang Agricultural & Pastoral Society 1885 'Chaff Cutter'","Medals","David Allen medals collection","David Allen medals collection","Metal - non specific","1885","","","","","","","https://collectionsearch.nma.gov.au/s/hw/EMU.EMUIRN/219842","2025-02-23","1788–1900","Medals","Metal"
"219848","2011.0005.0102","N E P & A S 'Heifer Yearling 1885'","Medals","David Allen medals collection","David Allen medals collection","Metal - non specific","1885","","","","","","","https://collectionsearch.nma.gov.au/s/hw/EMU.EMUIRN/219848","2025-02-23","1788–1900","Medals","Metal"
"220010","2011.0005.0019","The Yorkes Peninsula A. H. & F. Society 1885 'Blood Entire Horse'","Medals","David Allen medals collection","David Allen medals collection","Metal - non specific","1885","","","","","","","https://collectionsearch.nma.gov.au/s/hw/EMU.EMUIRN/220010","2025-02-23","1788–1900","Medals","Metal"
"257775","MU00071.003","Racing penny farthing","Penny-farthings","Blanden Family collection","Other Collections","Metal - non specific; Wood","1885","Date created","","","","","","https://collectionsearch.nma.gov.au/s/hw/EMU.EMUIRN/257775","2025-09-18","1788–1900","Coins","Metal"
"232858","2014.0021.0017","Albert Edward Prince of Wales - Colonial and Indian Exhibition London 1886","Commemorative medallions","David Chaplin Sterry collection","Other Collections","Metal - non specific","1886","","","","","","","https://collectionsearch.nma.gov.au/s/hw/EMU.EMUIRN/232858","2025-02-17","1788–1900","Medals","Metal"
"71259","2003.0018.0001","Beige glazed ceramic souvenir jug - The Cream of Highland Whiskies, ""My Queen"", Jubilee Blend, 1837-1887","Commemorative objects","Queen Victoria Jubilee collection","Other Collections","Ceramic","1886","Date made","Australia; England; Glasgow, Scotland","","Australia","55.8642","-4.2517","https://collectionsearch.nma.gov.au/s/hw/EMU.EMUIRN/71259","2026-09-15","1788–1900","Other","Ceramic"
"71260","2003.0018.0002","Souvenir plate - Victoria Queen & Empress, Jubilee Year 1887","Commemorative plates","Queen Victoria Jubilee collection","Other Collections","China","1886","Date made","Australia; Canada; England; India; South Africa, Africa","","Australia","","","https://collectionsearch.nma.gov.au/s/hw/EMU.EMUIRN/71260","2026-07-08","1788–1900","Other","Ceramic"
"219806","2011.0005.0049","Berrima District A H & I Society 1886 'Fastest Trotting Horse'","Medals","David Allen medals collection","David Allen medals collection","Metal - non specific","1886","","","","","","","https://collectionsearch.nma.gov.au/s/hw/EMU.EMUIRN/219806","2025-02-23","1788–1900","Medals","Metal"
"219822","2011.0005.0050","Dimboola and NW Wimmera Agricultural & Pastoral Society 1886 'R. Greenwell'","Medals","David Allen medals collection","David Allen medals collection","Metal - non specific","1886","","","","","","","https://collectionsearch.nma.gov.au/s/hw/EMU.EMUIRN/219822","2025-02-23","1788–1900","Medals","Metal"
"219839","2011.0005.0030","Herbert River Agricultural and Pastoral Association medal for 'Best collection of canes', 1886","Medals","David Allen medals collection","David Allen medals collection","Metal - non specific","1886","","","","","","","https://collectionsearch.nma.gov.au/s/hw/EMU.EMUIRN/219839","2025-02-23","1788–1900","Medals","Metal"
"220011","2011.0005.0031","The Yorkes Peninsula A. H. & F. Society 1886 'Hornsby Twine Binder'","Medals","David Allen medals collection","David Allen medals collection","Metal - non specific","1886","","","","","","","https://collectionsearch.nma.gov.au/s/hw/EMU.EMUIRN/220011","2025-02-23","1788–1900","Medals","Metal"
"36764","1988.0007.0010","Rectangular net veil with silk thread decoration","Wedding veils","Bridge Family collection no. 1","Other Collections","Textile - non specific","1886","","Goulburn, New South Wales, Australia","New South Wales","Australia","-34.73","149.73","https://collectionsearch.nma.gov.au/s/hw/EMU.EMUIRN/36764","2025-02-23","1788–1900","Other","Textile"
"58819","1999.0017.0128","Clear glass bowl to commemorate Australia's Centenary in 1888","Commemorative plates","Terence Lane collection","Other Collections","Glass","1887","Date made","Australia; Sunderland, England","","Australia","54.9069","-1.3839","https://collectionsearch.nma.gov.au/s/hw/EMU.EMUIRN/58819","2025-02-17","1788–1900","Other","Glass"
"58818","1999.0017.0127","Clear glass plate marked Advance Australia, to commemorate Australia's centenary in 1888","Commemorative plates","Terence Lane collection","Other Collections","Glass","1887","Date made","Australia; England","","Australia","52.435","-1.6772","https://collectionsearch.nma.gov.au/s/hw/EMU.EMUIRN/58818","2026-07-27","1788–1900","Other","Glass"
"219846","2011.0005.0107","Macleay River Agricultural Association 'Salt Butter 1887'","Medals","David Allen medals collection","David Allen medals collection","Metal - non specific","1887","","","","","","","https://collectionsearch.nma.gov.au/s/hw/EMU.EMUIRN/219846","2025-02-23","1788–1900","Medals","Metal"
"112798","2007.0094.0007","Captain Cook's Centenary 1888 medallion","Commemorative medallions","Sir Littleton Groom collection","Other Collections","Metal - non specific","1888","","","","","","","https://collectionsearch.nma.gov.au/s/hw/EMU.EMUIRN/112798","2025-02-17","1788–1900","Medals","Metal"
"232857","2014.0021.0016","Centennial International Exhibition Medallion, Melbourne 1888-89, presented to the Hon. David C. Sterry MLC, made by Harry Stokes","Commemorative medallions","David Chaplin Sterry collection","Other Collections","Metal - non specific","1888","","","","","","","https://collectionsearch.nma.gov.au/s/hw/EMU.EMUIRN/232857","2025-02-17","1788–1900","Medals","Metal"
"219997","2011.0005.0097","Wentworth Pastoral Agricultural & Horticultural Society 1888 'Aldernay Bull'","Medals","David Allen medals collection","David Allen medals collection","Metal - non specific","1888","","","","","","","https://collectionsearch.nma.gov.au/s/hw/EMU.EMUIRN/219997","2025-02-23","1788–1900","Medals","Metal"
"219999","2011.0005.0099","Wentworth Pastoral Agricultural & Horticultural Society 1888 'Merino Ewe'","Medals","David Allen medals collection","David Allen medals collection","Metal - non specific","1888","","","","","","","https://collectionsearch.nma.gov.au/s/hw/EMU.EMUIRN/219999","2025-02-23","1788–1900","Medals","Metal"
"219991","2011.0005.0068","Wentworth Pastoral Agricultural & Horticultural Society 1888 'Pair Carriage Horses' Crozier","Medals","David Allen medals collection","David Allen medals collection","Metal - non specific","1888","","","","","","","https://collectionsearch.nma.gov.au/s/hw/EMU.EMUIRN/219991","2025-02-23","1788–1900","Medals","Metal"
"219998","2011.0005.0098","Wentworth Pastoral Agricultural & Horticultural Society 1888 'Pair Carriage Horses' McMahon","Medals","David Allen medals collection","David Allen medals collection","Metal - non specific","1888","","","","","","","https://collectionsearch.nma.gov.au/s/hw/EMU.EMUIRN/219998","2025-02-23","1788–1900","Medals","Metal"
"219990","2011.0005.0069","Wentworth Pastoral Agricultural & Horticultural Society 1888 'Spring Cart Horse'","Medals","David Allen medals collection","David Allen medals collection","Metal - non specific","1888","","","","","","","https://collectionsearch.nma.gov.au/s/hw/EMU.EMUIRN/219990","2025-02-23","1788–1900","Medals","Metal"
"219807","2011.0005.0104","Bowen Pastoral & Agricultural Society 1889 'Bull Calf'","Medals","David Allen medals collection","David Allen medals collection","Metal - non specific","1889","","","","","","","https://collectionsearch.nma.gov.au/s/hw/EMU.EMUIRN/219807","2025-02-23","1788–1900","Medals","Metal"
"219950","2011.0005.0105","Richmond River A. H. & P. Society 1889 'Draught Mare'","Medals","David Allen medals collection","David Allen medals collection","Metal - non specific","1889","","","","","","","https://collectionsearch.nma.gov.au/s/hw/EMU.EMUIRN/219950","2025-02-23","1788–1900","Medals","Metal"
"231407","2014.0052.0023","'Weldon's practical shilling guide to fancy work' owned by Audrey McBurney, 1890-1900","Books","Audrey McBurney collection","Other Collections","Card; Paper; Textile - non specific","1890","","","","","","","https://collectionsearch.nma.gov.au/s/hw/EMU.EMUIRN/231407","2025-02-24","1788–1900","Other","Paper"
"72944","2004.0024.0025","Paris - Brest - Paris, 1891-1991 [cycling]","Commemorative badges","Sir Hubert Opperman collection no. 2","Other Collections","Metal - non specific","1891","","","","","","","https://collectionsearch.nma.gov.au/s/hw/EMU.EMUIRN/72944","2025-02-17","1788–1900","Medals","Metal"
"72968","2004.0024.0038","Paris - Brest - Paris, 1891-1991 [cycling]","Commemorative badges","Sir Hubert Opperman collection no. 2","Other Collections","Metal - non specific","1891","","","","","","","https://collectionsearch.nma.gov.au/s/hw/EMU.EMUIRN/72968","2025-02-17","1788–1900","Medals","Metal"
"72927","2004.0024.0024","Paris - Brest - Paris, 1891-1991 [cycling]","Commemorative badges","Sir Hubert Opperman collection no. 2","Other Collections","Metal - non specific","1891","","","","","","","https://collectionsearch.nma.gov.au/s/hw/EMU.EMUIRN/72927","2025-02-17","1788–1900","Medals","Metal"
"219834","2011.0005.0035","Gunnedah P A & H Association 1891 'Pencil Drawing'","Medals","David Allen medals collection","David Allen medals collection","Metal - non specific","1891","","","","","","","https://collectionsearch.nma.gov.au/s/hw/EMU.EMUIRN/219834","2025-02-23","1788–1900","Medals","Metal"
"219837","2011.0005.0076","Hawkesbury Agricultural College '1891 Fodder Plants'","Medals","David Allen medals collection","David Allen medals collection","Metal - non specific","1891","","","","","","","https://collectionsearch.nma.gov.au/s/hw/EMU.EMUIRN/219837","2025-02-23","1788–1900","Medals","Metal"
"22065","1986.0001.0087","English cricketer J.T. Hearne - 1897/8 English Touring team to Australia","Commemorative badges","Nanette Ward collection","Other Collections","Ink; Metal - non specific; Paper","1892","Date made","","","","","","https://collectionsearch.nma.gov.au/s/hw/EMU.EMUIRN/22065","2025-03-06","1788–1900","Medals","Metal"
"22063","1986.0001.0085","English cricketer Thomas Richardson - 1897/8 English Touring team to Australia","Commemorative badges","Nanette Ward collection","Other Collections","Metal - non specific; Plastic - non specific","1892","Date made","","","","","","https://collectionsearch.nma.gov.au/s/hw/EMU.EMUIRN/22063","2025-03-06","1788–1900","Medals","Metal"
"219980","2011.0005.0089","The Royal Agricultural Society of Victoria 1892 'Farm Waggon'","Medals","David Allen medals collection","David Allen medals collection","Metal - non specific","1892","","","","","","","https://collectionsearch.nma.gov.au/s/hw/EMU.EMUIRN/219980","2025-02-23","1788–1900","Medals","Metal"
"219992","2011.0005.0066","Wentworth Pastoral Agricultural & Horticultural Society 1892 'Merino Ewes'","Medals","David Allen medals collection","David Allen medals collection","Metal - non specific","1892","","","","","","","https://collectionsearch.nma.gov.au/s/hw/EMU.EMUIRN/219992","2025-02-23","1788–1900","Medals","Metal"
"219835","2011.0005.0103","Gympie Agricultural Mining & Pastoral Society 'Saddlery 1893'","Medals","David Allen medals collection","David Allen medals collection","Metal - non specific","1893","","","","","","","https://collectionsearch.nma.gov.au/s/hw/EMU.EMUIRN/219835","2025-02-23","1788–1900","Medals","Metal"
"219974","2011.0005.0058","LPPA & H Association 1893 'Single Seated Buggy'","Medals","David Allen medals collection","David Allen medals collection","Metal - non specific","1893","","","","","","","https://collectionsearch.nma.gov.au/s/hw/EMU.EMUIRN/219974","2025-02-23","1788–1900","Medals","Metal"
"220007","2011.0005.0012","Wilcannia P. A. & H. Society 1893 'Brood Mare With Foal at Foot'","Medals","David Allen medals collection","David Allen medals collection","Metal - non specific","1893","","","","","","","https://collectionsearch.nma.gov.au/s/hw/EMU.EMUIRN/220007","2025-02-23","1788–1900","Medals","Metal"
"120273","2005.0005.1432","Cream coloured Christmas card with robin decoration, 1894","Christmas cards","Springfield - Faithfull Family collection","Springfield - Faithfull Family collection","","1894","","","","","","","https://collectionsearch.nma.gov.au/s/hw/EMU.EMUIRN/120273","2025-02-24","1788–1900","Other","Unspecified"
"219944","2011.0005.0026","National Agricultural & Industrial Association of Queensland 1895 'Pair Buggy Horses'","Medals","David Allen medals collection","David Allen medals collection","Metal - non specific","1895","","","","","","","https://collectionsearch.nma.gov.au/s/hw/EMU.EMUIRN/219944","2025-02-23","1788–1900","Medals","Metal"
"219854","2011.0005.0056","Northern Agricultural Association 1895 'Pair of Ponies'","Medals","David Allen medals collection","David Allen medals collection","Metal - non specific","1895","","","","","","","https://collectionsearch.nma.gov.au/s/hw/EMU.EMUIRN/219854","2025-02-23","1788–1900","Medals","Metal"
"219945","2011.0005.0010","National Agricultural & Industrial Association of Queensland 1896 'Lincoln Ram'","Medals","David Allen medals collection","David Allen medals collection","Metal - non specific","1896","","","","","","","https://collectionsearch.nma.gov.au/s/hw/EMU.EMUIRN/219945","2025-02-23","1788–1900","Medals","Metal"
"219976","2011.0005.0023","Towers Pastoral Agricultural & Mining Association 1896 'Printing'","Medals","David Allen medals collection","David Allen medals collection","Metal - non specific","1896","","","","","","","https://collectionsearch.nma.gov.au/s/hw/EMU.EMUIRN/219976","2025-02-23","1788–1900","Medals","Metal"
"220006","2011.0005.0044","Wide Bay & Burnett P. & A. Society 1896 'Single Buggy'","Medals","David Allen medals collection","David Allen medals collection","Metal - non specific","1896","","","","","","","https://collectionsearch.nma.gov.au/s/hw/EMU.EMUIRN/220006","2025-02-23","1788–1900","Medals","Metal"
"22049","1986.0001.0071","Famous Cricketer J. R. Mason - 1897/8 English Touring team to Australia","Commemorative badges","Nanette Ward collection","Other Collections","Metal - non specific; Plastic - non specific","1897","","","","","","","https://collectionsearch.nma.gov.au/s/hw/EMU.EMUIRN/22049","2025-03-06","1788–1900","Medals","Metal"
"22053","1986.0001.0075","Famous cricketer A.E. Stoddart - 1897/8 English Touring team to Australia","Commemorative badges","Nanette Ward collection","Other Collections","Metal - non specific; Plastic - non specific","1897","","","","","","","https://collectionsearch.nma.gov.au/s/hw/EMU.EMUIRN/22053","2025-03-06","1788–1900","Medals","Metal"
"22054","1986.0001.0076","Famous cricketer J. Phillips Umpire - 1897/8 English Touring team to Australia","Commemorative badges","Nanette Ward collection","Other Collections","Metal - non specific; Plastic - non specific","1897","","","","","","","https://collectionsearch.nma.gov.au/s/hw/EMU.EMUIRN/22054","2025-03-06","1788–1900","Medals","Metal"
"230378","2013.0034.0001","Gold medal awarded to Henry (Harry) Arthur Davidson Sill (1875-1949) by the Heidelberg bicycle club of Victoria in 1897","Medals","Heidelberg Bicycle Club collection","Other Collections","Gold","1897","Production date","Heidelberg, Melbourne, Victoria, Australia","Victoria","Australia","-37.8136","144.9631","https://collectionsearch.nma.gov.au/s/hw/EMU.EMUIRN/230378","2025-02-17","1788–1900","Medals","Metal"
"219981","2011.0005.0088","The Royal Agricultural Society of Victoria 1897 'Stallion Stock Saddle'","Medals","David Allen medals collection","David Allen medals collection","Metal - non specific","1897","","","","","","","https://collectionsearch.nma.gov.au/s/hw/EMU.EMUIRN/219981","2025-02-23","1788–1900","Medals","Metal"
"232849","2014.0021.0012","Australian Federation Convention Melbourne 1898 medal, reverse: Melbourne Sewerage M.M.B.W. opening 5 February 1898, Silver by Stokes","Commemorative medals","David Chaplin Sterry collection","Other Collections","Silver","1898","","","","","","","https://collectionsearch.nma.gov.au/s/hw/EMU.EMUIRN/232849","2026-03-06","1788–1900","Medals","Metal"
"232850","2014.0021.0010","Australia's Commonwealth 1899 Medal Presented by the President Cr Wirth Shire of Marong to Councillor D.C. Sterry","Commemorative medals","David Chaplin Sterry collection","Other Collections","Gold","1899","","","","","","","https://collectionsearch.nma.gov.au/s/hw/EMU.EMUIRN/232850","2025-02-17","1788–1900","Medals","Metal"
"73460","2010.0011.0006","Federation souvenir teaspoon","Commemorative teaspoons","George and Sylvia Milne collection","Other Collections","Enamelled metal; Metal - non specific","1899","","Sheffield, England","","International","53.3811","-1.47","https://collectionsearch.nma.gov.au/s/hw/EMU.EMUIRN/73460","2025-02-17","1788–1900","Other","Metal"
"219961","2011.0005.0004","Royal Agricultural and Horticultural Society of South Australia 1899 'Combing Merino Ewe'","Medals","David Allen medals collection","David Allen medals collection","Metal - non specific","1899","","","","","","","https://collectionsearch.nma.gov.au/s/hw/EMU.EMUIRN/219961","2025-02-23","1788–1900","Medals","Metal"
"219982","2011.0005.0087","The Royal Agricultural Society of Victoria 1899 'Landau'","Medals","David Allen medals collection","David Allen medals collection","Metal - non specific","1899","","","","","","","https://collectionsearch.nma.gov.au/s/hw/EMU.EMUIRN/219982","2025-02-23","1788–1900","Medals","Metal"
"219986","2011.0005.0072","Villiers & Heytesbury Agricultural Association 1899 'Saddlery'","Medals","David Allen medals collection","David Allen medals collection","Metal - non specific","1899","","","","","","","https://collectionsearch.nma.gov.au/s/hw/EMU.EMUIRN/219986","2025-02-23","1788–1900","Medals","Metal"
"58815","1999.0017.0124","Souvenir banner commemorating the visit to Australia by the Duke and Duchess of York to mark the Federation of Australia in 1901","Commemorative banners","Terence Lane collection","Other Collections","Cotton cloth; Ink","1900","Date made","Australia; New South Wales, Australia; Queensland, Australia; South Australia, Australia; Tasmania, Australia; Victoria, Australia; Western Australia, Australia","New South Wales","Australia","-33.8688","151.2093","https://collectionsearch.nma.gov.au/s/hw/EMU.EMUIRN/58815","2025-07-23","1788–1900","Other","Paper"
"58837","1999.0017.0145","Etched or engraved commemorative glass made for the Ballarat Federal Exhibition, c.1901","Commemorative glassware","Terence Lane collection","Other Collections","Glass","1900","Date made","Ballarat, Victoria, Australia","Victoria","Australia","-37.8136","144.9631","https://collectionsearch.nma.gov.au/s/hw/EMU.EMUIRN/58837","2025-05-14","1788–1900","Other","Glass"
"49850","1991.0052.0001","Gold medallion commemorating the opening of the first federal parliament in May, 1901","Commemorative medallions","Una May Irvine collection no. 2","Other Collections","Metal - non specific","1900","Date made","Melbourne, Victoria, Australia; Orbost, East Gippsland, Victoria, Australia","Victoria","Australia","-37.8136","144.9631","https://collectionsearch.nma.gov.au/s/hw/EMU.EMUIRN/49850","2025-02-17","1788–1900","Medals","Metal"
"69312","2001.0031.0002","Commemorative mug for the Federation of Australia in 1901","Commemorative mugs","David Westcott collection no. 3","Other Collections","China","1900","Date made","Australia; England, United Kingdom","","Australia","52.435","-1.6772","https://collectionsearch.nma.gov.au/s/hw/EMU.EMUIRN/69312","2026-08-12","1788–1900","Other","Ceramic"
"69311","2001.0031.0001","Commemorative plate for the Federation of Australia in 1901","Commemorative plates","David Westcott collection no. 3","Other Collections","China","1900","Date made","Australia; England, United Kingdom","","Australia","52.435","-1.6772","https://collectionsearch.nma.gov.au/s/hw/EMU.EMUIRN/69311","2025-02-17","1788–1900","Other","Ceramic"
"219818","2011.0005.0111","Cobram A & P Association 1900 'Best Cow'","Medals","David Allen medals collection","David Allen medals collection","Metal - non specific","1900","","","","","","","https://collectionsearch.nma.gov.au/s/hw/EMU.EMUIRN/219818","2025-02-23","1788–1900","Medals","Metal"
"22043","1986.0001.0065","A.A. Lilley from the 1901-02 English Cricket Team to Australia","Commemorative badges","Nanette Ward collection","Other Collections","Metal - non specific","1901","","","","","","","https://collectionsearch.nma.gov.au/s/hw/EMU.EMUIRN/22043","2025-03-06","1901–1965","Medals","Metal"
"22051","1986.0001.0073","A.C. McLaren from the 1901-02 English Cricket Team to Australia","Commemorative badges","Nanette Ward collection","Other Collections","Metal - non specific","1901","","","","","","","https://collectionsearch.nma.gov.au/s/hw/EMU.EMUIRN/22051","2025-03-06","1901–1965","Medals","Metal"
"22052","1986.0001.0074","A.C. McLaren from the 1901-02 English Cricket Team to Australia.","Commemorative badges","Nanette Ward collection","Other Collections","Metal - non specific","1901","","","","","","","https://collectionsearch.nma.gov.au/s/hw/EMU.EMUIRN/22052","2025-03-06","1901–1965","Medals","Metal"
"22048","1986.0001.0070","A.O. Jones from the 1901-02 English Cricket Team to Australia","Commemorative badges","Nanette Ward collection","Other Collections","Metal - non specific","1901","","","","","","","https://collectionsearch.nma.gov.au/s/hw/EMU.EMUIRN/22048","2025-03-06","1901–1965","Medals","Metal"
"22047","1986.0001.0069","A.O. Jones from the 1901-02 English Cricket Team to Australia","Commemorative badges","Nanette Ward collection","Other Collections","Metal - non specific","1901","","","","","","","https://collectionsearch.nma.gov.au/s/hw/EMU.EMUIRN/22047","2025-03-06","1901–1965","Medals","Metal"
"22060","1986.0001.0082","C. Blythe from the 1901-02 English Cricket Team to Australia","Commemorative badges","Nanette Ward collection","Other Collections","Metal - non specific; Plastic - non specific","1901","","","","","","","https://collectionsearch.nma.gov.au/s/hw/EMU.EMUIRN/22060","2025-03-06","1901–1965","Medals","Metal"
"22056","1986.0001.0078","C. Blythe from the 1901-02 English Cricket Team to Australia","Commemorative badges","Nanette Ward collection","Other Collections","Metal - non specific; Plastic - non specific","1901","","","","","","","https://collectionsearch.nma.gov.au/s/hw/EMU.EMUIRN/22056","2025-03-06","1901–1965","Medals","Metal"
"22057","1986.0001.0079","C. McGahey from the 1901-02 English Cricket Team to Australia.","Commemorative badges","Nanette Ward collection","Other Collections","Metal - non specific; Plastic - non specific","1901","","","","","","","https://collectionsearch.nma.gov.au/s/hw/EMU.EMUIRN/22057","2025-03-06","1901–1965","Medals","Metal"
"22045","1986.0001.0067","C.I. Robson from the 1901-02 English Cricket Team to Australia","Commemorative badges","Nanette Ward collection","Other Collections","Metal - non specific","1901","","","","","","","https://collectionsearch.nma.gov.au/s/hw/EMU.EMUIRN/22045","2025-03-06","1901–1965","Medals","Metal"
"171475","1986.0001.0091","GL Jessop  from the 1901-02 English Cricket Team to Australia.","Commemorative badges","Nanette Ward collection","Other Collections","Metal - non specific; Plastic - non specific","1901","","","","","","","https://collectionsearch.nma.gov.au/s/hw/EMU.EMUIRN/171475","2025-03-06","1901–1965","Medals","Metal"
"22044","1986.0001.0066","H.G. Garnett from the 1901-02 English Cricket Team to Australia.","Commemorative badges","Nanette Ward collection","Other Collections","Metal - non specific","1901","","","","","","","https://collectionsearch.nma.gov.au/s/hw/EMU.EMUIRN/22044","2025-03-06","1901–1965","Medals","Metal"
"22058","1986.0001.0080","J. Gunn from the 1901-02 English Cricket Team to Australia","Commemorative badges","Nanette Ward collection","Other Collections","Metal - non specific; Plastic - non specific","1901","","","","","","","https://collectionsearch.nma.gov.au/s/hw/EMU.EMUIRN/22058","2025-03-06","1901–1965","Medals","Metal"
"22059","1986.0001.0081","J. Gunn from the 1901-02 English Cricket Team to Australia","Commemorative badges","Nanette Ward collection","Other Collections","Metal - non specific; Plastic - non specific","1901","","","","","","","https://collectionsearch.nma.gov.au/s/hw/EMU.EMUIRN/22059","2025-03-06","1901–1965","Medals","Metal"
"22050","1986.0001.0072","J.T. Tyldesley from the 1901-02 English Cricket Team to Australia.","Commemorative badges","Nanette Ward collection","Other Collections","Metal - non specific","1901","","","","","","","https://collectionsearch.nma.gov.au/s/hw/EMU.EMUIRN/22050","2025-03-06","1901–1965","Medals","Metal"
"22066","1986.0001.0088","L.C. Braund from the 1901-02 English Cricket Team to Australia","Commemorative badges","Nanette Ward collection","Other Collections","Metal - non specific; Plastic - non specific","1901","Date made","","","","","","https://collectionsearch.nma.gov.au/s/hw/EMU.EMUIRN/22066","2025-03-06","1901–1965","Medals","Metal"
"22068","1986.0001.0090","S.F. Barnes from the 1901-02 English Cricket Team to Australia.","Commemorative badges","Nanette Ward collection","Other Collections","Metal - non specific; Plastic - non specific","1901","Date made","","","","","","https://collectionsearch.nma.gov.au/s/hw/EMU.EMUIRN/22068","2025-03-06","1901–1965","Medals","Metal"
"22067","1986.0001.0089","T. Hayward from the 1901-02 English Cricket Team to Australia","Commemorative badges","Nanette Ward collection","Other Collections","Metal - non specific; Plastic - non specific","1901","Date made","","","","","","https://collectionsearch.nma.gov.au/s/hw/EMU.EMUIRN/22067","2025-03-06","1901–1965","Medals","Metal"
"22055","1986.0001.0077","W.G. Quaife from the 1901-02 English Cricket Team to Australia","Commemorative badges","Nanette Ward collection","Other Collections","Metal - non specific; Plastic - non specific","1901","","","","","","","https://collectionsearch.nma.gov.au/s/hw/EMU.EMUIRN/22055","2025-03-06","1901–1965","Medals","Metal"
"70429","2003.0027.0002","Centenary of Federation 1901 - 2001 Australia. It's what we make it.","Commemorative banners","Centenary of Federation collection","Other Collections","Textile - non specific","1901","","","","","","","https://collectionsearch.nma.gov.au/s/hw/EMU.EMUIRN/70429","2025-02-23","1901–1965","Other","Textile"
"71457","2003.0075.0001","Memento of Opening of the First Parliament of the Commonwealth of Australia, by the Duke of Cornwall & York at Melbourne May 1901","Commemorative books","Royal Visit 1901 collection","Other Collections","Ink; Paper; String","1901","Date of publication","Melbourne, Victoria, Australia","Victoria","Australia","-37.8136","144.9631","https://collectionsearch.nma.gov.au/s/hw/EMU.EMUIRN/71457","2025-02-17","1901–1965","Other","Paper"
"49852","1991.0052.0003","Gold medallion commemorating the coronation of Edward VII and Alexandra, June 26, 1902","Commemorative medallions","Una May Irvine collection no. 2","Other Collections","Metal - non specific","1902","","London, England; Orbost, East Gippsland, Victoria, Australia; South Africa, Africa","Victoria","Australia","-37.8136","144.9631","https://collectionsearch.nma.gov.au/s/hw/EMU.EMUIRN/49852","2025-02-17","1901–1965","Medals","Metal"
"219825","2011.0005.0032","Gawler Agricultural Horticultural & Floricultural Society 1902 'Seedsower Broadcast'","Medals","David Allen medals collection","David Allen medals collection","Metal - non specific","1902","","","","","","","https://collectionsearch.nma.gov.au/s/hw/EMU.EMUIRN/219825","2025-02-23","1901–1965","Medals","Metal"
"219983","2011.0005.0086","Royal Agricultural Society of Victoria 1902 'Farm Tip Dray'","Medals","David Allen medals collection","David Allen medals collection","Metal - non specific","1902","","","","","","","https://collectionsearch.nma.gov.au/s/hw/EMU.EMUIRN/219983","2025-02-23","1901–1965","Medals","Metal"
"58870","1999.0017.0172","Silver kangaroo and plaque produced as a souvenir of Mount Kosciusko","Commemorative objects","Terence Lane collection","Other Collections","Metal - non specific","1903","Date made","Mount Kosciusko, Snowy Mountains, New South Wales, Australia","New South Wales","Australia","-33.8688","151.2093","https://collectionsearch.nma.gov.au/s/hw/EMU.EMUIRN/58870","2025-02-17","1901–1965","Other","Metal"
"219962","2011.0005.0009","Royal Agricultural and Horticultural Society of South Australia 1903 'Suffolk Punch Entire'","Medals","David Allen medals collection","David Allen medals collection","Metal - non specific","1903","","","","","","","https://collectionsearch.nma.gov.au/s/hw/EMU.EMUIRN/219962","2025-02-23","1901–1965","Medals","Metal"
"219823","2011.0005.0091","Eastern Downs Horticultural & Agricultural Association 1905 'Shorthorn Cow and Calf'","Medals","David Allen medals collection","David Allen medals collection","Metal - non specific","1905","","","","","","","https://collectionsearch.nma.gov.au/s/hw/EMU.EMUIRN/219823","2025-02-23","1901–1965","Medals","Metal"
"219987","2011.0005.0095","Villiers & Heytesbury Agricultural Association 1905 'Saddlery'","Medals","David Allen medals collection","David Allen medals collection","Metal - non specific","1905","","","","","","","https://collectionsearch.nma.gov.au/s/hw/EMU.EMUIRN/219987","2025-02-23","1901–1965","Medals","Metal"
"219800","2011.0005.0041","Balaklava & Dalkey Agricultural Society 'Seed Drill 1906'","Medals","David Allen medals collection","David Allen medals collection","Metal - non specific","1906","","","","","","","https://collectionsearch.nma.gov.au/s/hw/EMU.EMUIRN/219800","2025-02-23","1901–1965","Medals","Metal"
"219975","2011.0005.0101","Tasmanian Southdown Sheepbreeder's Association 1906 'Best Southdown Ewe'","Medals","David Allen medals collection","David Allen medals collection","Metal - non specific","1906","","","","","","","https://collectionsearch.nma.gov.au/s/hw/EMU.EMUIRN/219975","2025-02-23","1901–1965","Medals","Metal"
"220008","2011.0005.0036","Wooroora Agricultural Society 1906 'Collection Implements'","Medals","David Allen medals collection","David Allen medals collection","Metal - non specific","1906","","","","","","","https://collectionsearch.nma.gov.au/s/hw/EMU.EMUIRN/220008","2025-02-23","1901–1965","Medals","Metal"
"128941","1986.0117.6132","Government House, Sydney","Photographic postcards","Josef Lebovic Gallery collection no. 1","Other Collections","Ink; Paper","1906","Content created","Sydney, New South Wales, Australia","New South Wales","Australia","-33.8688","151.2093","https://collectionsearch.nma.gov.au/s/hw/EMU.EMUIRN/128941","2025-02-24","1901–1965","Other","Paper"
"219810","2011.0005.0110","Braidwood P A & H Association 1907 'Best Spring Cart Horse'","Medals","David Allen medals collection","David Allen medals collection","Metal - non specific","1907","","","","","","","https://collectionsearch.nma.gov.au/s/hw/EMU.EMUIRN/219810","2025-02-23","1901–1965","Medals","Metal"
"219973","2011.0005.0001","The Royal Agricultural and Horticultural Society of South Australia 1907 'Suffolk Punch Brood Mare'","Medals","David Allen medals collection","David Allen medals collection","Metal - non specific","1907","","","","","","","https://collectionsearch.nma.gov.au/s/hw/EMU.EMUIRN/219973","2025-02-23","1901–1965","Medals","Metal"
"58906","1999.0017.0187","Blackwood, kauri, and hoop pine 'Melbourne Chair' with kangaroo decoration, made by the Melbourne Chair Co, 1908","Chairs","Terence Lane collection","Other Collections","Dye; Wood","1908","Date made","Collingwood, Melbourne, Victoria, Australia","Victoria","Australia","-37.8019","144.988","https://collectionsearch.nma.gov.au/s/hw/EMU.EMUIRN/58906","2026-06-16","1901–1965","Other","Wood"
"219984","2011.0005.0034","Department of Agriculture Victoria 1908 'Dry Wine'","Medals","David Allen medals collection","David Allen medals collection","Metal - non specific","1908","","","","","","","https://collectionsearch.nma.gov.au/s/hw/EMU.EMUIRN/219984","2025-02-23","1901–1965","Medals","Metal"
"126138","2007.0058.0001.001","Olympic gold medal for Rugby won by the Australasian team at the 1908 London Olympics","Sports medals","Patrick McCue collection no. 1","Other Collections","Metal - non specific","1908","","London, England","","International","","","https://collectionsearch.nma.gov.au/s/hw/EMU.EMUIRN/126138","2024-11-19","1901–1965","Medals","Metal"
"126335","2007.0058.0001","Olympic gold medal for Rugby won by the Australasian team at the 1908 London Olympics, in red leather presentation case","Sports medals","Patrick McCue collection no. 1","Other Collections","Leather; Metal - non specific; Textile - non specific","1908","","London, England","","International","","","https://collectionsearch.nma.gov.au/s/hw/EMU.EMUIRN/126335","2025-05-12","1901–1965","Medals","Metal"
"72937","2004.0024.0020.001","The St John Ambulance Malta District Golden Jubilee 1909 - 1959","Commemorative medallions","Sir Hubert Opperman collection no. 2","Other Collections","Metal - non specific","1909","","","","","","","https://collectionsearch.nma.gov.au/s/hw/EMU.EMUIRN/72937","2021-05-11","1901–1965","Medals","Metal"
"72939","2004.0024.0021.001","The St John Ambulance Malta District Golden Jubilee 1909 - 1959","Commemorative medallions","Sir Hubert Opperman collection no. 2","Other Collections","Metal - non specific","1909","","","","","","","https://collectionsearch.nma.gov.au/s/hw/EMU.EMUIRN/72939","2021-05-11","1901–1965","Medals","Metal"
"219947","2011.0005.0017","National Agricultural & Industrial Association of Queensland 1909 'Blood Mare'","Medals","David Allen medals collection","David Allen medals collection","Metal - non specific","1909","","","","","","","https://collectionsearch.nma.gov.au/s/hw/EMU.EMUIRN/219947","2025-02-23","1901–1965","Medals","Metal"
"219949","2011.0005.0025","Royal Agricultural Society of Queensland 1909 'Champion Fine Woolled Merino Ram (Unhoused)'","Medals","David Allen medals collection","David Allen medals collection","Metal - non specific","1909","","","","","","","https://collectionsearch.nma.gov.au/s/hw/EMU.EMUIRN/219949","2025-02-23","1901–1965","Medals","Metal"
"219948","2011.0005.0024","Royal Agricultural Society of Queensland 1909 'Champion Shorthorn Bull'","Medals","David Allen medals collection","David Allen medals collection","Metal - non specific","1909","","","","","","","https://collectionsearch.nma.gov.au/s/hw/EMU.EMUIRN/219948","2025-02-23","1901–1965","Medals","Metal"
"134127","2008.0053.0194","Letter, advance money order, and receipt sent from Dalgety & Company Limited to R.M. Carroll, 8 November 1910","Invoices; Receipts","Robert Faithfull collection no. 2","Other Collections","Ink; Paper","1910","","Goulburn, New South Wales, Australia; Millers Point, Sydney, New South Wales, Australia; Sydney, New South Wales, Australia","New South Wales","Australia","-33.8608","151.203","https://collectionsearch.nma.gov.au/s/hw/EMU.EMUIRN/134127","2025-02-24","1901–1965","Other","Paper"
"58875","1999.0017.0177","Green ceramic tile with a red eucalyptus flower decoration","Tiles","Terence Lane collection","Other Collections","Ceramic","1910","Date made","","","","","","https://collectionsearch.nma.gov.au/s/hw/EMU.EMUIRN/58875","2025-02-17","1901–1965","Other","Ceramic"
"271992","2021.0011.0001","Commemorative cup and saucer for Opening of Provisional Parliament House, 1927, Aynsley","Cups and saucers","Gary Whipp collection","Gary Whipp collection","Glazed ceramic; Paint - non specific","1911","Date made","England, United Kingdom","","International","52.435","-1.6772","https://collectionsearch.nma.gov.au/s/hw/EMU.EMUIRN/271992","2026-09-08","1901–1965","Other","Ceramic"
"271991","2021.0011.0031","Commemorative jam dish featuring monochrome portrait of Edward, Prince of Wales","Dishes","Gary Whipp collection","Gary Whipp collection","Glazed ceramic; Paint - non specific","1911","Date made","England, United Kingdom","","International","52.435","-1.6772","https://collectionsearch.nma.gov.au/s/hw/EMU.EMUIRN/271991","2025-02-25","1901–1965","Other","Ceramic"
"219809","2011.0005.0109","Bowen P A & M Association 1911 'Inverdon Dairy'","Medals","David Allen medals collection","David Allen medals collection","Metal - non specific","1911","","","","","","","https://collectionsearch.nma.gov.au/s/hw/EMU.EMUIRN/219809","2025-02-23","1901–1965","Medals","Metal"
"172558","1981.0016.0005","Exposition Internationale du Nord de la France presented to the government of Australia in Roubaix 1911 in a presentation case","Medals","Department of Capital Territory collection no. 3","Other Collections","Metal - non specific; Textile - non specific","1911","","France","","International","","","https://collectionsearch.nma.gov.au/s/hw/EMU.EMUIRN/172558","2025-02-17","1901–1965","Medals","Metal"
"271966","2021.0011.0042","Commemorative plate for Coronation of King George V, 1911","Plates","Gary Whipp collection","Gary Whipp collection","Glazed ceramic; Paint - non specific","1911","Date made","England, United Kingdom","","International","52.435","-1.6772","https://collectionsearch.nma.gov.au/s/hw/EMU.EMUIRN/271966","2025-02-25","1901–1965","Other","Ceramic"
"271990","2021.0011.0045","Commemorative saucer featuring monochrome portrait of Edward, Prince of Wales, British Pottery","Saucers","Gary Whipp collection","Gary Whipp collection","Glazed ceramic; Paint - non specific","1911","Date made","England, United Kingdom","","International","52.435","-1.6772","https://collectionsearch.nma.gov.au/s/hw/EMU.EMUIRN/271990","2025-02-25","1901–1965","Other","Ceramic"
"58160","1997.0012.0002","Commemorative book celebrating the Trans-Australian Railway, Turning the First Sod, By His Excellency the Governor General at Port Augusta, 14 September 1912","Commemorative books","Elizabeth Kay collection no. 1","Other Collections","Ink; Paper","1912","Date of publication","Kalgoorlie, Western Australia, Australia; Nullarbor Plain, Australia; Perth, Western Australia, Australia; Port Augusta, South Australia, Australia","South Australia","Australia","-34.9285","138.6007","https://collectionsearch.nma.gov.au/s/hw/EMU.EMUIRN/58160","2025-06-30","1901–1965","Other","Paper"
"219613","2012.0033.0001","1913 ten shilling note","Money; Paper money","Ten Shillings Note collection","Other Collections","Ink; Paper","1913","Production date","Nagambie, Goulburn Weir, Victoria, Australia","Victoria","Australia","-37.8136","144.9631","https://collectionsearch.nma.gov.au/s/hw/EMU.EMUIRN/219613","2025-02-17","1901–1965","Banknotes","Paper"
"27696","1986.0040.0001","Waterside Workers Federation of Australia Sydney Branch, In memory of our fallen members at the front","Commemorative banners","Waterside Workers Federation of Australia (Sydney Branch) collection","Other Collections","Canvas; Oil paint; Wood","1914","Date made","Belgium; France; Gallipoli, Turkey; Germany; Middle East; Papua New Guinea, Oceania; Sydney Harbour, Sydney, New South Wales, Australia; Sydney, New South Wales, Australia","New South Wales","Australia","-33.85","151.2","https://collectionsearch.nma.gov.au/s/hw/EMU.EMUIRN/27696","2025-06-19","1901–1965","Other","Textile"
"118217","1999.0015.0001","White china cup commemorating the sinking of SMS Emden by HMAS Sydney at Keeling Cocos Island on 9 November 1914","Commemorative cups","Margaret Gibb collection","Other Collections","China","1914","Date made","Canberra, Australian Capital Territory, Australia; England; Germany; North Keeling Island, Cocos (Keeling) Islands, Australia, Indian Ocean; Sydney, New South Wales, Australia","New South Wales","Australia","52.435","-1.6772","https://collectionsearch.nma.gov.au/s/hw/EMU.EMUIRN/118217","2025-02-17","1901–1965","Other","Ceramic"
"107886","2005.0012.0001","World War One period medallion and badge display shield","Commemorative objects","World War One Button Shield collection","Other Collections","Lacquer; Metal - non specific; Paint - non specific; Plastic - non specific; Resin - non specific; Wood","1914","Date made","","","","","","https://collectionsearch.nma.gov.au/s/hw/EMU.EMUIRN/107886","2025-02-17","1901–1965","Other","Metal"
"111646","1999.0013.0002","Instructions for the guidance of Allowance Postmasters at non-money order offices","Instruction books","Australia Post Historical collection","Other Collections","Ink; Paper; Textile - non specific","1914","Date of issue","Melbourne, Victoria, Australia","Victoria","Australia","-37.8167","144.967","https://collectionsearch.nma.gov.au/s/hw/EMU.EMUIRN/111646","2025-02-24","1901–1965","Other","Paper"
"219797","2011.0005.0040","Albury & Border Pastoral & Agricultural Society 'Champion Boar 1914'","Medals","David Allen medals collection","David Allen medals collection","Metal - non specific","1914","","","","","","","https://collectionsearch.nma.gov.au/s/hw/EMU.EMUIRN/219797","2025-02-23","1901–1965","Medals","Metal"
"230386","2013.0022.0009","British War Medal 1914 - 1918 awarded to James Pitkeathly","Military medals","James Pitkeathly collection no. 1","Other Collections","Metal - non specific","1914","","","","","","","https://collectionsearch.nma.gov.au/s/hw/EMU.EMUIRN/230386","2025-02-17","1901–1965","Medals","Metal"
"34683","1987.0022.0001.002","Campaign bar to Commemorative Medal for the Greco-Bulgarian War, 1913, awarded to Pantalis Daglas, Hellenic Army","Military medals","Stella Fradelos collection","Other Collections","Brass; Gold","1914","Date made","Greece","","International","39.0742","21.8242","https://collectionsearch.nma.gov.au/s/hw/EMU.EMUIRN/34683","2023-07-04","1901–1965","Medals","Metal"
"34684","1987.0022.0001.003","Campaign bar to Commemorative Medal for the Greco-Bulgarian War, 1913, awarded to Pantalis Daglas, Hellenic Army","Military medals","Stella Fradelos collection","Other Collections","Brass; Gold","1914","Date made","Greece","","International","39.0742","21.8242","https://collectionsearch.nma.gov.au/s/hw/EMU.EMUIRN/34684","2023-07-04","1901–1965","Medals","Metal"
"34682","1987.0022.0001.001","Commemorative Medal for the Greco-Bulgarian War, 1913, awarded to Pantalis Daglas, Hellenic Army","Military medals","Stella Fradelos collection","Other Collections","Bronze; Gold; Textile - non specific","1914","Date made","Bulgaria; Bunbury, Western Australia, Australia; Greece; Macedonia; Montenegro; Romania; Serbia; Turkey","Western Australia","Australia","39.0742","21.8242","https://collectionsearch.nma.gov.au/s/hw/EMU.EMUIRN/34682","2025-02-17","1901–1965","Medals","Metal"
"34686","1987.0022.0003","Commemorative Medal for the Greco-Bulgarian War, 1913, awarded to Pantalis Daglas, Hellenic Army","Military medals","Stella Fradelos collection","Other Collections","Bronze; Gold; Textile - non specific","1914","Date made","Bulgaria; Bunbury, Western Australia, Australia; Greece; Macedonia; Montenegro; Romania; Serbia; Turkey","Western Australia","Australia","39.0742","21.8242","https://collectionsearch.nma.gov.au/s/hw/EMU.EMUIRN/34686","2025-02-17","1901–1965","Medals","Metal"
"34685","1987.0022.0002","Commemorative Medal for the Greco-Turkish War of 1912-1913, awarded to Pantalis Daglas, Hellenic Army","Military medals","Stella Fradelos collection","Other Collections","Bronze; Gold; Textile - non specific","1914","Date made","Bulgaria; Bunbury, Western Australia, Australia; Greece; Montenegro; Serbia; Turkey","Western Australia","Australia","39.0742","21.8242","https://collectionsearch.nma.gov.au/s/hw/EMU.EMUIRN/34685","2025-02-17","1901–1965","Medals","Metal"
"160375","2009.0062.0001","Row of 5 military medals awarded to Colyn Cohen (the British War Medal 1914-20; the Victory Medal (Army); the War Medal 1939-45; the Australia Service Medal 1939-45 and the Efficiency Decoration).","Military medals","Colyn Cohen collection no. 2","Other Collections","Metal - non specific; Textile - non specific","1914","","","","","","","https://collectionsearch.nma.gov.au/s/hw/EMU.EMUIRN/160375","2025-02-17","1901–1965","Medals","Metal"
"160374","2009.0062.0002","Row of 5 miniature military medals awarded to Colyn Cohen (the British War Medal 1914-20; the Victory Medal (Army); the War Medal 1939-45; the Australia Service Medal 1939-45 and the Efficiency Decoration).","Military medals","Colyn Cohen collection no. 2","Other Collections","Metal - non specific; Textile - non specific","1914","","","","","","","https://collectionsearch.nma.gov.au/s/hw/EMU.EMUIRN/160374","2025-02-17","1901–1965","Medals","Metal"
"126857","1988.0024.0048","Receipt for one pound, one shilling from the Royal Aero Club of the United Kingdom, 1914","Receipts","Eric J Treloar collection","Other Collections","Paper","1914","Date created","","","","","","https://collectionsearch.nma.gov.au/s/hw/EMU.EMUIRN/126857","2025-02-24","1901–1965","Other","Paper"
"162915","2009.0030.0001","1914 -15 Challenge Cup medal","Sports medals","Patrick McCue collection no. 3","Other Collections","Enamelled metal; Metal - non specific","1914","","","","","","","https://collectionsearch.nma.gov.au/s/hw/EMU.EMUIRN/162915","2025-02-17","1901–1965","Medals","Metal"
"35030","1987.0030.0121","Anzac Day - Advance Australia, Help those Who Helped You, 25 April 1915","Commemorative badges","Social History Museums (South Australia) collection","Other Collections","Metal - non specific; Plastic - non specific","1915","","Gallipoli, Turkey; Middle East; North Fitzroy, Melbourne, Victoria, Australia; Papua New Guinea, Oceania; South Australia, Australia","Victoria","Australia","-37.7886","144.979","https://collectionsearch.nma.gov.au/s/hw/EMU.EMUIRN/35030","2025-02-17","1901–1965","Medals","Metal"
"35032","1987.0030.0123","Anzac Day - Lest We forget Gallipoli, 25 April, 1915","Commemorative badges","Social History Museums (South Australia) collection","Other Collections","Metal - non specific; Plastic - non specific","1915","","Gallipoli, Turkey; North Fitzroy, Melbourne, Victoria, Australia; South Australia, Australia","Victoria","Australia","-37.7886","144.979","https://collectionsearch.nma.gov.au/s/hw/EMU.EMUIRN/35032","2025-02-17","1901–1965","Medals","Metal"
"272017","2021.0011.0094","Tin badge featuring Edward, Prince of Wales, 1915","Commemorative badges","Gary Whipp collection","Gary Whipp collection","Ink; Metal - non specific; Paper; Plastic","1915","Date made","","","","","","https://collectionsearch.nma.gov.au/s/hw/EMU.EMUIRN/272017","2025-02-25","1901–1965","Medals","Metal"
"272015","2021.0011.0092","Tin badge featuring Edward, Prince of Wales, 1915","Commemorative badges","Gary Whipp collection","Gary Whipp collection","Ink; Metal - non specific; Paper; Plastic","1915","Date made","","","","","","https://collectionsearch.nma.gov.au/s/hw/EMU.EMUIRN/272015","2025-02-25","1901–1965","Medals","Metal"
"272016","2021.0011.0093","Tin badge featuring Edward, Prince of Wales, 1915","Commemorative badges","Gary Whipp collection","Gary Whipp collection","Ink; Metal - non specific; Paper; Plastic","1915","Date made","","","","","","https://collectionsearch.nma.gov.au/s/hw/EMU.EMUIRN/272016","2025-02-25","1901–1965","Medals","Metal"
"73788","2004.0060.0013","Der Grossdampfer Lusitania Durch Ein Deutsches Tauchboot Versenkt 7 Mai 1915","Commemorative medallions","Olive King collection","Other Collections","Bronze","1915","Date designed","Germany","","International","51.1656","10.4514","https://collectionsearch.nma.gov.au/s/hw/EMU.EMUIRN/73788","2025-02-17","1901–1965","Medals","Metal"
"112796","2007.0094.0012","First Anzac Day, 25th April, 1916 for Classes V and VI","Commemorative books","Sir Littleton Groom collection","Other Collections","Ink; Paper","1916","","","","","","","https://collectionsearch.nma.gov.au/s/hw/EMU.EMUIRN/112796","2025-02-24","1901–1965","Other","Paper"
"70899","2003.0083.0015","Newspaper article titled Antarctic Medals, mentioning John Close, 1916","Newspaper clippings","John Collinson Close collection","Other Collections","Ink; Paper","1916","Date of publication","Antarctica","","International","","","https://collectionsearch.nma.gov.au/s/hw/EMU.EMUIRN/70899","2025-02-19","1901–1965","Other","Paper"
"34956","1987.0030.0047","The Way of the Red Cross in the Great War 1917","Commemorative badges","Social History Museums (South Australia) collection","Other Collections","","1917","","North Fitzroy, Melbourne, Victoria, Australia","Victoria","Australia","-37.7886","144.979","https://collectionsearch.nma.gov.au/s/hw/EMU.EMUIRN/34956","2025-02-17","1901–1965","Medals","Unspecified"
"34974","1987.0030.0065","1918 Black Rock Australia Day","Commemorative badges","Social History Museums (South Australia) collection","Other Collections","Metal - non specific; Plastic - non specific","1918","Date made","Adelaide, South Australia, Australia; Black Rock, Melbourne, Victoria, Australia; Melbourne, Victoria, Australia","Victoria","Australia","-37.8167","144.967","https://collectionsearch.nma.gov.au/s/hw/EMU.EMUIRN/34974","2025-02-17","1901–1965","Medals","Metal"
"34986","1987.0030.0077","Advance Australia, Australia Day 1918","Commemorative badges","Social History Museums (South Australia) collection","Other Collections","Metal - non specific; Plastic - non specific","1918","","Adelaide, South Australia, Australia; Melbourne, Victoria, Australia","Victoria","Australia","-37.8167","144.967","https://collectionsearch.nma.gov.au/s/hw/EMU.EMUIRN/34986","2025-02-17","1901–1965","Medals","Metal"
"34982","1987.0030.0073","Advance Australia, Australia Day 1918","Commemorative badges","Social History Museums (South Australia) collection","Other Collections","Metal - non specific; Plastic - non specific","1918","","Adelaide, South Australia, Australia; Melbourne, Victoria, Australia","Victoria","Australia","-37.8167","144.967","https://collectionsearch.nma.gov.au/s/hw/EMU.EMUIRN/34982","2025-02-17","1901–1965","Medals","Metal"
"34979","1987.0030.0070","Australia Day 1918","Commemorative badges","Social History Museums (South Australia) collection","Other Collections","Metal - non specific; Plastic - non specific","1918","Date made","Adelaide, South Australia, Australia; Melbourne, Victoria, Australia","Victoria","Australia","-37.8167","144.967","https://collectionsearch.nma.gov.au/s/hw/EMU.EMUIRN/34979","2025-02-17","1901–1965","Medals","Metal"
"34991","1987.0030.0082","Australia Day 1918","Commemorative badges","Social History Museums (South Australia) collection","Other Collections","Metal - non specific; Plastic - non specific","1918","","Adelaide, South Australia, Australia","South Australia","Australia","-34.9167","138.6","https://collectionsearch.nma.gov.au/s/hw/EMU.EMUIRN/34991","2025-02-17","1901–1965","Medals","Metal"
"34988","1987.0030.0079","Australia Day 1918 Town Hall","Commemorative badges","Social History Museums (South Australia) collection","Other Collections","Metal - non specific; Plastic - non specific","1918","","Adelaide, South Australia, Australia; Melbourne, Victoria, Australia","Victoria","Australia","-37.8167","144.967","https://collectionsearch.nma.gov.au/s/hw/EMU.EMUIRN/34988","2025-02-17","1901–1965","Medals","Metal"
"34965","1987.0030.0056","Australia Day 1918 Williamstown","Commemorative badges","Social History Museums (South Australia) collection","Other Collections","Metal - non specific; Plastic - non specific","1918","Date made","North Fitzroy, Melbourne, Victoria, Australia; Williamstown, Melbourne, Victoria, Australia","Victoria","Australia","-37.7886","144.979","https://collectionsearch.nma.gov.au/s/hw/EMU.EMUIRN/34965","2025-02-17","1901–1965","Medals","Metal"
"34969","1987.0030.0060","Australia Day 1918, Belalie North","Commemorative badges","Social History Museums (South Australia) collection","Other Collections","Metal - non specific; Plastic - non specific","1918","","Adelaide, South Australia, Australia; Belalie North, South Australia, Australia; Melbourne, Victoria, Australia","Victoria","Australia","-37.8167","144.967","https://collectionsearch.nma.gov.au/s/hw/EMU.EMUIRN/34969","2025-02-17","1901–1965","Medals","Metal"
"34970","1987.0030.0061","Australia Day 1918, Lake Wangary","Commemorative badges","Social History Museums (South Australia) collection","Other Collections","Metal - non specific; Plastic - non specific","1918","","Adelaide, South Australia, Australia; Wangary, Eyre Peninsula, South Australia, Australia","South Australia","Australia","-34.9167","138.6","https://collectionsearch.nma.gov.au/s/hw/EMU.EMUIRN/34970","2025-02-17","1901–1965","Medals","Metal"
"34971","1987.0030.0062","Australia Day Burra Aug 10, 1918, Swing Bridge","Commemorative badges","Social History Museums (South Australia) collection","Other Collections","Metal - non specific; Plastic - non specific","1918","","Burra, South Australia, Australia","South Australia","Australia","-34.9285","138.6007","https://collectionsearch.nma.gov.au/s/hw/EMU.EMUIRN/34971","2025-02-17","1901–1965","Medals","Metal"
"34968","1987.0030.0059","Australia Day Port Pirie, 1918","Commemorative badges","Social History Museums (South Australia) collection","Other Collections","Metal - non specific; Plastic - non specific","1918","Date made","Adelaide, South Australia, Australia; Port Pirie, South Australia, Australia","South Australia","Australia","-34.9167","138.6","https://collectionsearch.nma.gov.au/s/hw/EMU.EMUIRN/34968","2025-02-17","1901–1965","Medals","Metal"
"34987","1987.0030.0078","Australia Day Port Victoria 1918","Commemorative badges","Social History Museums (South Australia) collection","Other Collections","Metal - non specific; Plastic - non specific","1918","","Adelaide, South Australia, Australia; Melbourne, Victoria, Australia; Port Victoria, Yorke Peninsula, South Australia, Australia","Victoria","Australia","-37.8167","144.967","https://collectionsearch.nma.gov.au/s/hw/EMU.EMUIRN/34987","2025-02-17","1901–1965","Medals","Metal"
"34993","1987.0030.0084","Australia Day badge from 1918","Commemorative badges","Social History Museums (South Australia) collection","Other Collections","Metal - non specific; Plastic - non specific","1918","Date made","Adelaide, South Australia, Australia","South Australia","Australia","-34.9167","138.6","https://collectionsearch.nma.gov.au/s/hw/EMU.EMUIRN/34993","2025-02-17","1901–1965","Medals","Metal"
"34983","1987.0030.0074","Australia Day, 1918","Commemorative badges","Social History Museums (South Australia) collection","Other Collections","Metal - non specific; Plastic - non specific","1918","Date made","Adelaide, South Australia, Australia; Melbourne, Victoria, Australia","Victoria","Australia","-37.8167","144.967","https://collectionsearch.nma.gov.au/s/hw/EMU.EMUIRN/34983","2025-02-17","1901–1965","Medals","Metal"
"34990","1987.0030.0081","Australia Day, Mt Gambier 1918","Commemorative badges","Social History Museums (South Australia) collection","Other Collections","Metal - non specific; Plastic - non specific","1918","","Adelaide, South Australia, Australia; Melbourne, Victoria, Australia; Mount Gambier, South Australia, Australia","Victoria","Australia","-37.8167","144.967","https://collectionsearch.nma.gov.au/s/hw/EMU.EMUIRN/34990","2025-02-17","1901–1965","Medals","Metal"
"34992","1987.0030.0083","Balaklava, Australia Day 1918","Commemorative badges","Social History Museums (South Australia) collection","Other Collections","Metal - non specific; Plastic - non specific","1918","","Adelaide, South Australia, Australia; Balaklava, South Australia, Australia; Melbourne, Victoria, Australia","Victoria","Australia","-37.8167","144.967","https://collectionsearch.nma.gov.au/s/hw/EMU.EMUIRN/34992","2025-02-17","1901–1965","Medals","Metal"
"35038","1987.0030.0129","For Our King Lower Light, 1918","Commemorative badges","Social History Museums (South Australia) collection","Other Collections","Metal - non specific; Plastic - non specific","1918","","Adelaide, South Australia, Australia; Lower Light, South Australia, Australia","South Australia","Australia","-34.9167","138.6","https://collectionsearch.nma.gov.au/s/hw/EMU.EMUIRN/35038","2025-02-17","1901–1965","Medals","Metal"
"34967","1987.0030.0058","G.P.O. Adelaide. Australia Day, 1918","Commemorative badges","Social History Museums (South Australia) collection","Other Collections","Metal - non specific; Plastic - non specific","1918","","Adelaide, South Australia, Australia","South Australia","Australia","-34.9167","138.6","https://collectionsearch.nma.gov.au/s/hw/EMU.EMUIRN/34967","2025-02-17","1901–1965","Medals","Metal"
"34978","1987.0030.0069","Golden Grove Australia Day 1918","Commemorative badges","Social History Museums (South Australia) collection","Other Collections","Metal - non specific; Plastic - non specific","1918","","Golden Grove, Adelaide, South Australia, Australia","South Australia","Australia","-34.9285","138.6007","https://collectionsearch.nma.gov.au/s/hw/EMU.EMUIRN/34978","2025-02-17","1901–1965","Medals","Metal"
"34996","1987.0030.0087","Lake Wangary, Australia Day 1918","Commemorative badges","Social History Museums (South Australia) collection","Other Collections","Metal - non specific; Plastic - non specific","1918","","Adelaide, South Australia, Australia; Wangary, Eyre Peninsula, South Australia, Australia","South Australia","Australia","-34.9167","138.6","https://collectionsearch.nma.gov.au/s/hw/EMU.EMUIRN/34996","2025-02-17","1901–1965","Medals","Metal"
"34975","1987.0030.0066","Norwood 1918 Australia Day, United We Prosper","Commemorative badges","Social History Museums (South Australia) collection","Other Collections","Metal - non specific; Plastic - non specific","1918","","Norwood, Adelaide, South Australia, Australia","South Australia","Australia","-34.9285","138.6007","https://collectionsearch.nma.gov.au/s/hw/EMU.EMUIRN/34975","2025-02-17","1901–1965","Medals","Metal"
"34976","1987.0030.0067","Old Burra Mine Australia Day, Burra Aug 10, 1918","Commemorative badges","Social History Museums (South Australia) collection","Other Collections","Metal - non specific; Plastic - non specific","1918","","Burra, South Australia, Australia","South Australia","Australia","-34.9285","138.6007","https://collectionsearch.nma.gov.au/s/hw/EMU.EMUIRN/34976","2025-02-17","1901–1965","Medals","Metal"
"34981","1987.0030.0072","Port Adelaide Australia Day, July 19-20, 1918","Commemorative badges","Social History Museums (South Australia) collection","Other Collections","Metal - non specific; Plastic - non specific","1918","Date made","Adelaide, South Australia, Australia; Port Adelaide, Adelaide, South Australia, Australia","South Australia","Australia","-34.9167","138.6","https://collectionsearch.nma.gov.au/s/hw/EMU.EMUIRN/34981","2025-02-17","1901–1965","Medals","Metal"
"35034","1987.0030.0125","Victor Harbour Soldiers Memorial Gardens","Commemorative badges","Social History Museums (South Australia) collection","Other Collections","Metal - non specific; Plastic - non specific","1918","","Adelaide, South Australia, Australia; Victor Harbor, South Australia, Australia","South Australia","Australia","-34.9167","138.6","https://collectionsearch.nma.gov.au/s/hw/EMU.EMUIRN/35034","2025-02-17","1901–1965","Medals","Metal"
"35049","1987.0030.0140","Victor Harbour Soldiers' Memorial Gardens","Commemorative badges","Social History Museums (South Australia) collection","Other Collections","Metal - non specific; Plastic - non specific","1918","","Adelaide, South Australia, Australia; Victor Harbor, South Australia, Australia","South Australia","Australia","-34.9167","138.6","https://collectionsearch.nma.gov.au/s/hw/EMU.EMUIRN/35049","2025-02-17","1901–1965","Medals","Metal"
"35053","1987.0030.0144","Victor Harbour Soldiers' Memorial Gardens","Commemorative badges","Social History Museums (South Australia) collection","Other Collections","Metal - non specific; Plastic - non specific","1918","","Adelaide, South Australia, Australia; Melbourne, Victoria, Australia; Victor Harbor, South Australia, Australia","Victoria","Australia","-37.8167","144.967","https://collectionsearch.nma.gov.au/s/hw/EMU.EMUIRN/35053","2025-02-17","1901–1965","Medals","Metal"
"34999","1987.0030.0090","Wattle Day League, S.A, 1918","Commemorative badges","Social History Museums (South Australia) collection","Other Collections","Metal - non specific; Plastic - non specific","1918","","Adelaide, South Australia, Australia","South Australia","Australia","-34.9167","138.6","https://collectionsearch.nma.gov.au/s/hw/EMU.EMUIRN/34999","2025-02-17","1901–1965","Medals","Metal"
"58234","1997.0040.0001","Commemorative souvenir red, white and blue triangular paper 'PEACE HAT, 1918'","Hats","Adrian Luck collection no. 1","Other Collections","Ink; Paper","1918","Date made","Australia; Belgium; France; Germany; United States of America","","Australia","","","https://collectionsearch.nma.gov.au/s/hw/EMU.EMUIRN/58234","2025-02-18","1901–1965","Other","Paper"
"227406","2012.0064.0003","Medal awarded to Vince Kelly on his return from active service in April 1918","Medals","Vincent Kelly collection","Other Collections","Metal - non specific","1918","","","","","","","https://collectionsearch.nma.gov.au/s/hw/EMU.EMUIRN/227406","2025-11-24","1901–1965","Medals","Metal"
"158421","2009.0025.0011","Central Cumberland League Bicycle Club 1918 Champion medal","Sports medals","Ken Ross collection","Other Collections","Metal - non specific","1918","","","","","","","https://collectionsearch.nma.gov.au/s/hw/EMU.EMUIRN/158421","2026-06-30","1901–1965","Medals","Metal"
"57293","1996.0026.0113","PRESENTED BY, St Patricks Sports Committee, TO MISS E. ROACH, FOR BREAKING THE WORLD'S RECORD, LADIES HIGH JUMP, ON J.R.GLEN'S 'WALLAROO', 16.3.1918","Sports medals","Colledge Family collection","Other Collections","Metal - non specific","1918","","Bendigo, Victoria, Australia","Victoria","Australia","-37.8136","144.9631","https://collectionsearch.nma.gov.au/s/hw/EMU.EMUIRN/57293","2025-02-17","1901–1965","Medals","Metal"
"34961","1987.0030.0052","Army Nurses Day 1919","Commemorative badges","Social History Museums (South Australia) collection","Other Collections","Metal - non specific; Plastic - non specific","1919","","Adelaide, South Australia, Australia","South Australia","Australia","-34.9167","138.6","https://collectionsearch.nma.gov.au/s/hw/EMU.EMUIRN/34961","2025-02-17","1901–1965","Medals","Metal"
"272019","2021.0011.0088","Badge featuring Edward, Prince of Wales, April 25th 1919","Commemorative badges","Gary Whipp collection","Gary Whipp collection","Adhesive - non specific; Ink; Metal - non specific; Paper; Plastic","1919","Date made","","","","","","https://collectionsearch.nma.gov.au/s/hw/EMU.EMUIRN/272019","2025-02-25","1901–1965","Medals","Metal"
"35016","1987.0030.0107","Souvenir badge that commemorates the first flight from England to Australia by Ross and Keith Smith in 1919","Commemorative badges","Social History Museums (South Australia) collection","Other Collections","Metal - non specific; Plastic - non specific","1919","Date made","Adelaide, South Australia, Australia; Darwin, Northern Territory, Australia; Hounslow, London, England","South Australia","Australia","-34.9167","138.6","https://collectionsearch.nma.gov.au/s/hw/EMU.EMUIRN/35016","2025-02-17","1901–1965","Medals","Metal"
"35071","1987.0030.0162","State Boys' Memorial - that's one of our boys, 1919","Commemorative badges","Social History Museums (South Australia) collection","Other Collections","Metal - non specific; Plastic - non specific","1919","","Adelaide, South Australia, Australia","South Australia","Australia","-34.9167","138.6","https://collectionsearch.nma.gov.au/s/hw/EMU.EMUIRN/35071","2025-02-17","1901–1965","Medals","Metal"
"35072","1987.0030.0163","State Boys' Memorial - that's one of our boys, 1919","Commemorative badges","Social History Museums (South Australia) collection","Other Collections","Metal - non specific; Plastic - non specific","1919","","Adelaide, South Australia, Australia","South Australia","Australia","-34.9167","138.6","https://collectionsearch.nma.gov.au/s/hw/EMU.EMUIRN/35072","2025-02-17","1901–1965","Medals","Metal"
"34926","1987.0030.0017","Violet Day 1919 fundraising badge","Commemorative badges","Social History Museums (South Australia) collection","Other Collections","Metal - non specific","1919","","Adelaide, South Australia, Australia","South Australia","Australia","-34.9285","138.6007","https://collectionsearch.nma.gov.au/s/hw/EMU.EMUIRN/34926","2025-02-17","1901–1965","Medals","Metal"
"34931","1987.0030.0022","Violet Day, Remembrance of Famous S.A. Troops that Helped to Secure Victory, 1919, fundraising badge","Commemorative badges","Social History Museums (South Australia) collection","Other Collections","Metal - non specific","1919","","Adelaide, South Australia, Australia","South Australia","Australia","-34.9167","138.6","https://collectionsearch.nma.gov.au/s/hw/EMU.EMUIRN/34931","2025-02-17","1901–1965","Medals","Metal"
"272035","2021.0011.0077","Blue commemorative biscuit tin featuring King Edward VIII","Biscuit tins","Gary Whipp collection","Gary Whipp collection","Adhesive - non specific; Ink; Metal - non specific; Paint - non specific; Paper","1920","Date made","","","","","","https://collectionsearch.nma.gov.au/s/hw/EMU.EMUIRN/272035","2025-02-25","1901–1965","Other","Metal"
"272036","2021.0011.0078","Square red commemorative biscuit tin featuring King Edward VIII","Biscuit tins","Gary Whipp collection","Gary Whipp collection","Metal - non specific; Paint - non specific","1920","Date made","","","","","","https://collectionsearch.nma.gov.au/s/hw/EMU.EMUIRN/272036","2025-02-25","1901–1965","Other","Metal"
"272018","2021.0011.0090","Tin badge featuring Edward, Prince of Wales and HMS Renown, 1920","Commemorative badges","Gary Whipp collection","Gary Whipp collection","Ink; Metal - non specific; Paper; Plastic","1920","Date made","","","","","","https://collectionsearch.nma.gov.au/s/hw/EMU.EMUIRN/272018","2025-02-25","1901–1965","Medals","Metal"
"272014","2021.0011.0099","Bronze medal commemorating Royal Tour of Edward, Prince of Wales, 1920","Commemorative medals","Gary Whipp collection","Gary Whipp collection","Bronze; Metal - non specific","1920","Date made","Melbourne, Victoria, Australia","Victoria","Australia","-37.8167","144.967","https://collectionsearch.nma.gov.au/s/hw/EMU.EMUIRN/272014","2025-02-25","1901–1965","Medals","Metal"
"272007","2021.0011.0097","Bronze medal commemorating Royal Tour of Edward, Prince of Wales, 1920, in card enclosure","Commemorative medals","Gary Whipp collection","Gary Whipp collection","Bronze; Card; Ink; Metal - non specific; Plastic","1920","Date made","","","","","","https://collectionsearch.nma.gov.au/s/hw/EMU.EMUIRN/272007","2025-02-25","1901–1965","Medals","Metal"
"272006","2021.0011.0100","Bronze medal commemorating Royal Tour of Edward, Prince of Wales, 1920, in card enclosure","Commemorative medals","Gary Whipp collection","Gary Whipp collection","Bronze; Card; Ink; Metal - non specific; Plastic","1920","Date made","Melbourne, Victoria, Australia","Victoria","Australia","-37.8167","144.967","https://collectionsearch.nma.gov.au/s/hw/EMU.EMUIRN/272006","2025-02-25","1901–1965","Medals","Metal"
"272009","2021.0011.0102","Bronze medal commemorating Royal Tour of Edward, Prince of Wales, 1920, in card enclosure","Commemorative medals","Gary Whipp collection","Gary Whipp collection","Bronze; Card; Ink; Metal - non specific; Plastic","1920","Date made","Melbourne, Victoria, Australia","Victoria","Australia","-37.8167","144.967","https://collectionsearch.nma.gov.au/s/hw/EMU.EMUIRN/272009","2025-02-25","1901–1965","Medals","Metal"
"272010","2021.0011.0103","Bronze medal commemorating Royal Tour to Tasmania of Edward, Prince of Wales, 1920","Commemorative medals","Gary Whipp collection","Gary Whipp collection","Bronze; Metal - non specific","1920","Date made","Melbourne, Victoria, Australia; Tasmania, Australia","Victoria","Australia","-37.8167","144.967","https://collectionsearch.nma.gov.au/s/hw/EMU.EMUIRN/272010","2025-02-25","1901–1965","Medals","Metal"
"272011","2021.0011.0104","Bronze medal commemorating Royal Tour visit to Eaglehawk, Victoria by Edward, Prince of Wales, 1920","Commemorative medals","Gary Whipp collection","Gary Whipp collection","Bronze; Metal - non specific","1920","Date made","Melbourne, Victoria, Australia","Victoria","Australia","-37.8167","144.967","https://collectionsearch.nma.gov.au/s/hw/EMU.EMUIRN/272011","2025-02-25","1901–1965","Medals","Metal"
"272008","2021.0011.0098","Bronze medal with tricolour ribbon commemorating Royal Tour of Edward, Prince of Wales, 1920","Commemorative medals","Gary Whipp collection","Gary Whipp collection","Bronze; Metal - non specific; Plastic; Textile - non specific","1920","Date made","Melbourne, Victoria, Australia","Victoria","Australia","-37.8167","144.967","https://collectionsearch.nma.gov.au/s/hw/EMU.EMUIRN/272008","2025-02-25","1901–1965","Medals","Metal"
"272013","2021.0011.0096","Gilded bronze medal commemorating Royal Tour of Edward, Prince of Wales, 1920","Commemorative medals","Gary Whipp collection","Gary Whipp collection","Bronze; Metal - non specific; Textile - non specific","1920","Date made","","","","","","https://collectionsearch.nma.gov.au/s/hw/EMU.EMUIRN/272013","2025-02-25","1901–1965","Medals","Metal"
"272005","2021.0011.0101","Silvered bronze medal commemorating Royal Tour of Edward, Prince of Wales, 1920, in card enclosure","Commemorative medals","Gary Whipp collection","Gary Whipp collection","Bronze; Card; Ink; Metal - non specific; Plastic","1920","Date made","Melbourne, Victoria, Australia","Victoria","Australia","-37.8167","144.967","https://collectionsearch.nma.gov.au/s/hw/EMU.EMUIRN/272005","2025-02-25","1901–1965","Medals","Metal"
"272012","2021.0011.0095","Silvered bronze medal commemorating Royal Tour visit to Queensland by Edward, Prince of Wales, 1920","Commemorative medals","Gary Whipp collection","Gary Whipp collection","Bronze; Metal - non specific","1920","Date made","Melbourne, Victoria, Australia; Queensland, Australia","Victoria","Australia","-37.8167","144.967","https://collectionsearch.nma.gov.au/s/hw/EMU.EMUIRN/272012","2025-02-25","1901–1965","Medals","Metal"
"108251","2006.0005.0001","Commemorative desk set celebrating Minchinbury Vineyard's first release of champage on 1 July 1920","Desk sets","Robin Moorhouse collection","Other Collections","Leather; Silver-plated metal - non specific; Wood","1920","Date made","","","","","","https://collectionsearch.nma.gov.au/s/hw/EMU.EMUIRN/108251","2025-02-17","1901–1965","Other","Metal"
"126146","2003.0003.0003","Pair of First World War service medals issued to 9956 Driver Alison Hope Oliver, AIF","Medals","Alison Hope Oliver collection","Other Collections","Cuprous metal - non specific; Silver; Textile - non specific","1920","Date of issue","Belgium; Egypt, Africa; England; France; Watersleigh, Sydney, New South Wales, Australia","New South Wales","Australia","-33.8688","151.2093","https://collectionsearch.nma.gov.au/s/hw/EMU.EMUIRN/126146","2026-09-08","1901–1965","Medals","Metal"
"62221","2003.0003.0003.001","British War Medal 1914-20 to 9956 Driver Alison Hope Oliver, AIF","Military medals","Alison Hope Oliver collection","Other Collections","Silver; Textile - non specific","1920","Date of issue","Belgium; Egypt, Africa; England; France; Watersleigh, Sydney, New South Wales, Australia","New South Wales","Australia","-33.8688","151.2093","https://collectionsearch.nma.gov.au/s/hw/EMU.EMUIRN/62221","2023-01-06","1901–1965","Medals","Metal"
"62222","2003.0003.0003.002","Victory Medal to 9956 Driver Ailson Hope Oliver, AIF","Military medals","Alison Hope Oliver collection","Other Collections","Cuprous metal - non specific; Textile - non specific","1920","Date of issue","Belgium; Egypt, Africa; England; France; Watersleigh, Sydney, New South Wales, Australia","New South Wales","Australia","-33.8688","151.2093","https://collectionsearch.nma.gov.au/s/hw/EMU.EMUIRN/62222","2021-05-11","1901–1965","Medals","Metal"
"272031","2021.0011.0053","Commemorative napkin ring relating to King Edward VIII","Serviette rings","Gary Whipp collection","Gary Whipp collection","Enamel; Metal - non specific; Sterling silver","1920","Date made","","","","","","https://collectionsearch.nma.gov.au/s/hw/EMU.EMUIRN/272031","2025-02-25","1901–1965","Other","Metal"
"74493","2005.0005.0364","Mauve satin covered ladies shoes with irridescent gelatin sequin decoration on toe and strap","Shoes","Springfield - Faithfull Family collection","Springfield - Faithfull Family collection","Leather; Metal - non specific; Satin","1920","Date made","Switzerland","","International","46.7972","8.0931","https://collectionsearch.nma.gov.au/s/hw/EMU.EMUIRN/74493","2026-09-08","1901–1965","Other","Metal"
"22062","1986.0001.0084","Edgar Mayne an Australian Test Cricketer - 1921 Australian Team","Commemorative badges","Nanette Ward collection","Other Collections","Metal - non specific; Plastic - non specific","1921","","","","","","","https://collectionsearch.nma.gov.au/s/hw/EMU.EMUIRN/22062","2025-03-06","1901–1965","Medals","Metal"
"22061","1986.0001.0083","Edgar Mayne an Australian Test Cricketer - 1921 Australian Team","Commemorative badges","Nanette Ward collection","Other Collections","Metal - non specific; Plastic - non specific","1921","","","","","","","https://collectionsearch.nma.gov.au/s/hw/EMU.EMUIRN/22061","2025-03-06","1901–1965","Medals","Metal"
"22046","1986.0001.0068","J.M. Gregory, Australian Test Cricketer - 1921 Australian Team","Commemorative badges","Nanette Ward collection","Other Collections","Metal - non specific; Plastic - non specific","1921","","","","","","","https://collectionsearch.nma.gov.au/s/hw/EMU.EMUIRN/22046","2025-03-06","1901–1965","Medals","Metal"
"135444","1989.0009.0029","Randwick Freemasons 1921-1971","Commemorative badges","Dr Robert C Percival collection","Other Collections","Metal - non specific","1921","","Randwick, Sydney, New South Wales, Australia","New South Wales","Australia","-33.8688","151.2093","https://collectionsearch.nma.gov.au/s/hw/EMU.EMUIRN/135444","2025-02-17","1901–1965","Medals","Metal"
"123753","1986.0001.0226","Medallion commemorating the Australian Cricket Tour to South Africa, 1921","Commemorative medallions","Nanette Ward collection","Other Collections","Metal - non specific","1921","","South Africa, Africa","","International","","","https://collectionsearch.nma.gov.au/s/hw/EMU.EMUIRN/123753","2025-03-06","1901–1965","Medals","Metal"
"22015","1986.0001.0039","Medallion commemorating the Australian Cricket Tour to South Africa, 1921","Commemorative medallions","Nanette Ward collection","Other Collections","Metal - non specific","1921","","South Africa, Africa","","International","","","https://collectionsearch.nma.gov.au/s/hw/EMU.EMUIRN/22015","2025-03-06","1901–1965","Medals","Metal"
"22032","1986.0001.0054","Miniature red cricket ball made of tin with photograph of E.R. Mayne on one side, ""Australian Team 1921, E.R. MAYNE, AUSSIE JUNIOR SPECIAL MATCH""","Commemorative objects","Nanette Ward collection","Other Collections","Metal - non specific; Paint - non specific","1921","","","","","","","https://collectionsearch.nma.gov.au/s/hw/EMU.EMUIRN/22032","2025-03-06","1901–1965","Other","Metal"
"22031","1986.0001.0053","Miniature red cricket ball made of tin with photograph of E.R. Mayne on one side, ""Australian Team 1921, E.R. MAYNE, AUSSIE JUNIOR SPECIAL MATCH""","Commemorative objects","Nanette Ward collection","Other Collections","Metal - non specific; Paint - non specific","1921","Date made","","","","","","https://collectionsearch.nma.gov.au/s/hw/EMU.EMUIRN/22031","2025-03-06","1901–1965","Other","Metal"
"62220","2003.0003.0002.003","Commemorative certificate from King George to the mother of 9956 Driver Alison Hope Oliver, AIF, who was killed in France","Certificates","Alison Hope Oliver collection","Other Collections","Ink; Paper","1922","Date of issue","Belgium; Egypt, Africa; England; France; London, England; Watersleigh, Sydney, New South Wales, Australia","New South Wales","Australia","51.5072","-0.1278","https://collectionsearch.nma.gov.au/s/hw/EMU.EMUIRN/62220","2023-01-11","1901–1965","Other","Paper"
"219849","2011.0005.0028","Royal Agricultural Society of NSW 1922 'Clydesdale Mare'","Medals","David Allen medals collection","David Allen medals collection","Metal - non specific","1922","","","","","","","https://collectionsearch.nma.gov.au/s/hw/EMU.EMUIRN/219849","2025-02-23","1901–1965","Medals","Metal"
"219850","2011.0005.0029","Royal Agricultural Society of NSW 1922 'Plymouth Rock'","Medals","David Allen medals collection","David Allen medals collection","Metal - non specific","1922","","","","","","","https://collectionsearch.nma.gov.au/s/hw/EMU.EMUIRN/219850","2025-02-23","1901–1965","Medals","Metal"
"113874","1996.0026.0215","Presented to J.L. Burton by the Studebaker Corporation Albany to Perth Record","Medals","Colledge Family collection","Other Collections","Cuprous metal - non specific","1923","Date of issue","Albany, Western Australia, Australia; Perth, Western Australia, Australia","Western Australia","Australia","-31.9505","115.8605","https://collectionsearch.nma.gov.au/s/hw/EMU.EMUIRN/113874","2025-02-17","1901–1965","Medals","Metal"
"113873","1996.0026.0214","Presented to J.L. Burton by the Studebaker Corporation Fremantle to Sydney Record","Medals","Colledge Family collection","Other Collections","Cuprous metal - non specific","1923","Date of issue","Fremantle, Perth, Western Australia, Australia; Sydney, New South Wales, Australia","New South Wales","Australia","-33.8688","151.2093","https://collectionsearch.nma.gov.au/s/hw/EMU.EMUIRN/113873","2025-02-17","1901–1965","Medals","Metal"
"37716","1988.0102.0003","Latvian 1 Lati denomination silver coin","Coins","Ida Dagys collection","Other Collections","Metal - non specific","1924","Date of issue","Latvia","","International","56.8797","24.6031","https://collectionsearch.nma.gov.au/s/hw/EMU.EMUIRN/37716","2025-02-17","1901–1965","Coins","Metal"
"172474","1981.0016.0002","British Empire Exhibition 1924 medal in a presentation case","Commemorative medals","Department of Capital Territory collection no. 3","Other Collections","Metal - non specific; Textile - non specific","1924","","Great Britain","","International","","","https://collectionsearch.nma.gov.au/s/hw/EMU.EMUIRN/172474","2025-02-17","1901–1965","Medals","Metal"
"267395","1986.0124.0007","60th Anniversary Castellorizian Brotherhood NSW 1924-1984","Commemorative teaspoons","Basil Galettis collection no. 1","Other Collections","","1924","","","","","","","https://collectionsearch.nma.gov.au/s/hw/EMU.EMUIRN/267395","2026-09-08","1901–1965","Other","Unspecified"
"39407","1990.0023.0008","Ladies bright green georgette evening cape with elaborate beaded decoration","Evening capes","Hazel Hooton and Elizabeth Gibson collection","Other Collections","Glass; Plastic - non specific; Textile - non specific","1924","","France","","International","46.5592","2.2742","https://collectionsearch.nma.gov.au/s/hw/EMU.EMUIRN/39407","2025-02-23","1901–1965","Other","Textile"
"220005","2011.0005.0018","Royal Agricultural Society of Western Australia 1924 'Dried Fruit'","Medals","David Allen medals collection","David Allen medals collection","Metal - non specific","1924","","","","","","","https://collectionsearch.nma.gov.au/s/hw/EMU.EMUIRN/220005","2025-02-23","1901–1965","Medals","Metal"
"132011","2008.0021.0029.018","Newspaper clipping, titled Link With the Past from the Goulburn Evening Penny Post, 29 November 1924","Newspaper clippings","Gallaway-Gore collection","Other Collections","","1924","","Goulburn, New South Wales, Australia","New South Wales","Australia","-34.73","149.73","https://collectionsearch.nma.gov.au/s/hw/EMU.EMUIRN/132011","2021-05-11","1901–1965","Other","Unspecified"
"34263","1986.0124.0015","The Castellorizian Club Ltd 1924 1984 Commemorative Programme 60th Anniversary of The Castellorizian Brotherhood 10th June 1984","Programs","Basil Galettis collection no. 1","Other Collections","Cardboard; Ink; Metal - non specific; Paper","1924","","","","","","","https://collectionsearch.nma.gov.au/s/hw/EMU.EMUIRN/34263","2025-02-24","1901–1965","Other","Metal"
"37715","1988.0102.0002","Latvian 2 Lati denomination silver coin","Coins","Ida Dagys collection","Other Collections","Metal - non specific","1925","Date of issue","Latvia","","International","56.8797","24.6031","https://collectionsearch.nma.gov.au/s/hw/EMU.EMUIRN/37715","2025-02-17","1901–1965","Coins","Metal"
"172465","1981.0016.0001","British Empire Exhibition 1925 medal in a presentation case","Commemorative medals","Department of Capital Territory collection no. 3","Other Collections","Metal - non specific; Paper; Textile - non specific","1925","","Great Britain","","International","","","https://collectionsearch.nma.gov.au/s/hw/EMU.EMUIRN/172465","2025-02-17","1901–1965","Medals","Metal"
"158444","2009.0025.0012","Sydney Sports Ground 1925-1926 medal","Sports medals","Ken Ross collection","Other Collections","Metal - non specific","1925","","Sydney, New South Wales, Australia","New South Wales","Australia","-33.8688","151.2093","https://collectionsearch.nma.gov.au/s/hw/EMU.EMUIRN/158444","2026-06-30","1901–1965","Medals","Metal"
"158443","2009.0025.0001","Woy Woy Champion 1925 medal","Sports medals","Ken Ross collection","Other Collections","Metal - non specific","1925","","Woy Woy, New South Wales, Australia","New South Wales","Australia","-33.8688","151.2093","https://collectionsearch.nma.gov.au/s/hw/EMU.EMUIRN/158443","2025-02-17","1901–1965","Medals","Metal"
"55065","1994.0024.0001","Souvenir cup from the opening of Old Parliament House on 9 May 1927","Commemorative cups","Bernice Spence Fryer collection","Other Collections","China","1926","Date made","England, United Kingdom; Old Parliament House, Parkes, Canberra, Australian Capital Territory, Australia","Australian Capital Territory","Australia","52.435","-1.6772","https://collectionsearch.nma.gov.au/s/hw/EMU.EMUIRN/55065","2025-02-17","1901–1965","Other","Ceramic"
"162538","1996.0036.0001","Souvenir white china cup and saucer commemorating the opening of Federal Parliament on 9 May 1927","Commemorative cups","GC Askew collection","Other Collections","China","1926","Date made","England; Nagambie, Goulburn Weir, Victoria, Australia; Old Parliament House, Parkes, Canberra, Australian Capital Territory, Australia","Victoria","Australia","52.435","-1.6772","https://collectionsearch.nma.gov.au/s/hw/EMU.EMUIRN/162538","2025-02-17","1901–1965","Other","Ceramic"
"57597","1996.0036.0001.001","Souvenir white china cup commemorating the opening of Federal Parliament on 9 May 1927","Commemorative cups","GC Askew collection","Other Collections","China","1926","Date made","England; Nagambie, Goulburn Weir, Victoria, Australia; Old Parliament House, Parkes, Canberra, Australian Capital Territory, Australia","Victoria","Australia","52.435","-1.6772","https://collectionsearch.nma.gov.au/s/hw/EMU.EMUIRN/57597","2025-12-19","1901–1965","Other","Ceramic"
"62233","2003.0004.0001","Souvenir mug - Australia a nation, May 1927, To commemorate the opening of the Federal Parliament House Canberra","Commemorative mugs","John and Jan Wilson collection","Other Collections","China","1926","Date made","Canberra, Australian Capital Territory, Australia; England, United Kingdom","Australian Capital Territory","Australia","52.435","-1.6772","https://collectionsearch.nma.gov.au/s/hw/EMU.EMUIRN/62233","2026-08-17","1901–1965","Other","Ceramic"
"58838","1999.0017.0146","To Commemorate the opening of the Federal Parliament House Canberra, May 1927","Commemorative mugs","Terence Lane collection","Other Collections","China","1926","Date made","England; Old Parliament House, Parkes, Canberra, Australian Capital Territory, Australia","Australian Capital Territory","Australia","52.435","-1.6772","https://collectionsearch.nma.gov.au/s/hw/EMU.EMUIRN/58838","2025-02-17","1901–1965","Other","Ceramic"
"276278","2024.0002.0112","Five miles championship medal awarded to Dunc Gray by NSW Cyclists Union, 1926","Medals","Dunc Gray collection","Other Collections","Gemstone - non specific; Metal - non specific; Paint - non specific","1926","","","","","","","https://collectionsearch.nma.gov.au/s/hw/EMU.EMUIRN/276278","2026-08-18","1901–1965","Medals","Metal"
"158446","2009.0025.0002","1 Mile Country Championship 1926 winner's medal","Sports medals","Ken Ross collection","Other Collections","Metal - non specific","1926","","","","","","","https://collectionsearch.nma.gov.au/s/hw/EMU.EMUIRN/158446","2025-02-17","1901–1965","Medals","Metal"
"158447","2009.0025.0003","1/2 Mile Australasia Championship 1926 - 2nd place medal","Sports medals","Ken Ross collection","Other Collections","Enamel; Metal - non specific","1926","","","","","","","https://collectionsearch.nma.gov.au/s/hw/EMU.EMUIRN/158447","2025-02-17","1901–1965","Medals","Metal"
"158448","2009.0025.0014","1/4 Mile Australasian Championship 1926 - 2nd place medal","Sports medals","Ken Ross collection","Other Collections","Metal - non specific","1926","","","","","","","https://collectionsearch.nma.gov.au/s/hw/EMU.EMUIRN/158448","2026-06-30","1901–1965","Medals","Metal"
"158449","2009.0025.0013","Goulburn to Sydney Road Race 1926 - Fastest Time medal","Sports medals","Ken Ross collection","Other Collections","Enamel; Metal - non specific","1926","","Goulburn, New South Wales, Australia; Sydney, New South Wales, Australia","New South Wales","Australia","-33.8688","151.2093","https://collectionsearch.nma.gov.au/s/hw/EMU.EMUIRN/158449","2026-06-30","1901–1965","Medals","Metal"
"124353","1989.0023.0039","Stamp 'G.H. Taylor' used by George Taylor to mark his tools during the construction of Old Parliament House","Stamps (tools)","George Henry Taylor collection","Other Collections","","1926","Date made","Canberra, Australian Capital Territory, Australia; Old Parliament House, Parkes, Canberra, Australian Capital Territory, Australia","Australian Capital Territory","Australia","-35.3","149.13","https://collectionsearch.nma.gov.au/s/hw/EMU.EMUIRN/124353","2025-09-22","1901–1965","Stamps","Unspecified"
"54617","1993.0117.0001","Commemorative blue enamelled florin brooch depicting Old Parliament House, 1927","Badges","People's Paraphernalia collection no. 1","Other Collections","Enamel; Silver","1927","Date made","Old Parliament House, Parkes, Canberra, Australian Capital Territory, Australia","Australian Capital Territory","Australia","-35.2809","149.13","https://collectionsearch.nma.gov.au/s/hw/EMU.EMUIRN/54617","2025-09-24","1901–1965","Medals","Metal"
"266738","2020.0002.0129","Commemorative Florin in badge, 1927","Brooches","Trevor Kennedy collection","Other Collections","Metal - non specific; Sterling silver","1927","","","","","","","https://collectionsearch.nma.gov.au/s/hw/EMU.EMUIRN/266738","2025-11-18","1901–1965","Other","Metal"
"112800","2007.0094.0006","Opening of Provisional Federal Parliament House Canberra in 1927.","Commemorative badges","Sir Littleton Groom collection","Other Collections","Enamel; Metal - non specific","1927","","","","","","","https://collectionsearch.nma.gov.au/s/hw/EMU.EMUIRN/112800","2025-09-24","1901–1965","Medals","Metal"
"75733","1999.0014.0005.001","Souvenir of the Opening of Parliament House at Canberra by His Royal Highness the Duke of York, 9 May 1927","Commemorative books","People's Paraphernalia collection no. 23","Other Collections","Adhesive - non specific; Ink; Leather; Paint - non specific; Paper; Textile - non specific","1927","Date of publication","Canberra, Australian Capital Territory, Australia; Old Parliament House, Parkes, Canberra, Australian Capital Territory, Australia","Australian Capital Territory","Australia","-35.3","149.13","https://collectionsearch.nma.gov.au/s/hw/EMU.EMUIRN/75733","2025-09-17","1901–1965","Other","Paper"
"58496","1998.0015.0001","Souvenir card to commemorate the opening of Parliament House Canberra in 1927","Commemorative cards","Grout-Smith collection","Other Collections","Card; Ink; Metal - non specific","1927","Date made","Old Parliament House, Parkes, Canberra, Australian Capital Territory, Australia; Red Hill, Canberra, Australian Capital Territory, Australia","Australian Capital Territory","Australia","-35.2809","149.13","https://collectionsearch.nma.gov.au/s/hw/EMU.EMUIRN/58496","2025-02-17","1901–1965","Other","Metal"
"22024","1986.0001.0048","Souvenir miniature cricket bat, 'Australian XI vs Singapore & Malaya, May & June 1927, The Europe Hotel, Singapore'","Commemorative objects","Nanette Ward collection","Other Collections","Graphite; Ink; Wood","1927","Date made","Singapore","","International","1.3519","103.82","https://collectionsearch.nma.gov.au/s/hw/EMU.EMUIRN/22024","2025-03-06","1901–1965","Other","Paper"
"22023","1986.0001.0047","Souvenir miniature cricket bat, 'Australian XI vs Singapore & Malaya, May & June 1927, The Europe Hotel, Singapore'","Commemorative objects","Nanette Ward collection","Other Collections","Graphite; Ink; Wood","1927","Date made","Singapore","","International","1.3519","103.82","https://collectionsearch.nma.gov.au/s/hw/EMU.EMUIRN/22023","2025-03-06","1901–1965","Other","Paper"
"232847","2014.0021.0009","Parliament House Australia Florin, 1927","Florins","David Chaplin Sterry collection","Other Collections","Metal - non specific","1927","","","","","","","https://collectionsearch.nma.gov.au/s/hw/EMU.EMUIRN/232847","2025-02-17","1901–1965","Coins","Metal"
"122707","1996.0026.0110","Gold medal show award from the Royal Agricultural Society of NSW Royal Spring Fair 1927","Medals","Colledge Family collection","Other Collections","Cardboard; Metal - non specific; Textile - non specific","1927","","","","","","","https://collectionsearch.nma.gov.au/s/hw/EMU.EMUIRN/122707","2026-09-08","1901–1965","Medals","Metal"
"57285","1996.0026.0110.001","Royal Agricultural Society of New South Wales Royal Spring Fair Horseriding medal awarded to Miss E Roach 1927","Medals","Colledge Family collection","Other Collections","Metal - non specific","1927","","New South Wales, Australia","New South Wales","Australia","-33.8688","151.2093","https://collectionsearch.nma.gov.au/s/hw/EMU.EMUIRN/57285","2019-11-26","1901–1965","Medals","Metal"
"114995","2005.0025.0005","Souvenir plate - IX Olympiade, Amsterdam 1928","Commemorative plates","Suzanne Clubb collection","Other Collections","China","1928","Date made","Amsterdam, The Netherlands","","International","","","https://collectionsearch.nma.gov.au/s/hw/EMU.EMUIRN/114995","2026-09-08","1901–1965","Other","Ceramic"
"271719","2024.0002.0093","Bronze medal awarded to Dunc Gray at Amsterdam Olympic Games, 1928","Medals","Dunc Gray collection","Other Collections","Metal - non specific","1928","","Amsterdam, The Netherlands","","International","","","https://collectionsearch.nma.gov.au/s/hw/EMU.EMUIRN/271719","2026-08-18","1901–1965","Medals","Metal"
"276177","2024.0002.0088","Competitors medal awarded to Dunc Gray at Amsterdam Olympic Games, 1928","Medals","Dunc Gray collection","Other Collections","Metal - non specific","1928","","Amsterdam, The Netherlands","","International","","","https://collectionsearch.nma.gov.au/s/hw/EMU.EMUIRN/276177","2026-08-18","1901–1965","Medals","Metal"
"276279","2024.0002.0111","Half mile championship medal awarded to Dunc Gray by NSW Cyclists Union, Goulburn, 1928","Medals","Dunc Gray collection","Other Collections","Gemstone - non specific; Metal - non specific; Paint - non specific","1928","","","","","","","https://collectionsearch.nma.gov.au/s/hw/EMU.EMUIRN/276279","2026-08-18","1901–1965","Medals","Metal"
"276360","2024.0002.0135","One mile Australian championship medal awarded to Dunc Gray by NSW Cyclists Union, Sydney, 1928","Medals","Dunc Gray collection","Other Collections","Metal - non specific; Paint - non specific","1928","","","","","","","https://collectionsearch.nma.gov.au/s/hw/EMU.EMUIRN/276360","2026-08-18","1901–1965","Medals","Metal"
"158450","2009.0025.0015","Goulburn to Sydney Road Race 1928 - Winner's medal","Sports medals","Ken Ross collection","Other Collections","Enamel; Metal - non specific","1928","","Goulburn, New South Wales, Australia; Sydney, New South Wales, Australia","New South Wales","Australia","-33.8688","151.2093","https://collectionsearch.nma.gov.au/s/hw/EMU.EMUIRN/158450","2026-06-30","1901–1965","Medals","Metal"
"276365","2024.0002.0136","Five mile championship medal awarded to Dunc Gray by Queensland Amateur Cyclists Union, 1929","Medals","Dunc Gray collection","Other Collections","Metal - non specific; Paint - non specific","1929","","","","","","","https://collectionsearch.nma.gov.au/s/hw/EMU.EMUIRN/276365","2026-08-18","1901–1965","Medals","Metal"
"276283","2024.0002.0118","Five miles championship medal awarded to Dunc Gray by NSW Cyclists Union, 1929","Medals","Dunc Gray collection","Other Collections","Gemstone - non specific; Metal - non specific; Paint - non specific","1929","","","","","","","https://collectionsearch.nma.gov.au/s/hw/EMU.EMUIRN/276283","2026-08-18","1901–1965","Medals","Metal"
"122706","1996.0026.0109","Gold medal from the Royal Agricultural Society of N.S.W. Royal Easter Show Sydney 1929","Medals","Colledge Family collection","Other Collections","Metal - non specific; Plastic - non specific; Textile - non specific","1929","","Sydney, New South Wales, Australia","New South Wales","Australia","-33.8688","151.2093","https://collectionsearch.nma.gov.au/s/hw/EMU.EMUIRN/122706","2025-02-17","1901–1965","Medals","Metal"
"276285","2024.0002.0110","Half mile championship medal awarded to Dunc Gray by NSW Cyclists Union, 1929","Medals","Dunc Gray collection","Other Collections","Gemstone - non specific; Metal - non specific; Paint - non specific","1929","","","","","","","https://collectionsearch.nma.gov.au/s/hw/EMU.EMUIRN/276285","2026-08-18","1901–1965","Medals","Metal"
"276284","2024.0002.0115","One mile championship medal awarded to Dunc Gray by NSW Cyclists Union, 1929","Medals","Dunc Gray collection","Other Collections","Gemstone - non specific; Metal - non specific; Paint - non specific","1929","","","","","","","https://collectionsearch.nma.gov.au/s/hw/EMU.EMUIRN/276284","2026-08-18","1901–1965","Medals","Metal"
"276363","2024.0002.0137","One mile championship medal awarded to Dunc Gray by Queensland Amateur Cyclists Union, 1929","Medals","Dunc Gray collection","Other Collections","Metal - non specific; Paint - non specific","1929","","","","","","","https://collectionsearch.nma.gov.au/s/hw/EMU.EMUIRN/276363","2026-08-18","1901–1965","Medals","Metal"
"57283","1996.0026.0109.001","Royal Easter Show Medal, awarded to Miss E. Roach, rider of Dungog, Ladies High Jump, Sydney 1929","Medals","Colledge Family collection","Other Collections","Metal - non specific","1929","","Sydney, New South Wales, Australia","New South Wales","Australia","-33.8688","151.2093","https://collectionsearch.nma.gov.au/s/hw/EMU.EMUIRN/57283","2022-08-12","1901–1965","Medals","Metal"
"276282","2024.0002.0109","Ten miles championship medal awarded to Dunc Gray by NSW Cyclists Union, 1929","Medals","Dunc Gray collection","Other Collections","Metal - non specific; Paint - non specific","1929","","","","","","","https://collectionsearch.nma.gov.au/s/hw/EMU.EMUIRN/276282","2026-08-18","1901–1965","Medals","Metal"
"58411","1997.0055.0010","Sydney welcomes ""Johnnie"" 1930","Commemorative badges","People's Paraphernalia collection no. 21","Other Collections","Metal - non specific; Plastic - non specific","1930","Date made","Sydney, New South Wales, Australia","New South Wales","Australia","-33.8688","151.2093","https://collectionsearch.nma.gov.au/s/hw/EMU.EMUIRN/58411","2025-02-17","1901–1965","Medals","Metal"
"276287","2024.0002.0114","Half mile championship medal awarded to Dunc Gray by NSW Cyclists Union, 1930","Medals","Dunc Gray collection","Other Collections","Gemstone - non specific; Metal - non specific; Paint - non specific","1930","","","","","","","https://collectionsearch.nma.gov.au/s/hw/EMU.EMUIRN/276287","2026-08-18","1901–1965","Medals","Metal"
"227403","2012.0064.0002","Medal awarded to Vincent Kelly in 1930 after surviving a fall from Sydney Harbour Bridge","Medals","Vincent Kelly collection","Other Collections","Metal - non specific","1930","","","","","","","https://collectionsearch.nma.gov.au/s/hw/EMU.EMUIRN/227403","2025-12-08","1901–1965","Medals","Metal"
"57287","1996.0026.0111.001","Narrandera Show horseriding medal awarded to Mrs W Roach 1930","Medals","Colledge Family collection","Other Collections","Metal - non specific","1930","","Narrandera, New South Wales, Australia","New South Wales","Australia","-33.8688","151.2093","https://collectionsearch.nma.gov.au/s/hw/EMU.EMUIRN/57287","2022-08-12","1901–1965","Medals","Metal"
"122709","1996.0026.0111","Narrandera Show medal 1930","Medals","Colledge Family collection","Other Collections","Cardboard; Metal - non specific; Textile - non specific","1930","","Narrandera, New South Wales, Australia","New South Wales","Australia","-33.8688","151.2093","https://collectionsearch.nma.gov.au/s/hw/EMU.EMUIRN/122709","2025-02-17","1901–1965","Medals","Metal"
"276288","2024.0002.0107","One mile championship medal awarded to Dunc Gray by NSW Cyclists Union, 1930","Medals","Dunc Gray collection","Other Collections","Metal - non specific; Paint - non specific","1930","","","","","","","https://collectionsearch.nma.gov.au/s/hw/EMU.EMUIRN/276288","2026-08-18","1901–1965","Medals","Metal"
"262310","2020.0002.0125","Surf Life Saving Australia medal awarded to Wilton Wier, 1930","Medals","Trevor Kennedy collection","Other Collections","Bronze; Metal - non specific","1930","","","","","","","https://collectionsearch.nma.gov.au/s/hw/EMU.EMUIRN/262310","2025-11-18","1901–1965","Medals","Metal"
"276286","2024.0002.0117","Ten miles championship medal awarded to Dunc Gray by NSW Cyclists Union, 1930","Medals","Dunc Gray collection","Other Collections","Gemstone - non specific; Metal - non specific; Paint - non specific","1930","","","","","","","https://collectionsearch.nma.gov.au/s/hw/EMU.EMUIRN/276286","2026-08-18","1901–1965","Medals","Metal"
"158451","2009.0025.0004","Goulburn to Sydney Road Race 1930 - 13th place medal","Sports medals","Ken Ross collection","Other Collections","Enamel; Metal - non specific","1930","","Goulburn, New South Wales, Australia; Sydney, New South Wales, Australia","New South Wales","Australia","-33.8688","151.2093","https://collectionsearch.nma.gov.au/s/hw/EMU.EMUIRN/158451","2025-02-17","1901–1965","Medals","Metal"
"37714","1988.0102.0001","Latvian 5 Lati denomination silver coin","Coins","Ida Dagys collection","Other Collections","Metal - non specific","1931","Date of issue","Latvia","","International","56.8797","24.6031","https://collectionsearch.nma.gov.au/s/hw/EMU.EMUIRN/37714","2025-02-17","1901–1965","Coins","Metal"
"51635","1992.0097.0064","Appeal to the Citizens of New South Wales to raise money for the Sydney Harbour Bridge Celebrations March 1932","Leaflets","Enid Treadgold collection","Other Collections","Paper","1931","Date of publication","Sydney Harbour Bridge, Sydney Harbour, Sydney, New South Wales, Australia","New South Wales","Australia","-33.8688","151.2093","https://collectionsearch.nma.gov.au/s/hw/EMU.EMUIRN/51635","2025-02-24","1901–1965","Other","Paper"
"276371","2024.0002.0134","Five mile championship medal awarded to Dunc Gray by NSW Cyclists Union, Sydney, 1931","Medals","Dunc Gray collection","Other Collections","Metal - non specific; Paint - non specific","1931","","","","","","","https://collectionsearch.nma.gov.au/s/hw/EMU.EMUIRN/276371","2026-08-18","1901–1965","Medals","Metal"
"276260","2024.0002.0116","Five miles championship medal awarded to Dunc Gray by NSW Cyclists Union, 1931","Medals","Dunc Gray collection","Other Collections","Gemstone - non specific; Metal - non specific; Paint - non specific","1931","","","","","","","https://collectionsearch.nma.gov.au/s/hw/EMU.EMUIRN/276260","2026-08-18","1901–1965","Medals","Metal"
"276264","2024.0002.0113","One mile championship medal awarded to Dunc Gray by NSW Cyclists Union, 1931","Medals","Dunc Gray collection","Other Collections","Gemstone - non specific; Metal - non specific; Paint - non specific","1931","","","","","","","https://collectionsearch.nma.gov.au/s/hw/EMU.EMUIRN/276264","2026-08-18","1901–1965","Medals","Metal"
"276383","2024.0002.0133","One mile championship medal awarded to Dunc Gray by NSW Cyclists Union, Sydney, 1931","Medals","Dunc Gray collection","Other Collections","Metal - non specific; Paint - non specific","1931","","","","","","","https://collectionsearch.nma.gov.au/s/hw/EMU.EMUIRN/276383","2026-08-18","1901–1965","Medals","Metal"
"158453","2009.0025.0016","Goulburn to Sydney Road Race 1931 - Fastest time medal","Sports medals","Ken Ross collection","Other Collections","Enamel; Metal - non specific","1931","","Goulburn, New South Wales, Australia; Sydney, New South Wales, Australia","New South Wales","Australia","-33.8688","151.2093","https://collectionsearch.nma.gov.au/s/hw/EMU.EMUIRN/158453","2026-06-30","1901–1965","Medals","Metal"
"53080","1993.0025.0002","1932 Sydney Harbour Bridge","Commemorative badges","Lois and John Grosse collection","Other Collections","Metal - non specific","1932","","","","","","","https://collectionsearch.nma.gov.au/s/hw/EMU.EMUIRN/53080","2025-02-17","1901–1965","Medals","Metal"
"266464","2020.0002.0092","Silver Sydney Harbour Bridge commemorative medal, 1932","Commemorative medals","Trevor Kennedy collection","Other Collections","Metal - non specific; Silver","1932","","","","","","","https://collectionsearch.nma.gov.au/s/hw/EMU.EMUIRN/266464","2025-11-18","1901–1965","Medals","Metal"
"276175","2024.0002.0089","Competitors medal awarded to Dunc Gray at Los Angeles Olympic Games, 1932","Medals","Dunc Gray collection","Other Collections","Metal - non specific","1932","","Los Angeles, California, United States of America","","International","","","https://collectionsearch.nma.gov.au/s/hw/EMU.EMUIRN/276175","2026-08-18","1901–1965","Medals","Metal"
"276266","2024.0002.0108","One mile NSW championship medal awarded to Dunc Gray, 1932","Medals","Dunc Gray collection","Other Collections","Metal - non specific; Paint - non specific","1932","","","","","","","https://collectionsearch.nma.gov.au/s/hw/EMU.EMUIRN/276266","2026-08-18","1901–1965","Medals","Metal"
"275239","AR00356.001","Sydney Harbour Bridge commemorative scroll","Scrolls","Esmey Mary Herscovitch collection","Other Collections","Ink; Paint - non specific; Paper; Textile - non specific","1932","Date of publication","Sydney Harbour Bridge, Sydney Harbour, Sydney, New South Wales, Australia","New South Wales","Australia","-33.8688","151.2093","https://collectionsearch.nma.gov.au/s/hw/EMU.EMUIRN/275239","2025-06-30","1901–1965","Other","Paper"
"159099","1999.0017.0148","Teacup and saucer with wattle blossom commemorating the Centenary of Melbourne 1934","Commemorative cups","Terence Lane collection","Other Collections","Ceramic","1933","Date made","England; Melbourne, Victoria, Australia","Victoria","Australia","52.435","-1.6772","https://collectionsearch.nma.gov.au/s/hw/EMU.EMUIRN/159099","2026-09-08","1901–1965","Other","Ceramic"
"58840","1999.0017.0148.001","Teacup with wattle blossom commemorating the Centenary of Melbourne 1934","Commemorative cups","Terence Lane collection","Other Collections","Ceramic","1933","Date made","England; Melbourne, Victoria, Australia","Victoria","Australia","52.435","-1.6772","https://collectionsearch.nma.gov.au/s/hw/EMU.EMUIRN/58840","2022-07-12","1901–1965","Other","Ceramic"
"231429","2013.0021.0001","Commemorative airmail box carried in 'Faith in Australia' from Australia to New Zealand in December 1933","Commemorative objects","Glenn Piper collection","Other Collections","Leather; Metal - non specific; Paper; Wood","1933","","","","","","","https://collectionsearch.nma.gov.au/s/hw/EMU.EMUIRN/231429","2026-09-08","1901–1965","Other","Metal"
"41156","1991.0008.0001","Cricket ball with a commemorative metal plate, engraved 'F. Blade from the N.S.W. Team...1933'","Cricket balls","Fern Blade collection","Other Collections","Leather; Metal - non specific","1933","","","","","","","https://collectionsearch.nma.gov.au/s/hw/EMU.EMUIRN/41156","2025-06-20","1901–1965","Other","Metal"
"276273","2024.0002.0123","Half mile championship medal awarded to Dunc Gray by NSW Cyclists Union, 1933-1934","Medals","Dunc Gray collection","Other Collections","Metal - non specific; Paint - non specific","1933","","","","","","","https://collectionsearch.nma.gov.au/s/hw/EMU.EMUIRN/276273","2026-08-18","1901–1965","Medals","Metal"
"276272","2024.0002.0119","Quarter mile championship medal awarded to Dunc Gray by NSW Cyclists Union, 1933-1934","Medals","Dunc Gray collection","Other Collections","Metal - non specific; Paint - non specific","1933","","","","","","","https://collectionsearch.nma.gov.au/s/hw/EMU.EMUIRN/276272","2026-08-18","1901–1965","Medals","Metal"
"276271","2024.0002.0121","Three mile championship medal awarded to Dunc Gray by NSW Cyclists Union, 1933-1934","Medals","Dunc Gray collection","Other Collections","Metal - non specific; Paint - non specific","1933","","","","","","","https://collectionsearch.nma.gov.au/s/hw/EMU.EMUIRN/276271","2026-08-18","1901–1965","Medals","Metal"
"276270","2024.0002.0120","Three quarter mile championship medal awarded to Dunc Gray by NSW Cyclists Union, 1933-1934","Medals","Dunc Gray collection","Other Collections","Metal - non specific; Paint - non specific","1933","","","","","","","https://collectionsearch.nma.gov.au/s/hw/EMU.EMUIRN/276270","2026-08-18","1901–1965","Medals","Metal"
"74232","2005.0025.0003","New South Wales Women's Amateur Swimming Association silver medal awarded to E Davey","Sports medals","Suzanne Clubb collection","Other Collections","Metal - non specific","1933","Date made","New South Wales, Australia","New South Wales","Australia","-33.8688","151.2093","https://collectionsearch.nma.gov.au/s/hw/EMU.EMUIRN/74232","2025-02-17","1901–1965","Medals","Metal"
"53814","1993.0048.0015","Victorian Centenary. Girl Guides rally 1934-35","Commemorative badges","Fiona Reynolds collection","Other Collections","Metal - non specific","1934","","","","","","","https://collectionsearch.nma.gov.au/s/hw/EMU.EMUIRN/53814","2025-02-17","1901–1965","Medals","Metal"
"276181","2024.0002.0097","Competitor medal with red, white and blue ribbon awarded to Dunc Gray at British Empire Games, London, 1934","Medals","Dunc Gray collection","Other Collections","Metal - non specific; Textile - non specific","1934","","London, England","","International","","","https://collectionsearch.nma.gov.au/s/hw/EMU.EMUIRN/276181","2026-08-18","1901–1965","Medals","Metal"
"276189","2024.0002.0092","Competitors medal awarded to Dunc Gray at British Empire Games, London, 1934","Medals","Dunc Gray collection","Other Collections","Metal - non specific","1934","","London, England","","International","","","https://collectionsearch.nma.gov.au/s/hw/EMU.EMUIRN/276189","2026-08-18","1901–1965","Medals","Metal"
"114164","1998.0005.0029","George V Jubilee Medal 1935 to Dame Pattie Menzies","Medals","Dame Pattie Menzies collection no. 2","Other Collections","Metal - non specific; Textile - non specific","1934","Date made","England","","International","52.435","-1.6772","https://collectionsearch.nma.gov.au/s/hw/EMU.EMUIRN/114164","2025-02-17","1901–1965","Medals","Metal"
"276187","2024.0002.0091","Gold medal awarded to Dunc Gray at British Empire Games, London, 1934","Medals","Dunc Gray collection","Other Collections","Metal - non specific","1934","","London, England","","International","","","https://collectionsearch.nma.gov.au/s/hw/EMU.EMUIRN/276187","2026-08-18","1901–1965","Medals","Metal"
"57294","1996.0026.0114","Melbourne Centenary Royal Show medal 1934","Medals","Colledge Family collection","Other Collections","Metal - non specific","1934","","Melbourne, Victoria, Australia","Victoria","Australia","-37.8136","144.9631","https://collectionsearch.nma.gov.au/s/hw/EMU.EMUIRN/57294","2025-02-17","1901–1965","Medals","Metal"
"57295","1996.0026.0115","Melbourne Centenary Royal Show medal 1934","Medals","Colledge Family collection","Other Collections","Metal - non specific","1934","","Melbourne, Victoria, Australia","Victoria","Australia","-37.8136","144.9631","https://collectionsearch.nma.gov.au/s/hw/EMU.EMUIRN/57295","2025-02-17","1901–1965","Medals","Metal"
"158454","2009.0025.0005","Goulburn to Sydney Road Race 1934 - 56th place medal","Sports medals","Ken Ross collection","Other Collections","Enamel; Metal - non specific","1934","","Goulburn, New South Wales, Australia; Sydney, New South Wales, Australia","New South Wales","Australia","-33.8688","151.2093","https://collectionsearch.nma.gov.au/s/hw/EMU.EMUIRN/158454","2025-02-17","1901–1965","Medals","Metal"
"76790","1984.0007.0003","Clock mounted in boss of a propeller with commemorative plaque on hub","Wall clocks","Ellen Rogers collection","Other Collections","Brass; Glass; Wood","1934","Date made","New Plymouth, New Zealand; Richmond, Hawkesbury, New South Wales, Australia; Sydney, New South Wales, Australia","New South Wales","Australia","-33.85","151.2","https://collectionsearch.nma.gov.au/s/hw/EMU.EMUIRN/76790","2025-02-17","1901–1965","Other","Metal"
"230911","2013.0037.0001","A.C.A.A. 1935 Australian amateur ten mile track cycling championship medal for second place won by Reg Goodwin","Badges; Medals","Reg Goodwin collection","Other Collections","Gold-plated metal","1935","","Melbourne, Victoria, Australia","Victoria","Australia","-37.8136","144.9631","https://collectionsearch.nma.gov.au/s/hw/EMU.EMUIRN/230911","2025-02-17","1901–1965","Medals","Metal"
"270839","2020.0006.0010","Handpainted coin made by Diana Bates","Coins; Homemade toys","Diana Mary Bates collection","Diana Mary Bates collection","Metal - non specific; Paint - non specific","1935","Date made","Yarra Glen, Victoria, Australia","Victoria","Australia","-37.65","145.37","https://collectionsearch.nma.gov.au/s/hw/EMU.EMUIRN/270839","2025-06-30","1901–1965","Coins","Metal"
"270832","2020.0006.0034","Handpainted coin made by Diana Bates","Coins; Homemade toys","Diana Mary Bates collection","Diana Mary Bates collection","Metal - non specific; Paint - non specific","1935","Date made","Yarra Glen, Victoria, Australia","Victoria","Australia","-37.65","145.37","https://collectionsearch.nma.gov.au/s/hw/EMU.EMUIRN/270832","2025-02-19","1901–1965","Coins","Metal"
"270828","2020.0006.0033","Handpainted coin made by Diana Bates","Coins; Homemade toys","Diana Mary Bates collection","Diana Mary Bates collection","Metal - non specific; Paint - non specific","1935","Date made","Yarra Glen, Victoria, Australia","Victoria","Australia","-37.65","145.37","https://collectionsearch.nma.gov.au/s/hw/EMU.EMUIRN/270828","2025-02-19","1901–1965","Coins","Metal"
"270856","2020.0006.0016","Handpainted coin made by Diana Bates","Coins; Homemade toys","Diana Mary Bates collection","Diana Mary Bates collection","Metal - non specific; Paint - non specific","1935","Date made","Yarra Glen, Victoria, Australia","Victoria","Australia","-37.65","145.37","https://collectionsearch.nma.gov.au/s/hw/EMU.EMUIRN/270856","2025-06-30","1901–1965","Coins","Metal"
"270819","2020.0006.0027","Handpainted coin made by Diana Bates","Coins; Homemade toys","Diana Mary Bates collection","Diana Mary Bates collection","Metal - non specific; Paint - non specific","1935","Date made","Yarra Glen, Victoria, Australia","Victoria","Australia","-37.65","145.37","https://collectionsearch.nma.gov.au/s/hw/EMU.EMUIRN/270819","2025-02-19","1901–1965","Coins","Metal"
"270854","2020.0006.0048","Handpainted coin made by Diana Bates","Coins; Homemade toys","Diana Mary Bates collection","Diana Mary Bates collection","Metal - non specific; Paint - non specific","1935","Date made","Yarra Glen, Victoria, Australia","Victoria","Australia","-37.65","145.37","https://collectionsearch.nma.gov.au/s/hw/EMU.EMUIRN/270854","2025-02-19","1901–1965","Coins","Metal"
"270853","2020.0006.0047","Handpainted coin made by Diana Bates","Coins; Homemade toys","Diana Mary Bates collection","Diana Mary Bates collection","Metal - non specific; Paint - non specific","1935","Date made","Yarra Glen, Victoria, Australia","Victoria","Australia","-37.65","145.37","https://collectionsearch.nma.gov.au/s/hw/EMU.EMUIRN/270853","2025-02-19","1901–1965","Coins","Metal"
"270855","2020.0006.0049","Handpainted coin made by Diana Bates","Coins; Homemade toys","Diana Mary Bates collection","Diana Mary Bates collection","Metal - non specific; Paint - non specific","1935","Date made","Yarra Glen, Victoria, Australia","Victoria","Australia","-37.65","145.37","https://collectionsearch.nma.gov.au/s/hw/EMU.EMUIRN/270855","2025-02-19","1901–1965","Coins","Metal"
"270858","2020.0006.0051","Handpainted coin made by Diana Bates","Coins; Homemade toys","Diana Mary Bates collection","Diana Mary Bates collection","Metal - non specific; Paint - non specific","1935","Date made","Yarra Glen, Victoria, Australia","Victoria","Australia","-37.65","145.37","https://collectionsearch.nma.gov.au/s/hw/EMU.EMUIRN/270858","2025-02-19","1901–1965","Coins","Metal"
"270859","2020.0006.0052","Handpainted coin made by Diana Bates","Coins; Homemade toys","Diana Mary Bates collection","Diana Mary Bates collection","Metal - non specific; Paint - non specific","1935","Date made","Yarra Glen, Victoria, Australia","Victoria","Australia","-37.65","145.37","https://collectionsearch.nma.gov.au/s/hw/EMU.EMUIRN/270859","2025-02-19","1901–1965","Coins","Metal"
"270852","2020.0006.0046","Handpainted coin made by Diana Bates","Coins; Homemade toys","Diana Mary Bates collection","Diana Mary Bates collection","Metal - non specific; Paint - non specific","1935","Date made","Yarra Glen, Victoria, Australia","Victoria","Australia","-37.65","145.37","https://collectionsearch.nma.gov.au/s/hw/EMU.EMUIRN/270852","2025-02-19","1901–1965","Coins","Metal"
"270827","2020.0006.0004","Handpainted coin made by Diana Bates","Coins; Homemade toys","Diana Mary Bates collection","Diana Mary Bates collection","Metal - non specific; Paint - non specific","1935","Date made","Yarra Glen, Victoria, Australia","Victoria","Australia","-37.65","145.37","https://collectionsearch.nma.gov.au/s/hw/EMU.EMUIRN/270827","2025-06-30","1901–1965","Coins","Metal"
"270818","2020.0006.0026","Handpainted coin made by Diana Bates","Coins; Homemade toys","Diana Mary Bates collection","Diana Mary Bates collection","Metal - non specific; Paint - non specific","1935","Date made","Yarra Glen, Victoria, Australia","Victoria","Australia","-37.65","145.37","https://collectionsearch.nma.gov.au/s/hw/EMU.EMUIRN/270818","2025-02-19","1901–1965","Coins","Metal"
"270814","2020.0006.0022","Handpainted coin made by Diana Bates","Coins; Homemade toys","Diana Mary Bates collection","Diana Mary Bates collection","Metal - non specific; Paint - non specific","1935","Date made","Yarra Glen, Victoria, Australia","Victoria","Australia","-37.65","145.37","https://collectionsearch.nma.gov.au/s/hw/EMU.EMUIRN/270814","2025-02-19","1901–1965","Coins","Metal"
"270816","2020.0006.0024","Handpainted coin made by Diana Bates","Coins; Homemade toys","Diana Mary Bates collection","Diana Mary Bates collection","Metal - non specific; Paint - non specific","1935","Date made","Yarra Glen, Victoria, Australia","Victoria","Australia","-37.65","145.37","https://collectionsearch.nma.gov.au/s/hw/EMU.EMUIRN/270816","2025-02-19","1901–1965","Coins","Metal"
"270812","2020.0006.0021","Handpainted coin made by Diana Bates","Coins; Homemade toys","Diana Mary Bates collection","Diana Mary Bates collection","Metal - non specific; Paint - non specific","1935","Date made","Yarra Glen, Victoria, Australia","Victoria","Australia","-37.65","145.37","https://collectionsearch.nma.gov.au/s/hw/EMU.EMUIRN/270812","2025-02-19","1901–1965","Coins","Metal"
"270813","2020.0006.0001","Handpainted coin made by Diana Bates","Coins; Homemade toys","Diana Mary Bates collection","Diana Mary Bates collection","Metal - non specific; Paint - non specific","1935","Date made","Yarra Glen, Victoria, Australia","Victoria","Australia","-37.65","145.37","https://collectionsearch.nma.gov.au/s/hw/EMU.EMUIRN/270813","2025-06-30","1901–1965","Coins","Metal"
"270815","2020.0006.0023","Handpainted coin made by Diana Bates","Coins; Homemade toys","Diana Mary Bates collection","Diana Mary Bates collection","Metal - non specific; Paint - non specific","1935","Date made","Yarra Glen, Victoria, Australia","Victoria","Australia","-37.65","145.37","https://collectionsearch.nma.gov.au/s/hw/EMU.EMUIRN/270815","2025-02-19","1901–1965","Coins","Metal"
"270870","2020.0006.0060","Handpainted coin made by Diana Bates","Coins; Homemade toys","Diana Mary Bates collection","Diana Mary Bates collection","Metal - non specific; Paint - non specific","1935","Date made","Yarra Glen, Victoria, Australia","Victoria","Australia","-37.65","145.37","https://collectionsearch.nma.gov.au/s/hw/EMU.EMUIRN/270870","2025-02-19","1901–1965","Coins","Metal"
"270871","2020.0006.0019","Handpainted coin made by Diana Bates","Coins; Homemade toys","Diana Mary Bates collection","Diana Mary Bates collection","Metal - non specific; Paint - non specific","1935","Date made","Yarra Glen, Victoria, Australia","Victoria","Australia","-37.65","145.37","https://collectionsearch.nma.gov.au/s/hw/EMU.EMUIRN/270871","2025-06-30","1901–1965","Coins","Metal"
"270850","2020.0006.0015","Handpainted coin made by Diana Bates","Coins; Homemade toys","Diana Mary Bates collection","Diana Mary Bates collection","Metal - non specific; Paint - non specific","1935","Date made","Yarra Glen, Victoria, Australia","Victoria","Australia","-37.65","145.37","https://collectionsearch.nma.gov.au/s/hw/EMU.EMUIRN/270850","2025-06-30","1901–1965","Coins","Metal"
"270817","2020.0006.0025","Handpainted coin made by Diana Bates","Coins; Homemade toys","Diana Mary Bates collection","Diana Mary Bates collection","Metal - non specific; Paint - non specific","1935","Date made","Yarra Glen, Victoria, Australia","Victoria","Australia","-37.65","145.37","https://collectionsearch.nma.gov.au/s/hw/EMU.EMUIRN/270817","2025-02-19","1901–1965","Coins","Metal"
"270829","2020.0006.0005","Handpainted coin made by Diana Bates","Coins; Homemade toys","Diana Mary Bates collection","Diana Mary Bates collection","Metal - non specific; Paint - non specific","1935","Date made","Yarra Glen, Victoria, Australia","Victoria","Australia","-37.65","145.37","https://collectionsearch.nma.gov.au/s/hw/EMU.EMUIRN/270829","2025-06-30","1901–1965","Coins","Metal"
"270822","2020.0006.0003","Handpainted coin made by Diana Bates","Coins; Homemade toys","Diana Mary Bates collection","Diana Mary Bates collection","Metal - non specific; Paint - non specific","1935","Date made","Yarra Glen, Victoria, Australia","Victoria","Australia","-37.65","145.37","https://collectionsearch.nma.gov.au/s/hw/EMU.EMUIRN/270822","2025-06-30","1901–1965","Coins","Metal"
"270837","2020.0006.0038","Handpainted coin made by Diana Bates","Coins; Homemade toys","Diana Mary Bates collection","Diana Mary Bates collection","Metal - non specific; Paint - non specific","1935","Date made","Yarra Glen, Victoria, Australia","Victoria","Australia","-37.65","145.37","https://collectionsearch.nma.gov.au/s/hw/EMU.EMUIRN/270837","2025-02-19","1901–1965","Coins","Metal"
"270830","2020.0006.0006","Handpainted coin made by Diana Bates","Coins; Homemade toys","Diana Mary Bates collection","Diana Mary Bates collection","Metal - non specific; Paint - non specific","1935","Date made","Yarra Glen, Victoria, Australia","Victoria","Australia","-37.65","145.37","https://collectionsearch.nma.gov.au/s/hw/EMU.EMUIRN/270830","2025-06-30","1901–1965","Coins","Metal"
"270834","2020.0006.0008","Handpainted coin made by Diana Bates","Coins; Homemade toys","Diana Mary Bates collection","Diana Mary Bates collection","Metal - non specific; Paint - non specific","1935","Date made","Yarra Glen, Victoria, Australia","Victoria","Australia","-37.65","145.37","https://collectionsearch.nma.gov.au/s/hw/EMU.EMUIRN/270834","2025-06-30","1901–1965","Coins","Metal"
"270831","2020.0006.0007","Handpainted coin made by Diana Bates","Coins; Homemade toys","Diana Mary Bates collection","Diana Mary Bates collection","Metal - non specific; Paint - non specific","1935","Date made","Yarra Glen, Victoria, Australia","Victoria","Australia","-37.65","145.37","https://collectionsearch.nma.gov.au/s/hw/EMU.EMUIRN/270831","2025-06-30","1901–1965","Coins","Metal"
"270838","2020.0006.0009","Handpainted coin made by Diana Bates","Coins; Homemade toys","Diana Mary Bates collection","Diana Mary Bates collection","Metal - non specific; Paint - non specific","1935","Date made","Yarra Glen, Victoria, Australia","Victoria","Australia","-37.65","145.37","https://collectionsearch.nma.gov.au/s/hw/EMU.EMUIRN/270838","2025-06-30","1901–1965","Coins","Metal"
"270835","2020.0006.0036","Handpainted coin made by Diana Bates","Coins; Homemade toys","Diana Mary Bates collection","Diana Mary Bates collection","Metal - non specific; Paint - non specific","1935","Date made","Yarra Glen, Victoria, Australia","Victoria","Australia","-37.65","145.37","https://collectionsearch.nma.gov.au/s/hw/EMU.EMUIRN/270835","2025-02-19","1901–1965","Coins","Metal"
"270836","2020.0006.0037","Handpainted coin made by Diana Bates","Coins; Homemade toys","Diana Mary Bates collection","Diana Mary Bates collection","Metal - non specific; Paint - non specific","1935","Date made","Yarra Glen, Victoria, Australia","Victoria","Australia","-37.65","145.37","https://collectionsearch.nma.gov.au/s/hw/EMU.EMUIRN/270836","2025-02-19","1901–1965","Coins","Metal"
"270833","2020.0006.0035","Handpainted coin made by Diana Bates","Coins; Homemade toys","Diana Mary Bates collection","Diana Mary Bates collection","Metal - non specific; Paint - non specific","1935","Date made","Yarra Glen, Victoria, Australia","Victoria","Australia","-37.65","145.37","https://collectionsearch.nma.gov.au/s/hw/EMU.EMUIRN/270833","2025-02-19","1901–1965","Coins","Metal"
"270857","2020.0006.0050","Handpainted coin made by Diana Bates","Coins; Homemade toys","Diana Mary Bates collection","Diana Mary Bates collection","Metal - non specific; Paint - non specific","1935","Date made","Yarra Glen, Victoria, Australia","Victoria","Australia","-37.65","145.37","https://collectionsearch.nma.gov.au/s/hw/EMU.EMUIRN/270857","2025-02-19","1901–1965","Coins","Metal"
"270851","2020.0006.0045","Handpainted coin made by Diana Bates","Coins; Homemade toys","Diana Mary Bates collection","Diana Mary Bates collection","Metal - non specific; Paint - non specific","1935","Date made","Yarra Glen, Victoria, Australia","Victoria","Australia","-37.65","145.37","https://collectionsearch.nma.gov.au/s/hw/EMU.EMUIRN/270851","2025-02-19","1901–1965","Coins","Metal"
"270825","2020.0006.0031","Handpainted coin made by Diana Bates","Coins; Homemade toys","Diana Mary Bates collection","Diana Mary Bates collection","Metal - non specific; Paint - non specific","1935","Date made","Yarra Glen, Victoria, Australia","Victoria","Australia","-37.65","145.37","https://collectionsearch.nma.gov.au/s/hw/EMU.EMUIRN/270825","2025-02-19","1901–1965","Coins","Metal"
"270824","2020.0006.0030","Handpainted coin made by Diana Bates","Coins; Homemade toys","Diana Mary Bates collection","Diana Mary Bates collection","Metal - non specific; Paint - non specific","1935","Date made","Yarra Glen, Victoria, Australia","Victoria","Australia","-37.65","145.37","https://collectionsearch.nma.gov.au/s/hw/EMU.EMUIRN/270824","2025-02-19","1901–1965","Coins","Metal"
"270866","2020.0006.0020","Handpainted coin made by Diana Bates","Coins; Homemade toys","Diana Mary Bates collection","Diana Mary Bates collection","Metal - non specific; Paint - non specific","1935","Date made","Yarra Glen, Victoria, Australia","Victoria","Australia","-37.65","145.37","https://collectionsearch.nma.gov.au/s/hw/EMU.EMUIRN/270866","2025-06-30","1901–1965","Coins","Metal"
"270823","2020.0006.0029","Handpainted coin made by Diana Bates","Coins; Homemade toys","Diana Mary Bates collection","Diana Mary Bates collection","Metal - non specific; Paint - non specific","1935","Date made","Yarra Glen, Victoria, Australia","Victoria","Australia","-37.65","145.37","https://collectionsearch.nma.gov.au/s/hw/EMU.EMUIRN/270823","2025-02-19","1901–1965","Coins","Metal"
"270826","2020.0006.0032","Handpainted coin made by Diana Bates","Coins; Homemade toys","Diana Mary Bates collection","Diana Mary Bates collection","Metal - non specific; Paint - non specific","1935","Date made","Yarra Glen, Victoria, Australia","Victoria","Australia","-37.65","145.37","https://collectionsearch.nma.gov.au/s/hw/EMU.EMUIRN/270826","2025-02-19","1901–1965","Coins","Metal"
"270869","2020.0006.0059","Handpainted coin made by Diana Bates","Coins; Homemade toys","Diana Mary Bates collection","Diana Mary Bates collection","Metal - non specific; Paint - non specific","1935","Date made","Yarra Glen, Victoria, Australia","Victoria","Australia","-37.65","145.37","https://collectionsearch.nma.gov.au/s/hw/EMU.EMUIRN/270869","2025-02-19","1901–1965","Coins","Metal"
"270868","2020.0006.0058","Handpainted coin made by Diana Bates","Coins; Homemade toys","Diana Mary Bates collection","Diana Mary Bates collection","Metal - non specific; Paint - non specific","1935","Date made","Yarra Glen, Victoria, Australia","Victoria","Australia","-37.65","145.37","https://collectionsearch.nma.gov.au/s/hw/EMU.EMUIRN/270868","2025-02-19","1901–1965","Coins","Metal"
"270867","2020.0006.0057","Handpainted coin made by Diana Bates","Coins; Homemade toys","Diana Mary Bates collection","Diana Mary Bates collection","Metal - non specific; Paint - non specific","1935","Date made","Yarra Glen, Victoria, Australia","Victoria","Australia","-37.65","145.37","https://collectionsearch.nma.gov.au/s/hw/EMU.EMUIRN/270867","2025-02-19","1901–1965","Coins","Metal"
"270864","2020.0006.0055","Handpainted coin made by Diana Bates","Coins; Homemade toys","Diana Mary Bates collection","Diana Mary Bates collection","Metal - non specific; Paint - non specific","1935","Date made","Yarra Glen, Victoria, Australia","Victoria","Australia","-37.65","145.37","https://collectionsearch.nma.gov.au/s/hw/EMU.EMUIRN/270864","2025-02-19","1901–1965","Coins","Metal"
"270861","2020.0006.0053","Handpainted coin made by Diana Bates","Coins; Homemade toys","Diana Mary Bates collection","Diana Mary Bates collection","Metal - non specific; Paint - non specific","1935","Date made","Yarra Glen, Victoria, Australia","Victoria","Australia","-37.65","145.37","https://collectionsearch.nma.gov.au/s/hw/EMU.EMUIRN/270861","2025-02-19","1901–1965","Coins","Metal"
"270862","2020.0006.0054","Handpainted coin made by Diana Bates","Coins; Homemade toys","Diana Mary Bates collection","Diana Mary Bates collection","Metal - non specific; Paint - non specific","1935","Date made","Yarra Glen, Victoria, Australia","Victoria","Australia","-37.65","145.37","https://collectionsearch.nma.gov.au/s/hw/EMU.EMUIRN/270862","2025-02-19","1901–1965","Coins","Metal"
"270820","2020.0006.0002","Handpainted coin made by Diana Bates","Coins; Homemade toys","Diana Mary Bates collection","Diana Mary Bates collection","Metal - non specific; Paint - non specific","1935","Date made","Yarra Glen, Victoria, Australia","Victoria","Australia","-37.65","145.37","https://collectionsearch.nma.gov.au/s/hw/EMU.EMUIRN/270820","2025-06-30","1901–1965","Coins","Metal"
"270865","2020.0006.0056","Handpainted coin made by Diana Bates","Coins; Homemade toys","Diana Mary Bates collection","Diana Mary Bates collection","Metal - non specific; Paint - non specific","1935","Date made","Yarra Glen, Victoria, Australia","Victoria","Australia","-37.65","145.37","https://collectionsearch.nma.gov.au/s/hw/EMU.EMUIRN/270865","2025-02-19","1901–1965","Coins","Metal"
"270821","2020.0006.0028","Handpainted coin made by Diana Bates","Coins; Homemade toys","Diana Mary Bates collection","Diana Mary Bates collection","Metal - non specific; Paint - non specific","1935","Date made","Yarra Glen, Victoria, Australia","Victoria","Australia","-37.65","145.37","https://collectionsearch.nma.gov.au/s/hw/EMU.EMUIRN/270821","2025-02-19","1901–1965","Coins","Metal"
"270843","2020.0006.0012","Handpainted coin made by Diana Bates","Coins; Homemade toys","Diana Mary Bates collection","Diana Mary Bates collection","Metal - non specific; Paint - non specific","1935","Date made","Yarra Glen, Victoria, Australia","Victoria","Australia","-37.65","145.37","https://collectionsearch.nma.gov.au/s/hw/EMU.EMUIRN/270843","2025-06-30","1901–1965","Coins","Metal"
"270845","2020.0006.0042","Handpainted coin made by Diana Bates","Coins; Homemade toys","Diana Mary Bates collection","Diana Mary Bates collection","Metal - non specific; Paint - non specific","1935","Date made","Yarra Glen, Victoria, Australia","Victoria","Australia","-37.65","145.37","https://collectionsearch.nma.gov.au/s/hw/EMU.EMUIRN/270845","2025-02-19","1901–1965","Coins","Metal"
"270844","2020.0006.0041","Handpainted coin made by Diana Bates","Coins; Homemade toys","Diana Mary Bates collection","Diana Mary Bates collection","Metal - non specific; Paint - non specific","1935","Date made","Yarra Glen, Victoria, Australia","Victoria","Australia","-37.65","145.37","https://collectionsearch.nma.gov.au/s/hw/EMU.EMUIRN/270844","2025-02-19","1901–1965","Coins","Metal"
"270847","2020.0006.0044","Handpainted coin made by Diana Bates","Coins; Homemade toys","Diana Mary Bates collection","Diana Mary Bates collection","Metal - non specific; Paint - non specific","1935","Date made","Yarra Glen, Victoria, Australia","Victoria","Australia","-37.65","145.37","https://collectionsearch.nma.gov.au/s/hw/EMU.EMUIRN/270847","2025-02-19","1901–1965","Coins","Metal"
"270848","2020.0006.0013","Handpainted coin made by Diana Bates","Coins; Homemade toys","Diana Mary Bates collection","Diana Mary Bates collection","Metal - non specific; Paint - non specific","1935","Date made","Yarra Glen, Victoria, Australia","Victoria","Australia","-37.65","145.37","https://collectionsearch.nma.gov.au/s/hw/EMU.EMUIRN/270848","2025-06-30","1901–1965","Coins","Metal"
"270849","2020.0006.0014","Handpainted coin made by Diana Bates","Coins; Homemade toys","Diana Mary Bates collection","Diana Mary Bates collection","Metal - non specific; Paint - non specific","1935","Date made","Yarra Glen, Victoria, Australia","Victoria","Australia","-37.65","145.37","https://collectionsearch.nma.gov.au/s/hw/EMU.EMUIRN/270849","2025-06-30","1901–1965","Coins","Metal"
"270846","2020.0006.0043","Handpainted coin made by Diana Bates","Coins; Homemade toys","Diana Mary Bates collection","Diana Mary Bates collection","Metal - non specific; Paint - non specific","1935","Date made","Yarra Glen, Victoria, Australia","Victoria","Australia","-37.65","145.37","https://collectionsearch.nma.gov.au/s/hw/EMU.EMUIRN/270846","2025-02-19","1901–1965","Coins","Metal"
"270841","2020.0006.0011","Handpainted coin made by Diana Bates","Coins; Homemade toys","Diana Mary Bates collection","Diana Mary Bates collection","Metal - non specific; Paint - non specific","1935","Date made","Yarra Glen, Victoria, Australia","Victoria","Australia","-37.65","145.37","https://collectionsearch.nma.gov.au/s/hw/EMU.EMUIRN/270841","2025-06-30","1901–1965","Coins","Metal"
"270840","2020.0006.0039","Handpainted coin made by Diana Bates","Coins; Homemade toys","Diana Mary Bates collection","Diana Mary Bates collection","Metal - non specific; Paint - non specific","1935","Date made","Yarra Glen, Victoria, Australia","Victoria","Australia","-37.65","145.37","https://collectionsearch.nma.gov.au/s/hw/EMU.EMUIRN/270840","2025-02-19","1901–1965","Coins","Metal"
"270842","2020.0006.0040","Handpainted coin made by Diana Bates","Coins; Homemade toys","Diana Mary Bates collection","Diana Mary Bates collection","Metal - non specific; Paint - non specific","1935","Date made","Yarra Glen, Victoria, Australia","Victoria","Australia","-37.65","145.37","https://collectionsearch.nma.gov.au/s/hw/EMU.EMUIRN/270842","2025-02-19","1901–1965","Coins","Metal"
"270860","2020.0006.0017","Handpainted coin made by Diana Bates","Coins; Homemade toys","Diana Mary Bates collection","Diana Mary Bates collection","Metal - non specific; Paint - non specific","1935","Date made","Yarra Glen, Victoria, Australia","Victoria","Australia","-37.65","145.37","https://collectionsearch.nma.gov.au/s/hw/EMU.EMUIRN/270860","2025-06-30","1901–1965","Coins","Metal"
"270863","2020.0006.0018","Handpainted coin made by Diana Bates","Coins; Homemade toys","Diana Mary Bates collection","Diana Mary Bates collection","Metal - non specific; Paint - non specific","1935","Date made","Turkey; Yarra Glen, Victoria, Australia","Victoria","Australia","38.9636","35.2431","https://collectionsearch.nma.gov.au/s/hw/EMU.EMUIRN/270863","2025-06-30","1901–1965","Coins","Metal"
"250554","2017.0004.0001","Advance Australia Fair musical jug, about 1935","Commemorative jugs","Advance Australia Fair musical jug collection","Other Collections","Ceramic; Metal - non specific; Wood","1935","Date created","Nottingham, England, United Kingdom, Europe","","International","","","https://collectionsearch.nma.gov.au/s/hw/EMU.EMUIRN/250554","2025-02-17","1901–1965","Other","Metal"
"276275","2024.0002.0122","1000 metre time trial championship medal awarded to Dunc Gray by NSW Cyclists Union, 1935","Medals","Dunc Gray collection","Other Collections","Metal - non specific; Paint - non specific","1935","","","","","","","https://collectionsearch.nma.gov.au/s/hw/EMU.EMUIRN/276275","2026-08-18","1901–1965","Medals","Metal"
"114006","1998.0010.0001","George V Jubilee Medal 1935 to Sir Robert Menzies","Medals","RG Menzies collection","Other Collections","Metal - non specific; Textile - non specific","1935","Date made","England; United Kingdom","","International","52.435","-1.6772","https://collectionsearch.nma.gov.au/s/hw/EMU.EMUIRN/114006","2025-02-23","1901–1965","Medals","Metal"
"114022","1998.0010.0004","George V Jubilee Medal 1935, George VI Coronation Medal 1937, Queen Elizabeth Coronation Medal 1937, Queen Elizabeth II Coronation Medal 1953","Medals","RG Menzies collection","Other Collections","Metal - non specific; Textile - non specific","1935","","","","","","","https://collectionsearch.nma.gov.au/s/hw/EMU.EMUIRN/114022","2026-02-17","1901–1965","Medals","Metal"
"114169","1998.0005.0032","Miniature medals including a George V Jubilee Medal from 1935, a George VI Coronation Medal from 1937 and a Queen Elizabeth II Coronation Medal from 1953","Medals","Dame Pattie Menzies collection no. 2","Other Collections","Metal - non specific; Textile - non specific","1935","","England","","International","52.435","-1.6772","https://collectionsearch.nma.gov.au/s/hw/EMU.EMUIRN/114169","2025-02-17","1901–1965","Medals","Metal"
"271970","2021.0011.0038","Commemorative ashtray for Coronation of King Edward VIII, 1937","Ashtrays","Gary Whipp collection","Gary Whipp collection","Glazed ceramic; Paint - non specific","1936","Date made","","","","","","https://collectionsearch.nma.gov.au/s/hw/EMU.EMUIRN/271970","2025-02-25","1901–1965","Other","Ceramic"
"271967","2021.0011.0030","Commemorative triangular ashtray for Coronation of King Edward VIII, 1937, Myott","Ashtrays","Gary Whipp collection","Gary Whipp collection","Glazed ceramic; Paint - non specific","1936","Date made","England, United Kingdom","","International","52.435","-1.6772","https://collectionsearch.nma.gov.au/s/hw/EMU.EMUIRN/271967","2025-02-25","1901–1965","Other","Ceramic"
"271955","2021.0011.0022","Commemorative beaker featuring King Edward VIII, Green & Co. Ltd.","Beakers (cups)","Gary Whipp collection","Gary Whipp collection","Glazed ceramic; Paint - non specific","1936","Date made","England, United Kingdom","","International","52.435","-1.6772","https://collectionsearch.nma.gov.au/s/hw/EMU.EMUIRN/271955","2025-02-25","1901–1965","Other","Ceramic"
"271954","2021.0011.0023","Commemorative beaker featuring King Edward VIII, Solian Ware","Beakers (cups)","Gary Whipp collection","Gary Whipp collection","Glazed ceramic; Paint - non specific","1936","Date made","England, United Kingdom","","International","52.435","-1.6772","https://collectionsearch.nma.gov.au/s/hw/EMU.EMUIRN/271954","2025-02-25","1901–1965","Other","Ceramic"
"272004","2021.0011.0076","Round commemorative biscuit tin featuring King Edward VIII","Biscuit tins","Gary Whipp collection","Gary Whipp collection","Metal - non specific; Paint - non specific","1936","Date made","","","","","","https://collectionsearch.nma.gov.au/s/hw/EMU.EMUIRN/272004","2026-09-08","1901–1965","Other","Metal"
"271976","2021.0011.0048","Commemorative butter dish with lid featuring King Edward VIII, Empire","Butter dishes","Gary Whipp collection","Gary Whipp collection","Adhesive - non specific; Glazed ceramic; Paint - non specific","1936","Date made","England, United Kingdom","","International","52.435","-1.6772","https://collectionsearch.nma.gov.au/s/hw/EMU.EMUIRN/271976","2026-09-08","1901–1965","Other","Ceramic"
"272033","2021.0011.0067","Cut-out panorama book produced for coronation of King Edward VIII, 1937","Commemorative books","Gary Whipp collection","Gary Whipp collection","Card; Ink","1936","Date made","","","","","","https://collectionsearch.nma.gov.au/s/hw/EMU.EMUIRN/272033","2025-02-25","1901–1965","Other","Paper"
"272021","2021.0011.0080","Blue and red enamelled brass medallion featuring King Edward VIII","Commemorative medallions","Gary Whipp collection","Gary Whipp collection","Brass; Enamel; Metal - non specific","1936","Date made","","","","","","https://collectionsearch.nma.gov.au/s/hw/EMU.EMUIRN/272021","2025-02-25","1901–1965","Medals","Metal"
"272105","2021.0011.0082","Aluminium medalette produced for coronation of King Edward VIII, 1937","Commemorative medals","Gary Whipp collection","Gary Whipp collection","Aluminium; Metal - non specific","1936","Date made","","","","","","https://collectionsearch.nma.gov.au/s/hw/EMU.EMUIRN/272105","2025-02-25","1901–1965","Medals","Metal"
"272023","2021.0011.0091","Bronze coronation medal featuring King Edward VIII","Commemorative medals","Gary Whipp collection","Gary Whipp collection","Bronze; Metal - non specific","1936","Date made","","","","","","https://collectionsearch.nma.gov.au/s/hw/EMU.EMUIRN/272023","2025-02-25","1901–1965","Medals","Metal"
"272106","2021.0011.0086","Silvered medal produced for 42nd birthday of King Edward VIII, 1936, in card enclosure","Commemorative medals","Gary Whipp collection","Gary Whipp collection","Card; Ink; Metal - non specific; Plastic","1936","Date made","","","","","","https://collectionsearch.nma.gov.au/s/hw/EMU.EMUIRN/272106","2025-02-25","1901–1965","Medals","Metal"
"272002","2021.0011.0079","Commemorative tin plate produced for coronation of King Edward VIII, 1937","Commemorative plates","Gary Whipp collection","Gary Whipp collection","Metal - non specific; Tin","1936","Date made","","","","","","https://collectionsearch.nma.gov.au/s/hw/EMU.EMUIRN/272002","2025-02-25","1901–1965","Other","Metal"
"271978","2021.0011.0002","Commemorative coffee cup and saucer featuring King Edward VIII, Norville ware","Cups and saucers","Gary Whipp collection","Gary Whipp collection","Glazed ceramic; Paint - non specific","1936","Date made","England, United Kingdom","","International","52.435","-1.6772","https://collectionsearch.nma.gov.au/s/hw/EMU.EMUIRN/271978","2026-09-08","1901–1965","Other","Ceramic"
"271985","2021.0011.0003","Commemorative cup and saucer featuring King Edward VIII, 1936, Plant Tuscan China","Cups and saucers","Gary Whipp collection","Gary Whipp collection","Adhesive - non specific; Glazed ceramic; Paint - non specific","1936","Date made","England, United Kingdom","","International","52.435","-1.6772","https://collectionsearch.nma.gov.au/s/hw/EMU.EMUIRN/271985","2026-09-08","1901–1965","Other","Ceramic"
"271982","2021.0011.0007","Commemorative cup and saucer featuring King Edward VIII, Burgess Ware","Cups and saucers","Gary Whipp collection","Gary Whipp collection","Glazed ceramic; Paint - non specific","1936","Date made","England, United Kingdom","","International","52.435","-1.6772","https://collectionsearch.nma.gov.au/s/hw/EMU.EMUIRN/271982","2026-09-08","1901–1965","Other","Ceramic"
"271964","2021.0011.0004","Commemorative cup and saucer featuring King Edward VIII, Melba Bone China","Cups and saucers","Gary Whipp collection","Gary Whipp collection","Glazed ceramic; Paint - non specific","1936","Date made","England, United Kingdom","","International","52.435","-1.6772","https://collectionsearch.nma.gov.au/s/hw/EMU.EMUIRN/271964","2026-09-08","1901–1965","Other","Ceramic"
"271963","2021.0011.0005","Commemorative cup and saucer featuring King Edward VIII, Melba Bone China","Cups and saucers","Gary Whipp collection","Gary Whipp collection","Glazed ceramic; Paint - non specific","1936","Date made","England, United Kingdom","","International","52.435","-1.6772","https://collectionsearch.nma.gov.au/s/hw/EMU.EMUIRN/271963","2026-09-08","1901–1965","Other","Ceramic"
"271984","2021.0011.0006","Commemorative cup and saucer featuring King Edward VIII, Norville ware","Cups and saucers","Gary Whipp collection","Gary Whipp collection","Glazed ceramic; Paint - non specific","1936","Date made","England, United Kingdom","","International","52.435","-1.6772","https://collectionsearch.nma.gov.au/s/hw/EMU.EMUIRN/271984","2026-09-08","1901–1965","Other","Ceramic"
"271965","2021.0011.0044","Commemorative dish with fluted edge for Coronation of King Edward VIII, 1937, Norville ware","Dishes","Gary Whipp collection","Gary Whipp collection","Glazed ceramic; Paint - non specific","1936","Date made","England, United Kingdom","","International","52.435","-1.6772","https://collectionsearch.nma.gov.au/s/hw/EMU.EMUIRN/271965","2025-02-25","1901–1965","Other","Ceramic"
"271986","2021.0011.0035","Commemorative square compote dish featuring King Edward VIII, Empire","Dishes","Gary Whipp collection","Gary Whipp collection","Glazed ceramic; Paint - non specific","1936","Date made","England, United Kingdom","","International","52.435","-1.6772","https://collectionsearch.nma.gov.au/s/hw/EMU.EMUIRN/271986","2025-02-25","1901–1965","Other","Ceramic"
"271987","2021.0011.0034","Commemorative square compote dish featuring King Edward VIII, Empire","Dishes","Gary Whipp collection","Gary Whipp collection","Glazed ceramic; Paint - non specific","1936","Date made","England, United Kingdom","","International","52.435","-1.6772","https://collectionsearch.nma.gov.au/s/hw/EMU.EMUIRN/271987","2025-02-25","1901–1965","Other","Ceramic"
"271988","2021.0011.0033","Commemorative square compote dish featuring King Edward VIII, J&G Meakin","Dishes","Gary Whipp collection","Gary Whipp collection","Glazed ceramic; Paint - non specific","1936","Date made","England, United Kingdom","","International","52.435","-1.6772","https://collectionsearch.nma.gov.au/s/hw/EMU.EMUIRN/271988","2025-02-25","1901–1965","Other","Ceramic"
"271989","2021.0011.0032","Commemorative square compote dish featuring King Edward VIII, J&G Meakin","Dishes","Gary Whipp collection","Gary Whipp collection","Glazed ceramic; Paint - non specific","1936","Date made","England, United Kingdom","","International","52.435","-1.6772","https://collectionsearch.nma.gov.au/s/hw/EMU.EMUIRN/271989","2025-02-25","1901–1965","Other","Ceramic"
"271971","2021.0011.0037","Square commemorative jam dish featuring King Edward VIII, TL&K","Dishes","Gary Whipp collection","Gary Whipp collection","Glazed ceramic; Paint - non specific","1936","Date made","England, United Kingdom","","International","52.435","-1.6772","https://collectionsearch.nma.gov.au/s/hw/EMU.EMUIRN/271971","2025-02-25","1901–1965","Other","Ceramic"
"271943","2021.0011.0050","Commemorative shotglass for Coronation of King Edward VIII, 1937","Drinking glasses","Gary Whipp collection","Gary Whipp collection","Glass; Paint - non specific","1936","Date made","","","","","","https://collectionsearch.nma.gov.au/s/hw/EMU.EMUIRN/271943","2025-02-25","1901–1965","Other","Glass"
"271953","2021.0011.0029","Commemorative egg cup for Coronation of King Edward VIII, 1937","Eggcups","Gary Whipp collection","Gary Whipp collection","Glazed ceramic; Paint - non specific","1936","Date made","England, United Kingdom","","International","52.435","-1.6772","https://collectionsearch.nma.gov.au/s/hw/EMU.EMUIRN/271953","2025-02-25","1901–1965","Other","Ceramic"
"271937","2021.0011.0013","Commemorative milk jug for coronation of King Edward VIII, 1937","Jugs","Gary Whipp collection","Gary Whipp collection","Glazed ceramic; Paint - non specific","1936","Date made","England, United Kingdom","","International","52.435","-1.6772","https://collectionsearch.nma.gov.au/s/hw/EMU.EMUIRN/271937","2025-02-25","1901–1965","Other","Ceramic"
"271940","2021.0011.0012","Commemorative milk jug for coronation of King Edward VIII, 1937","Jugs","Gary Whipp collection","Gary Whipp collection","Glazed ceramic; Paint - non specific","1936","Date made","England, United Kingdom","","International","52.435","-1.6772","https://collectionsearch.nma.gov.au/s/hw/EMU.EMUIRN/271940","2025-02-25","1901–1965","Other","Ceramic"
"271958","2021.0011.0011","Commemorative loving cup featuring King Edward VIII, Shelley","Loving cups","Gary Whipp collection","Gary Whipp collection","Glazed ceramic; Paint - non specific","1936","Date made","England, United Kingdom","","International","52.435","-1.6772","https://collectionsearch.nma.gov.au/s/hw/EMU.EMUIRN/271958","2025-02-25","1901–1965","Other","Ceramic"
"276250","2024.0002.0100","1000 metre sprint NSW championship medal awarded to Dunc Gray, 1936-1937","Medals","Dunc Gray collection","Other Collections","Metal - non specific; Paint - non specific","1936","","","","","","","https://collectionsearch.nma.gov.au/s/hw/EMU.EMUIRN/276250","2026-08-18","1901–1965","Medals","Metal"
"276252","2024.0002.0104","1000 metre time trial NSW championship medal awarded to Dunc Gray, 1936-1937","Medals","Dunc Gray collection","Other Collections","Gemstone - non specific; Metal - non specific; Paint - non specific","1936","","","","","","","https://collectionsearch.nma.gov.au/s/hw/EMU.EMUIRN/276252","2026-08-18","1901–1965","Medals","Metal"
"276254","2024.0002.0124","1000 metres championship medal awarded to Dunc Gray by NSW Amateur Cyclists Union, 1936","Medals","Dunc Gray collection","Other Collections","Metal - non specific; Paint - non specific","1936","","","","","","","https://collectionsearch.nma.gov.au/s/hw/EMU.EMUIRN/276254","2026-08-18","1901–1965","Medals","Metal"
"276251","2024.0002.0125","1000 metres time trial championship medal awarded to Dunc Gray by NSW Amateur Cyclists Union, 1936","Medals","Dunc Gray collection","Other Collections","Metal - non specific; Paint - non specific","1936","","","","","","","https://collectionsearch.nma.gov.au/s/hw/EMU.EMUIRN/276251","2026-08-18","1901–1965","Medals","Metal"
"276176","2024.0002.0090","Competitors medal awarded to Dunc Gray at Berlin Olympic Games, 1936","Medals","Dunc Gray collection","Other Collections","Metal - non specific","1936","","Berlin, Germany","","International","","","https://collectionsearch.nma.gov.au/s/hw/EMU.EMUIRN/276176","2026-08-18","1901–1965","Medals","Metal"
"114167","1998.0005.0030","George VI Coronation Medal 1937 to Dame Pattie Menzies","Medals","Dame Pattie Menzies collection no. 2","Other Collections","Metal - non specific; Textile - non specific","1936","Date made","England","","International","52.435","-1.6772","https://collectionsearch.nma.gov.au/s/hw/EMU.EMUIRN/114167","2025-02-17","1901–1965","Medals","Metal"
"276274","2024.0002.0103","One mile NSW championship medal awarded to Dunc Gray, 1936-1937","Medals","Dunc Gray collection","Other Collections","Gemstone - non specific; Metal - non specific; Paint - non specific","1936","","","","","","","https://collectionsearch.nma.gov.au/s/hw/EMU.EMUIRN/276274","2026-08-18","1901–1965","Medals","Metal"
"132798","1989.0009.0006","Oswald Watt medal for aviation in leather case","Medals","Dr Robert C Percival collection","Other Collections","Metal - non specific","1936","Date of issue","Australia","","Australia","-25.0","133.0","https://collectionsearch.nma.gov.au/s/hw/EMU.EMUIRN/132798","2026-09-08","1901–1965","Medals","Metal"
"271983","2021.0011.0026","Commemorative mug featuring King Edward VIII","Mugs","Gary Whipp collection","Gary Whipp collection","Glazed ceramic; Paint - non specific","1936","Date made","England, United Kingdom","","International","52.435","-1.6772","https://collectionsearch.nma.gov.au/s/hw/EMU.EMUIRN/271983","2025-02-25","1901–1965","Other","Ceramic"
"271950","2021.0011.0018","Commemorative mug featuring King Edward VIII, BOM/Nelson Ware","Mugs","Gary Whipp collection","Gary Whipp collection","Glazed ceramic; Paint - non specific","1936","Date made","England, United Kingdom","","International","52.435","-1.6772","https://collectionsearch.nma.gov.au/s/hw/EMU.EMUIRN/271950","2025-02-25","1901–1965","Other","Ceramic"
"271947","2021.0011.0021","Commemorative mug featuring King Edward VIII, Empire","Mugs","Gary Whipp collection","Gary Whipp collection","Glazed ceramic; Paint - non specific","1936","Date made","England, United Kingdom","","International","52.435","-1.6772","https://collectionsearch.nma.gov.au/s/hw/EMU.EMUIRN/271947","2025-02-25","1901–1965","Other","Ceramic"
"271945","2021.0011.0025","Commemorative mug featuring King Edward VIII, Green & Co. Ltd.","Mugs","Gary Whipp collection","Gary Whipp collection","Glazed ceramic; Paint - non specific","1936","Date made","England, United Kingdom","","International","52.435","-1.6772","https://collectionsearch.nma.gov.au/s/hw/EMU.EMUIRN/271945","2025-02-25","1901–1965","Other","Ceramic"
"271949","2021.0011.0019","Commemorative mug featuring King Edward VIII, J. Kent Ltd.","Mugs","Gary Whipp collection","Gary Whipp collection","Glazed ceramic; Paint - non specific","1936","Date made","England, United Kingdom","","International","52.435","-1.6772","https://collectionsearch.nma.gov.au/s/hw/EMU.EMUIRN/271949","2025-02-25","1901–1965","Other","Ceramic"
"271946","2021.0011.0024","Commemorative mug featuring King Edward VIII, Midwinter Porcelon Burslem","Mugs","Gary Whipp collection","Gary Whipp collection","Glazed ceramic; Paint - non specific","1936","Date made","England, United Kingdom","","International","52.435","-1.6772","https://collectionsearch.nma.gov.au/s/hw/EMU.EMUIRN/271946","2025-02-25","1901–1965","Other","Ceramic"
"271957","2021.0011.0016","Commemorative mug featuring King Edward VIII, Royal Stafford Bone China","Mugs","Gary Whipp collection","Gary Whipp collection","Glazed ceramic; Paint - non specific","1936","Date made","England, United Kingdom","","International","52.435","-1.6772","https://collectionsearch.nma.gov.au/s/hw/EMU.EMUIRN/271957","2025-02-25","1901–1965","Other","Ceramic"
"271944","2021.0011.0015","Commemorative mug featuring King Edward VIII, TL&K","Mugs","Gary Whipp collection","Gary Whipp collection","Adhesive - non specific; Glazed ceramic; Paint - non specific","1936","Date made","England, United Kingdom","","International","52.435","-1.6772","https://collectionsearch.nma.gov.au/s/hw/EMU.EMUIRN/271944","2025-02-25","1901–1965","Other","Ceramic"
"271948","2021.0011.0020","Commemorative mug featuring King Edward VIII, Tams Ware","Mugs","Gary Whipp collection","Gary Whipp collection","Glazed ceramic; Paint - non specific","1936","Date made","England, United Kingdom","","International","52.435","-1.6772","https://collectionsearch.nma.gov.au/s/hw/EMU.EMUIRN/271948","2025-02-25","1901–1965","Other","Ceramic"
"271956","2021.0011.0017","Commemorative mug featuring King Edward VIII, Wedgwood","Mugs","Gary Whipp collection","Gary Whipp collection","Glazed ceramic; Paint - non specific","1936","Date made","England, United Kingdom","","International","52.435","-1.6772","https://collectionsearch.nma.gov.au/s/hw/EMU.EMUIRN/271956","2025-02-25","1901–1965","Other","Ceramic"
"271952","2021.0011.0028","Commemorative mug for Coronation of King Edward VIII, 1937, by Dame Laura Knight, Burleigh Ware","Mugs","Gary Whipp collection","Gary Whipp collection","Glazed ceramic; Paint - non specific","1936","Date made","England, United Kingdom","","International","52.435","-1.6772","https://collectionsearch.nma.gov.au/s/hw/EMU.EMUIRN/271952","2025-02-25","1901–1965","Other","Ceramic"
"271960","2021.0011.0010","Commemorative mug for coronation of King Edward VIII, 1937, Standard China","Mugs","Gary Whipp collection","Gary Whipp collection","Glazed ceramic; Paint - non specific","1936","Date made","England, United Kingdom","","International","52.435","-1.6772","https://collectionsearch.nma.gov.au/s/hw/EMU.EMUIRN/271960","2025-02-25","1901–1965","Other","Ceramic"
"271981","2021.0011.0027","Green commemorative mug featuring King Edward VIII, H.J. Wood Ltd.","Mugs","Gary Whipp collection","Gary Whipp collection","Glazed ceramic","1936","Date made","England, United Kingdom","","International","52.435","-1.6772","https://collectionsearch.nma.gov.au/s/hw/EMU.EMUIRN/271981","2025-02-25","1901–1965","Other","Ceramic"
"271980","2021.0011.0008","Pink commemorative mug for coronation of King Edward VIII, 1937, Johnson Bros.","Mugs","Gary Whipp collection","Gary Whipp collection","Glazed ceramic","1936","Date made","England, United Kingdom","","International","52.435","-1.6772","https://collectionsearch.nma.gov.au/s/hw/EMU.EMUIRN/271980","2025-02-25","1901–1965","Other","Ceramic"
"271975","2021.0011.0046","Commemorative pin dish for Coronation of King Edward VIII, 1937","Pin trays","Gary Whipp collection","Gary Whipp collection","Glazed ceramic; Paint - non specific","1936","Date made","England, United Kingdom","","International","52.435","-1.6772","https://collectionsearch.nma.gov.au/s/hw/EMU.EMUIRN/271975","2025-02-25","1901–1965","Other","Ceramic"
"272000","2021.0011.0059","Commemorative yellow enamel pin dish featuring King Edward VIII","Pin trays","Gary Whipp collection","Gary Whipp collection","Enamel; Metal - non specific; Paint - non specific","1936","Date made","","","","","","https://collectionsearch.nma.gov.au/s/hw/EMU.EMUIRN/272000","2025-02-25","1901–1965","Other","Metal"
"272003","2021.0011.0060","Commemorative brown ceramic plaque featuring King Edward VIII","Plaques","Gary Whipp collection","Gary Whipp collection","Glazed ceramic","1936","Date made","","","","","","https://collectionsearch.nma.gov.au/s/hw/EMU.EMUIRN/272003","2025-02-25","1901–1965","Other","Ceramic"
"271974","2021.0011.0043","Commemorative plate inscribed 'God bless our King Edward VIII Rex imperator'","Plates","Gary Whipp collection","Gary Whipp collection","Glazed ceramic; Paint - non specific","1936","Date made","Japan","","International","35.7089","139.732","https://collectionsearch.nma.gov.au/s/hw/EMU.EMUIRN/271974","2025-02-25","1901–1965","Other","Ceramic"
"271972","2021.0011.0036","Square commemorative bread and butter plate featuring King Edward VIII, Delphine","Plates","Gary Whipp collection","Gary Whipp collection","Glazed ceramic; Paint - non specific","1936","Date made","England, United Kingdom","","International","52.435","-1.6772","https://collectionsearch.nma.gov.au/s/hw/EMU.EMUIRN/271972","2025-02-25","1901–1965","Other","Ceramic"
"271979","2021.0011.0009","Triangular pink commemorative plate for coronation of King Edward VIII, 1937, Johnson Bros.","Plates","Gary Whipp collection","Gary Whipp collection","Glazed ceramic","1936","Date made","England, United Kingdom","","International","52.435","-1.6772","https://collectionsearch.nma.gov.au/s/hw/EMU.EMUIRN/271979","2025-02-25","1901–1965","Other","Ceramic"
"271969","2021.0011.0041","Commemorative bread and butter plate featuring King Edward VIII, Norville Ware","Side plates","Gary Whipp collection","Gary Whipp collection","Glazed ceramic; Paint - non specific","1936","Date made","England, United Kingdom","","International","52.435","-1.6772","https://collectionsearch.nma.gov.au/s/hw/EMU.EMUIRN/271969","2025-02-25","1901–1965","Other","Ceramic"
"276396","2021.0011.0051","Commemorative glass tumbler for Coronation of King Edward VIII, 1937","Tumblers","Gary Whipp collection","Gary Whipp collection","Glass; Paint - non specific","1936","Date made","","","","","","https://collectionsearch.nma.gov.au/s/hw/EMU.EMUIRN/276396","2025-02-25","1901–1965","Other","Glass"
"276398","2021.0011.0052","Commemorative glass tumbler for Coronation of King Edward VIII, 1937","Tumblers","Gary Whipp collection","Gary Whipp collection","Glass; Paint - non specific","1936","Date made","","","","","","https://collectionsearch.nma.gov.au/s/hw/EMU.EMUIRN/276398","2025-02-25","1901–1965","Other","Glass"
"272085","2021.0011.0064","Book titled 'Souvenir Book of King Edward VIII Told in Pictures'","Commemorative books","Gary Whipp collection","Gary Whipp collection","Ink; Metal - non specific; Paper","1937","Date made","Manchester, England","","International","53.4808","-2.2425","https://collectionsearch.nma.gov.au/s/hw/EMU.EMUIRN/272085","2025-02-25","1901–1965","Other","Metal"
"106353","2006.0031.0070","Teacup to commemorate King George VI's coronation in 1937","Commemorative cups","Professor Peter Spearritt collection no. 2","Other Collections","Ceramic","1937","","","","","","","https://collectionsearch.nma.gov.au/s/hw/EMU.EMUIRN/106353","2026-07-10","1901–1965","Other","Ceramic"
"271998","2021.0011.0049","Commemorative intalglio amber glass bowl for Coronation of King Edward VIII, 1937","Commemorative glassware","Gary Whipp collection","Gary Whipp collection","Glass","1937","","","","","","","https://collectionsearch.nma.gov.au/s/hw/EMU.EMUIRN/271998","2025-02-25","1901–1965","Other","Glass"
"55067","1994.0024.0003","Commemorative oval yellow glass dish for the Coronation of King George the VI","Commemorative glassware","Bernice Spence Fryer collection","Other Collections","Glass","1937","Date made","England, United Kingdom; Westminster Abbey, London, Great Britain","","International","52.435","-1.6772","https://collectionsearch.nma.gov.au/s/hw/EMU.EMUIRN/55067","2025-02-17","1901–1965","Other","Glass"
"106635","2006.0031.0048","George VI Coronation Medallion 1937","Commemorative medallions","Professor Peter Spearritt collection no. 2","Other Collections","Cuprous metal - non specific","1937","","Victoria, Australia","Victoria","Australia","-37.8136","144.9631","https://collectionsearch.nma.gov.au/s/hw/EMU.EMUIRN/106635","2025-02-17","1901–1965","Medals","Metal"
"62169","2002.0021.0137","George VI Coronation 1937","Commemorative plates","Cecil Ballard Jnr collection","Cecil Ballard Jnr collection","Porcelain","1937","","","","","","","https://collectionsearch.nma.gov.au/s/hw/EMU.EMUIRN/62169","2026-07-02","1901–1965","Other","Ceramic"
"67097","2002.0021.0174","Souvenir plate - 150th Anniversary of New South Wales","Commemorative plates","Cecil Ballard Jnr collection","Cecil Ballard Jnr collection","Porcelain","1937","Date made","England; New South Wales, Australia","New South Wales","Australia","52.435","-1.6772","https://collectionsearch.nma.gov.au/s/hw/EMU.EMUIRN/67097","2026-07-08","1901–1965","Other","Ceramic"
"114014","1998.0010.0002","George VI Coronation Medal 1937 to Sir Robert Menzies","Medals","RG Menzies collection","Other Collections","Metal - non specific; Textile - non specific","1937","Date made","England; United Kingdom","","International","52.435","-1.6772","https://collectionsearch.nma.gov.au/s/hw/EMU.EMUIRN/114014","2025-02-23","1901–1965","Medals","Metal"
"73810","2004.0060.0002","Australian silver commemorative medallion in presentation box marking Australia's 150th Anniversary in1938, featuring the landing at Sydney Cove of Captain Arthur Phillip on January 26 1788.","Commemorative medallions","Olive King collection","Other Collections","Cardboard; Metal - non specific","1938","Date of issue","Australia; Sydney Cove, Sydney Harbour, Sydney, New South Wales, Australia; Sydney, New South Wales, Australia","New South Wales","Australia","-33.85","151.2","https://collectionsearch.nma.gov.au/s/hw/EMU.EMUIRN/73810","2026-09-08","1901–1965","Medals","Metal"
"73811","2004.0060.0001","Australian silver commemorative medallion in presentation box marking Australia's 150th Anniversary in1938, featuring the landing at Sydney Cove of Captain Arthur Phillip on January 26 1788.","Commemorative medallions","Olive King collection","Other Collections","Cardboard; Metal - non specific; Textile - non specific; Vinyl","1938","Date of issue","Australia; Sydney Cove, Sydney Harbour, Sydney, New South Wales, Australia; Sydney, New South Wales, Australia","New South Wales","Australia","-33.85","151.2","https://collectionsearch.nma.gov.au/s/hw/EMU.EMUIRN/73811","2026-09-08","1901–1965","Medals","Metal"
"130976","2004.0060.0001.001","Australian silver commemorative medallion marking Australia's 150th Anniversary in1938, featuring the landing at Sydney Cove of Captain Arthur Phillip on January 26 1788.","Commemorative medallions","Olive King collection","Other Collections","Metal - non specific","1938","Date of issue","Australia; Sydney Cove, Sydney Harbour, Sydney, New South Wales, Australia; Sydney, New South Wales, Australia","New South Wales","Australia","-33.85","151.2","https://collectionsearch.nma.gov.au/s/hw/EMU.EMUIRN/130976","2021-05-11","1901–1965","Medals","Metal"
"130978","2004.0060.0002.001","Australian silver commemorative medallion marking Australia's 150th Anniversary in1938, featuring the landing at Sydney Cove of Captain Arthur Phillip on January 26 1788.","Commemorative medallions","Olive King collection","Other Collections","Metal - non specific","1938","Date of issue","Australia; Sydney Cove, Sydney Harbour, Sydney, New South Wales, Australia; Sydney, New South Wales, Australia","New South Wales","Australia","-33.85","151.2","https://collectionsearch.nma.gov.au/s/hw/EMU.EMUIRN/130978","2021-05-11","1901–1965","Medals","Metal"
"73808","2004.0060.0003","Fiftieth Anniversary 1888-1938","Commemorative medallions","Olive King collection","Other Collections","Metal - non specific","1938","Date of issue","Australia","","Australia","","","https://collectionsearch.nma.gov.au/s/hw/EMU.EMUIRN/73808","2025-02-17","1901–1965","Medals","Metal"
"276255","2024.0002.0105","1000 metre sprint NSW championship medal awarded to Dunc Gray, 1938","Medals","Dunc Gray collection","Other Collections","Gemstone - non specific; Metal - non specific; Paint - non specific","1938","","","","","","","https://collectionsearch.nma.gov.au/s/hw/EMU.EMUIRN/276255","2026-08-18","1901–1965","Medals","Metal"
"276340","2024.0002.0131","1000 metre sprint championship medal awarded to Dunc Gray by Amateur Cyclists Association of Australia, 1938","Medals","Dunc Gray collection","Other Collections","Metal - non specific; Paint - non specific","1938","","","","","","","https://collectionsearch.nma.gov.au/s/hw/EMU.EMUIRN/276340","2026-08-18","1901–1965","Medals","Metal"
"276332","2024.0002.0128","1000 metre time trial championship medal awarded to Dunc Gray by Amateur Cyclists Association of Australia, 1938","Medals","Dunc Gray collection","Other Collections","Metal - non specific; Paint - non specific","1938","","","","","","","https://collectionsearch.nma.gov.au/s/hw/EMU.EMUIRN/276332","2026-08-18","1901–1965","Medals","Metal"
"71063","2003.0010.0001","Cessation of Transportation medal 1853","Medals","Noble Numismatics collection","Other Collections","Silver","1938","Date of issue","Port Arthur, Tasman Peninsula, Tasmania, Australia","Tasmania","Australia","-42.8821","147.3272","https://collectionsearch.nma.gov.au/s/hw/EMU.EMUIRN/71063","2025-02-17","1901–1965","Medals","Metal"
"276179","2024.0002.0095","Competitors medal awarded to Dunc Gray at British Empire Games, Sydney, 1938","Medals","Dunc Gray collection","Other Collections","Metal - non specific","1938","","Sydney, New South Wales, Australia","New South Wales","Australia","-33.8688","151.2093","https://collectionsearch.nma.gov.au/s/hw/EMU.EMUIRN/276179","2026-08-18","1901–1965","Medals","Metal"
"276188","2024.0002.0094","Gold medal awarded to Dunc Gray at British Empire Games, Sydney, 1938","Medals","Dunc Gray collection","Other Collections","Metal - non specific","1938","","Sydney, New South Wales, Australia","New South Wales","Australia","-33.8688","151.2093","https://collectionsearch.nma.gov.au/s/hw/EMU.EMUIRN/276188","2026-08-18","1901–1965","Medals","Metal"
"276253","2024.0002.0106","One mile NSW championship medal awarded to Dunc Gray, 1938","Medals","Dunc Gray collection","Other Collections","Gemstone - non specific; Metal - non specific; Paint - non specific","1938","","","","","","","https://collectionsearch.nma.gov.au/s/hw/EMU.EMUIRN/276253","2026-08-18","1901–1965","Medals","Metal"
"71681","MU00057.001","Australian 1938 one shilling coin","Shilling coins","Australian Currency collection","Other Collections","Metal - non specific","1938","Date of issue","","","","","","https://collectionsearch.nma.gov.au/s/hw/EMU.EMUIRN/71681","2025-02-18","1901–1965","Coins","Metal"
"116703","1998.0028.0021","Commemorative stand displaying three World War Two artillery shells","Commemorative objects","Australian National Railways Commission collection","Other Collections","Brass; Copper; Felted cloth - non specific; Paint - non specific; Wood","1939","Date made","Kilburn, Adelaide, South Australia, Australia","South Australia","Australia","-34.8683","138.581","https://collectionsearch.nma.gov.au/s/hw/EMU.EMUIRN/116703","2025-02-17","1901–1965","Other","Metal"
"59211","2000.0006.0010","Black jersey headpiece with red decoration on the forehead, worn for performances of the ballet 'Demon Machine'","Dance costumes","Cuckson Bodenwieser collection no. 1","Other Collections","Woollen cloth","1939","Date made","New South Wales, Australia; South Australia, Australia; St Marys, Sydney, New South Wales, Australia; Tasmania, Australia; Victoria, Australia; Western Australia, Australia","New South Wales","Australia","-33.7833","150.783","https://collectionsearch.nma.gov.au/s/hw/EMU.EMUIRN/59211","2026-09-18","1901–1965","Other","Textile"
"276259","2024.0002.0099","1000 metre sprint NSW championship medal awarded to Dunc Gray, 1939","Medals","Dunc Gray collection","Other Collections","Metal - non specific; Paint - non specific","1939","","","","","","","https://collectionsearch.nma.gov.au/s/hw/EMU.EMUIRN/276259","2026-08-18","1901–1965","Medals","Metal"
"276345","2024.0002.0130","1000 metre sprint championship medal awarded to Dunc Gray by Amateur Cyclists Association of Australia, 1939","Medals","Dunc Gray collection","Other Collections","Metal - non specific; Paint - non specific","1939","","","","","","","https://collectionsearch.nma.gov.au/s/hw/EMU.EMUIRN/276345","2026-08-18","1901–1965","Medals","Metal"
"276344","2024.0002.0132","1000 metre time trial championship medal awarded to Dunc Gray by Amateur Cyclists Association of Australia, 1939","Medals","Dunc Gray collection","Other Collections","Metal - non specific; Paint - non specific","1939","","","","","","","https://collectionsearch.nma.gov.au/s/hw/EMU.EMUIRN/276344","2026-08-18","1901–1965","Medals","Metal"
"276257","2024.0002.0102","One mile NSW championship medal awarded to Dunc Gray, 1939","Medals","Dunc Gray collection","Other Collections","Metal - non specific; Paint - non specific","1939","","","","","","","https://collectionsearch.nma.gov.au/s/hw/EMU.EMUIRN/276257","2026-08-18","1901–1965","Medals","Metal"
"276341","2024.0002.0127","Ten mile championship medal awarded to Dunc Gray by Amateur Cyclists Association of Australia, 1939","Medals","Dunc Gray collection","Other Collections","Metal - non specific; Paint - non specific","1939","","","","","","","https://collectionsearch.nma.gov.au/s/hw/EMU.EMUIRN/276341","2026-08-18","1901–1965","Medals","Metal"
"276258","2024.0002.0098","Ten miles NSW championship medal awarded to Dunc Gray, 1939","Medals","Dunc Gray collection","Other Collections","Metal - non specific; Paint - non specific","1939","","","","","","","https://collectionsearch.nma.gov.au/s/hw/EMU.EMUIRN/276258","2026-08-18","1901–1965","Medals","Metal"
"41916","1991.0020.0005","Defence Medal 1939 - 1945","Military medals","Andrzej Jedrzejowski collection","Other Collections","Metal - non specific; Textile - non specific","1939","","","","","","","https://collectionsearch.nma.gov.au/s/hw/EMU.EMUIRN/41916","2026-09-08","1901–1965","Medals","Metal"
"126129","2007.0101.0051.002","Sergeant Parsons 1939-1945 Star and Pacific Star medals","Military medals","Parsons collection","Other Collections","Bronze; Metal - non specific; Textile - non specific","1939","","","","","","","https://collectionsearch.nma.gov.au/s/hw/EMU.EMUIRN/126129","2022-01-21","1901–1965","Medals","Metal"
"112418","1992.0097.0044","Black and white postcard photograph depicting Mr Glover wearing his military medals on Anzac Day, 1939","Photographs","Enid Treadgold collection","Other Collections","Ink; Paper; Photographic emulsion","1939","Date photographed","Sydney, New South Wales, Australia","New South Wales","Australia","-33.85","151.2","https://collectionsearch.nma.gov.au/s/hw/EMU.EMUIRN/112418","2025-02-23","1901–1965","Other","Paper"
"262867","2020.0002.0094","HMAS Sydney, Sinking of the Bartolomeo Colleoni commemorative silver medal, 1940","Commemorative medals","Trevor Kennedy collection","Other Collections","Metal - non specific; Silver","1940","","","","","","","https://collectionsearch.nma.gov.au/s/hw/EMU.EMUIRN/262867","2025-11-18","1901–1965","Medals","Metal"
"276262","2024.0002.0101","1000 metre sprint NSW championship medal awarded to Dunc Gray, 1940","Medals","Dunc Gray collection","Other Collections","Metal - non specific; Paint - non specific","1940","","","","","","","https://collectionsearch.nma.gov.au/s/hw/EMU.EMUIRN/276262","2026-08-18","1901–1965","Medals","Metal"
"276346","2024.0002.0129","1000 metre time trial championship medal awarded to Dunc Gray by Amateur Cyclists Association of Australia, 1940","Medals","Dunc Gray collection","Other Collections","Metal - non specific; Paint - non specific","1940","","","","","","","https://collectionsearch.nma.gov.au/s/hw/EMU.EMUIRN/276346","2026-08-18","1901–1965","Medals","Metal"
"276349","2024.0002.0126","Ten mile championship medal awarded to Dunc Gray by Amateur Cyclists Association of Australia, 1940","Medals","Dunc Gray collection","Other Collections","Metal - non specific; Paint - non specific","1940","","","","","","","https://collectionsearch.nma.gov.au/s/hw/EMU.EMUIRN/276349","2026-08-18","1901–1965","Medals","Metal"
"112140","1999.0013.0072.001","Rectangular postage stamp dispenser with a grey metal front panel and brown sides","Postal equipment","Australia Post Historical collection","Other Collections","Metal - non specific; Paint - non specific","1940","Date made","","","","","","https://collectionsearch.nma.gov.au/s/hw/EMU.EMUIRN/112140","2024-08-19","1901–1965","Other","Metal"
"34242","1986.0122.0002","German Prisoner of War Camp currency One Reichsmark banknote used in Stalag VII-A","Banknotes","Basil Gasperowicz collection no. 1","Other Collections","Paper","1941","Date of issue","Bavaria, Germany; Germany; Poland","","International","51.1656","10.4514","https://collectionsearch.nma.gov.au/s/hw/EMU.EMUIRN/34242","2025-02-24","1901–1965","Banknotes","Paper"
"34243","1986.0122.0003","German Prisoner of War Camp currency Two Reichsmark banknote used in Stalag VII-A","Banknotes","Basil Gasperowicz collection no. 1","Other Collections","Paper","1941","Date of issue","Bavaria, Germany; Germany; Poland","","International","51.1656","10.4514","https://collectionsearch.nma.gov.au/s/hw/EMU.EMUIRN/34243","2025-02-24","1901–1965","Banknotes","Paper"
"112136","1999.0013.0072","Beige and brown rectangular postage stamp dispenser with a grey metal front panel","Postal equipment","Australia Post Historical collection","Other Collections","Metal - non specific; Paint - non specific; Paper; String","1941","Date made","","","","","","https://collectionsearch.nma.gov.au/s/hw/EMU.EMUIRN/112136","2026-09-08","1901–1965","Other","Metal"
"56373","1995.0026.0003","Poster titled 'Help Australia - Help yourself... buy WAR SAVINGS STAMPS and CERTIFICATES'","Advertising posters","People's Paraphernalia collection no. 10","Other Collections","Ink; Paper","1942","Date of publication","Australia","","Australia","-25.0","133.0","https://collectionsearch.nma.gov.au/s/hw/EMU.EMUIRN/56373","2025-02-24","1901–1965","Other","Paper"
"266794","2020.0002.0131","Second World War trench art love heart coin, 1942","Coins","Trevor Kennedy collection","Other Collections","Metal - non specific; Silver","1942","","","","","","","https://collectionsearch.nma.gov.au/s/hw/EMU.EMUIRN/266794","2025-11-18","1901–1965","Coins","Metal"
"112443","1992.0097.0061","Souvenir piece of the Japanese Midget Submarine sunk in Sydney Harbour on 31 May 1942","Commemorative objects","Enid Treadgold collection","Other Collections","Cardboard; Cuprous metal - non specific; String","1942","Date made","Japan; Sydney Harbour, Sydney, New South Wales, Australia","New South Wales","Australia","-33.8688","151.2093","https://collectionsearch.nma.gov.au/s/hw/EMU.EMUIRN/112443","2025-02-17","1901–1965","Other","Metal"
"112444","1992.0097.0061.001","Souvenir rectangle of bronze-coloured metal with a hole drilled in one corner and three Japanese characters stamped into one side","Commemorative objects","Enid Treadgold collection","Other Collections","Cuprous metal - non specific","1942","Date made","Japan; Sydney Harbour, Sydney, New South Wales, Australia","New South Wales","Australia","-33.8688","151.2093","https://collectionsearch.nma.gov.au/s/hw/EMU.EMUIRN/112444","2022-08-24","1901–1965","Other","Metal"
"54141","1993.0075.0005","Spitfire aircraft made from a penny made in 1943 by Sheila Ferguson, WAAAF","Models","Sheila Van Emden collection","Other Collections","Metal - non specific","1943","","Melbourne, Victoria, Australia; Penrith, Sydney, New South Wales, Australia; Uranquinty, New South Wales, Australia","New South Wales","Australia","-33.8688","151.2093","https://collectionsearch.nma.gov.au/s/hw/EMU.EMUIRN/54141","2025-02-17","1901–1965","Other","Metal"
"119706","1991.0020.0002","Monte Cassino Maj 1944","Medals","Andrzej Jedrzejowski collection","Other Collections","Cardboard; Metal - non specific; Textile - non specific","1944","","","","","","","https://collectionsearch.nma.gov.au/s/hw/EMU.EMUIRN/119706","2025-02-17","1901–1965","Medals","Metal"
"56035","1995.0001.0180","1945 FDIF 1965","Commemorative badges","Union of Australian Women collection","Other Collections","Glass; Metal - non specific; Paint - non specific","1945","","Sydney, New South Wales, Australia","New South Wales","Australia","-33.8688","151.2093","https://collectionsearch.nma.gov.au/s/hw/EMU.EMUIRN/56035","2025-03-25","1901–1965","Medals","Metal"
"56034","1995.0001.0179","1945 FDIF 1965 WIDF","Commemorative badges","Union of Australian Women collection","Other Collections","Metal - non specific; Paint - non specific","1945","","Sydney, New South Wales, Australia","New South Wales","Australia","-33.8688","151.2093","https://collectionsearch.nma.gov.au/s/hw/EMU.EMUIRN/56034","2025-03-25","1901–1965","Medals","Metal"
"127031","1988.0049.0001","Victory Medal","Commemorative medallions","Lois Grosse collection","Other Collections","Metal - non specific","1945","Date made","","","","","","https://collectionsearch.nma.gov.au/s/hw/EMU.EMUIRN/127031","2025-02-17","1901–1965","Medals","Metal"
"67063","2002.0021.0171","Souvenir mug - Victory in Europe, 1945","Commemorative mugs","Cecil Ballard Jnr collection","Cecil Ballard Jnr collection","Bone china","1945","","","","","","","https://collectionsearch.nma.gov.au/s/hw/EMU.EMUIRN/67063","2026-08-10","1901–1965","Other","Ceramic"
"67098","2002.0021.0172","Souvenir plate - Victory in Europe, 1945","Commemorative plates","Cecil Ballard Jnr collection","Cecil Ballard Jnr collection","Bone china","1945","","","","","","","https://collectionsearch.nma.gov.au/s/hw/EMU.EMUIRN/67098","2026-07-02","1901–1965","Other","Ceramic"
"53093","1993.0025.0015","Victory Medal 1945","Military medals","Lois and John Grosse collection","Other Collections","Metal - non specific","1945","","","","","","","https://collectionsearch.nma.gov.au/s/hw/EMU.EMUIRN/53093","2025-02-17","1901–1965","Medals","Metal"
"266126","2020.0002.0231","Ashtray with Phar Lap decoration made by H.L. Brisbane and Wunderlich Ltd","Ashtrays","Trevor Kennedy collection","Other Collections","Ceramic; Paint - non specific","1946","Date of production","Subiaco, Perth, Western Australia, Australia","Western Australia","Australia","-31.93","115.82","https://collectionsearch.nma.gov.au/s/hw/EMU.EMUIRN/266126","2025-11-18","1901–1965","Other","Ceramic"
"266334","2020.0002.0232","Horseshoe ashtray with Phar Lap decoration made by H.L. Brisbane and Wunderlich Ltd","Ashtrays","Trevor Kennedy collection","Other Collections","Ceramic; Paint - non specific","1946","Date of production","Subiaco, Perth, Western Australia, Australia","Western Australia","Australia","-31.93","115.82","https://collectionsearch.nma.gov.au/s/hw/EMU.EMUIRN/266334","2025-11-18","1901–1965","Other","Ceramic"
"34915","1987.0030.0006","Poppy Day Appeal 1946 fundraising badge","Commemorative badges","Social History Museums (South Australia) collection","Other Collections","Metal - non specific","1946","","","","","","","https://collectionsearch.nma.gov.au/s/hw/EMU.EMUIRN/34915","2025-02-17","1901–1965","Medals","Metal"
"22384","1986.0009.0004","Metal globe of the world studded with stones marking the flight paths of the Southern Cross aeroplane, inscribed 'Atlantic'","Commemorative objects","Austin Byrne collection no. 1","Other Collections","Metal - non specific","1946","","Tasmania, Australia","Tasmania","Australia","-41.9253","146.497","https://collectionsearch.nma.gov.au/s/hw/EMU.EMUIRN/22384","2026-09-08","1901–1965","Other","Metal"
"22387","1986.0009.0005","Metal globe studded with stones marking the flight paths of the Southern Cross aeroplane, inscribed 'Pacific'","Commemorative objects","Austin Byrne collection no. 1","Other Collections","","1946","","Tasmania, Australia","Tasmania","Australia","-41.9253","146.497","https://collectionsearch.nma.gov.au/s/hw/EMU.EMUIRN/22387","2026-09-08","1901–1965","Other","Unspecified"
"51313","1992.0083.0012","Crocheted cream coathanger with satin ribbon decoration","Coat-hangers","Bridge Family collection no. 4","Other Collections","Cotton cloth; Metal - non specific; Satin; Wool - non specific","1947","Date made","","","","","","https://collectionsearch.nma.gov.au/s/hw/EMU.EMUIRN/51313","2025-02-23","1901–1965","Other","Metal"
"62114","2002.0021.0061","Souvenir 'Loving Cup' - Royal Golden Wedding Anniversary 1947-1997","Commemorative cups","Cecil Ballard Jnr collection","Cecil Ballard Jnr collection","China","1947","","","","","","","https://collectionsearch.nma.gov.au/s/hw/EMU.EMUIRN/62114","2026-08-12","1901–1965","Other","Ceramic"
"230925","2013.0036.0020","Victorian Amateur Cycling Union board 1947-48 track half mile handicap trophy, won by Jim Coyle","Commemorative objects; Trophies","Jim Coyle collection","Other Collections","Silver-plated metal - non specific","1947","","","","","","","https://collectionsearch.nma.gov.au/s/hw/EMU.EMUIRN/230925","2025-02-17","1901–1965","Other","Metal"
"106347","2006.0031.0072","Child's cream ceramic souvenir plate, Royal Tour 1949, decorated with koalas and gum leaves","Commemorative plates","Professor Peter Spearritt collection no. 2","Other Collections","Ceramic","1948","Date made","Australia; New Zealand","","Australia","","","https://collectionsearch.nma.gov.au/s/hw/EMU.EMUIRN/106347","2026-08-17","1901–1965","Other","Ceramic"
"67039","2002.0021.0144.001","Souvenir teacup - for the cancelled royal visit, 1949","Commemorative cups","Cecil Ballard Jnr collection","Cecil Ballard Jnr collection","China","1949","","Australia","","Australia","","","https://collectionsearch.nma.gov.au/s/hw/EMU.EMUIRN/67039","2026-07-10","1901–1965","Other","Ceramic"
"62170","2002.0021.0138","Souvenir coffee cup - for the cancelled royal visit to Australia, 1949","Commemorative mugs","Cecil Ballard Jnr collection","Cecil Ballard Jnr collection","Porcelain","1949","","","","","","","https://collectionsearch.nma.gov.au/s/hw/EMU.EMUIRN/62170","2026-08-10","1901–1965","Other","Ceramic"
"67069","2002.0021.0148","White china mug to commemorate the (cancelled) 1949 Royal Visit to Australia","Commemorative mugs","Cecil Ballard Jnr collection","Cecil Ballard Jnr collection","China","1949","","England","","International","52.435","-1.6772","https://collectionsearch.nma.gov.au/s/hw/EMU.EMUIRN/67069","2026-08-10","1901–1965","Other","Ceramic"
"67055","2002.0021.0146","Souvenir plate - for the cancelled royal visit, 1949","Commemorative plates","Cecil Ballard Jnr collection","Cecil Ballard Jnr collection","Porcelain","1949","","Australia","","Australia","","","https://collectionsearch.nma.gov.au/s/hw/EMU.EMUIRN/67055","2026-07-10","1901–1965","Other","Ceramic"
"67057","2002.0021.0144.003","Souvenir plate - for the cancelled royal visit, 1949","Commemorative plates","Cecil Ballard Jnr collection","Cecil Ballard Jnr collection","Porcelain","1949","","Australia","","Australia","","","https://collectionsearch.nma.gov.au/s/hw/EMU.EMUIRN/67057","2026-07-10","1901–1965","Other","Ceramic"
"67045","2002.0021.0144.004","Souvenir plate or dish - for the cancelled royal visit, 1949","Commemorative plates","Cecil Ballard Jnr collection","Cecil Ballard Jnr collection","Porcelain","1949","","Australia","","Australia","","","https://collectionsearch.nma.gov.au/s/hw/EMU.EMUIRN/67045","2026-07-02","1901–1965","Other","Ceramic"
"266808","2020.0002.0132","Medal presented to Sis. M. Westwood W.M., 1949","Medals","Trevor Kennedy collection","Other Collections","Enamel; Gemstone - non specific; Gold; Metal - non specific","1949","","","","","","","https://collectionsearch.nma.gov.au/s/hw/EMU.EMUIRN/266808","2025-11-18","1901–1965","Medals","Metal"
"262824","2020.0002.0167","Royal Easter Show medal, 1949","Medals","Trevor Kennedy collection","Other Collections","Metal - non specific; Silver","1949","","","","","","","https://collectionsearch.nma.gov.au/s/hw/EMU.EMUIRN/262824","2025-11-18","1901–1965","Medals","Metal"
"113238","2006.0017.0001","Commemorative bronze topographic model of the Snowy Mountains Hydro Electric Scheme, presented to Ben Chifley at the scheme's inauguration","Models","Snowy Scheme Model collection","Other Collections","Metal - non specific; Plastic - non specific; Resin - non specific; Rubber; Wood","1949","Date made","Snowy Mountains, New South Wales, Australia","New South Wales","Australia","-33.8688","151.2093","https://collectionsearch.nma.gov.au/s/hw/EMU.EMUIRN/113238","2025-06-30","1901–1965","Other","Metal"
"112139","1992.0095.0020","Machine-sewn blue cotton apron with floral decoration","Aprons","Gwyneth Ottrey collection","Other Collections","Cotton cloth","1950","Date made","Saint Kilda, Melbourne, Victoria, Australia","Victoria","Australia","-37.8136","144.9631","https://collectionsearch.nma.gov.au/s/hw/EMU.EMUIRN/112139","2026-09-14","1901–1965","Other","Textile"
"113656","2004.0042.0003","Four unused centenary re-issue of the first postage stamps produced in Australia, 1950","Postage stamps","Third Great Seal of New South Wales collection","Other Collections","Paper","1950","Date of issue","Australia; New South Wales, Australia","New South Wales","Australia","-25.0","133.0","https://collectionsearch.nma.gov.au/s/hw/EMU.EMUIRN/113656","2021-05-11","1901–1965","Stamps","Paper"
"243501","2015.0022.0018.001","Anniversary of National Service 1951-1972 medal awarded to Royce Hart","Military medals","Royce Hart collection","Other Collections","Metal - non specific; Textile - non specific","1951","","","","","","","https://collectionsearch.nma.gov.au/s/hw/EMU.EMUIRN/243501","2018-03-18","1901–1965","Medals","Metal"
"239258","2015.0022.0018","Anniversary of National Service 1951-1972 medal awarded to Royce Hart","Military medals","Royce Hart collection","Other Collections","Cardboard; Metal - non specific; Textile - non specific","1951","","","","","","","https://collectionsearch.nma.gov.au/s/hw/EMU.EMUIRN/239258","2025-02-23","1901–1965","Medals","Metal"
"243505","2015.0022.0018.005","Small Anniversary of National Service 1951-1972 medal awarded to Royce Hart","Military medals","Royce Hart collection","Other Collections","Metal - non specific","1951","","","","","","","https://collectionsearch.nma.gov.au/s/hw/EMU.EMUIRN/243505","2018-03-18","1901–1965","Medals","Metal"
"112419","1992.0097.0045","Black and white postcard photograph depicting Mr Glover wearing his military medals on Anzac Day, 1951","Photographs","Enid Treadgold collection","Other Collections","Paper; Photographic emulsion","1951","Date photographed","Sydney, New South Wales, Australia","New South Wales","Australia","-33.8688","151.2093","https://collectionsearch.nma.gov.au/s/hw/EMU.EMUIRN/112419","2025-02-23","1901–1965","Other","Paper"
"62124","2002.0021.0071","Queen Elizabeth II Silver Jubilee, 1952-1977","Commemorative badges","Cecil Ballard Jnr collection","Cecil Ballard Jnr collection","Enamelled metal","1952","","","","","","","https://collectionsearch.nma.gov.au/s/hw/EMU.EMUIRN/62124","2026-08-17","1901–1965","Medals","Metal"
"62118","2002.0021.0065","Souvenir stein - Queen Elizabeth II Silver Jubilee 1952-1977","Commemorative mugs","Cecil Ballard Jnr collection","Cecil Ballard Jnr collection","Ceramic","1952","","","","","","","https://collectionsearch.nma.gov.au/s/hw/EMU.EMUIRN/62118","2026-08-14","1901–1965","Other","Ceramic"
"106319","2006.0031.0081","White ceramic mug celebrating the Silver Jubilee of Queen Elizabeth II 1952-1977","Commemorative mugs","Professor Peter Spearritt collection no. 2","Other Collections","Ceramic","1952","","","","","","","https://collectionsearch.nma.gov.au/s/hw/EMU.EMUIRN/106319","2026-08-10","1901–1965","Other","Ceramic"
"106293","2006.0031.0076","White ceramic mug celebrating the Silver Jubilee of Queen Elizabeth II 1952-1977","Commemorative mugs","Professor Peter Spearritt collection no. 2","Other Collections","Ceramic","1952","","","","","","","https://collectionsearch.nma.gov.au/s/hw/EMU.EMUIRN/106293","2026-08-10","1901–1965","Other","Ceramic"
"106294","2006.0031.0079","White ceramic mug celebrating the Silver Jubilee of Queen Elizabeth II 1952-1977","Commemorative mugs","Professor Peter Spearritt collection no. 2","Other Collections","Ceramic","1952","","","","","","","https://collectionsearch.nma.gov.au/s/hw/EMU.EMUIRN/106294","2026-08-10","1901–1965","Other","Ceramic"
"106295","2006.0031.0078","White ceramic mug celebrating the Silver Jubilee of Queen Elizabeth II 1952-1977","Commemorative mugs","Professor Peter Spearritt collection no. 2","Other Collections","Ceramic","1952","","","","","","","https://collectionsearch.nma.gov.au/s/hw/EMU.EMUIRN/106295","2026-08-10","1901–1965","Other","Ceramic"
"62134","2002.0021.0081","Souvenir pomander - Queen Elizabeth II Silver Jubilee 1952-1977","Commemorative objects","Cecil Ballard Jnr collection","Cecil Ballard Jnr collection","Porcelain","1952","","","","","","","https://collectionsearch.nma.gov.au/s/hw/EMU.EMUIRN/62134","2026-08-17","1901–1965","Other","Ceramic"
"62106","2002.0021.0054","Souvenir plate - Queen Elizabeth II Silver Jubilee 1952 -1977","Commemorative plates","Cecil Ballard Jnr collection","Cecil Ballard Jnr collection","Porcelain","1952","","","","","","","https://collectionsearch.nma.gov.au/s/hw/EMU.EMUIRN/62106","2026-07-02","1901–1965","Other","Ceramic"
"62154","2002.0021.0101","Souvenir plate - Queen Elizabeth II Silver Jubiliee, 1952-1977","Commemorative plates","Cecil Ballard Jnr collection","Cecil Ballard Jnr collection","Porcelain","1952","","","","","","","https://collectionsearch.nma.gov.au/s/hw/EMU.EMUIRN/62154","2026-07-02","1901–1965","Other","Ceramic"
"62141","2002.0021.0088","Souvenir plate or dish - Queen Elizabeth II, 1952 Silver Jubilee 1977","Commemorative plates","Cecil Ballard Jnr collection","Cecil Ballard Jnr collection","Bone china","1952","","","","","","","https://collectionsearch.nma.gov.au/s/hw/EMU.EMUIRN/62141","2026-07-02","1901–1965","Other","Ceramic"
"279450","2022.0016.0001","Commemorative teapot manufactured to mark the Coronation of Queen Elizabeth II, 1953","Commemorative teapots","Nairn collection","Other Collections","Ceramic","1952","Date of production","Stoke-on-Trent, Staffordshire, England; Wollongong, New South Wales, Australia","New South Wales","Australia","53.0028","-2.1883","https://collectionsearch.nma.gov.au/s/hw/EMU.EMUIRN/279450","2026-09-08","1901–1965","Other","Ceramic"
"53977","1993.0060.0001.001","Member of the Order of the British Empire (Civil) awarded to Sheila Ruth Collett on 1 January 1957","Medals","Sheila Ruth Collett collection","Other Collections","Glass enamel; Gold-plated metal; Textile - non specific","1952","Date made","England; Government House, Sydney, Sydney, New South Wales, Australia","New South Wales","Australia","52.435","-1.6772","https://collectionsearch.nma.gov.au/s/hw/EMU.EMUIRN/53977","2025-02-17","1901–1965","Medals","Metal"
"114168","1998.0005.0031","Queen Elizabeth II Coronation Medal 1953 to Dame Pattie Menzies","Medals","Dame Pattie Menzies collection no. 2","Other Collections","Metal - non specific; Textile - non specific","1952","Date made","England","","International","52.435","-1.6772","https://collectionsearch.nma.gov.au/s/hw/EMU.EMUIRN/114168","2025-02-17","1901–1965","Medals","Metal"
"53978","1993.0060.0001.002","Miniature medal for the Member of the Order of the British Empire awaded to Sheila Ruth Collett","Miniature medals","Sheila Ruth Collett collection","Other Collections","Glass enamel; Gold-plated metal; Textile - non specific","1952","Date made","England; Government House, Sydney, Sydney, New South Wales, Australia","New South Wales","Australia","52.435","-1.6772","https://collectionsearch.nma.gov.au/s/hw/EMU.EMUIRN/53978","2019-11-26","1901–1965","Medals","Metal"
"109457","2006.0031.0031","Souvenir Book of Coronation Pageantry","Commemorative books","Professor Peter Spearritt collection no. 2","Other Collections","Cardboard; Paper","1953","Date of publication","Australia; England","","Australia","52.435","-1.6772","https://collectionsearch.nma.gov.au/s/hw/EMU.EMUIRN/109457","2025-02-17","1901–1965","Other","Paper"
"106322","2006.0031.0082","Teacup to celebrate the coronation of Queen Elizabeth II June 2nd 1953","Commemorative cups","Professor Peter Spearritt collection no. 2","Other Collections","Ceramic","1953","","","","","","","https://collectionsearch.nma.gov.au/s/hw/EMU.EMUIRN/106322","2025-06-30","1901–1965","Other","Ceramic"
"106278","2006.0031.0083","Set of 12 souvenir drinking glasses for Queen Elizabeth II's Coronation, June 2nd 1953","Commemorative glassware","Professor Peter Spearritt collection no. 2","Other Collections","Glass; Gold","1953","","","","","","","https://collectionsearch.nma.gov.au/s/hw/EMU.EMUIRN/106278","2026-09-08","1901–1965","Other","Metal"
"109432","2006.0031.0030","Set of six clear drinking glasses, commemorating the visit of Queen Elizabeth II to Australia in 1954","Commemorative glassware","Professor Peter Spearritt collection no. 2","Other Collections","Cardboard; Glass","1953","Date made","Australia; England","","Australia","","","https://collectionsearch.nma.gov.au/s/hw/EMU.EMUIRN/109432","2026-09-08","1901–1965","Other","Paper"
"50231","1992.0019.0002","Souvenir drinking glass - Coronation 1953","Commemorative glassware","Daphne Mabbott collection","Other Collections","Glass; Plastic - non specific","1953","","England; Woolloongabba, Brisbane, Queensland, Australia","Queensland","Australia","-27.4705","153.026","https://collectionsearch.nma.gov.au/s/hw/EMU.EMUIRN/50231","2026-08-14","1901–1965","Other","Glass"
"109439","2006.0031.0037","Red ceramic mug to celebrate the coronation of Queen Elizabeth II 1953","Commemorative mugs","Professor Peter Spearritt collection no. 2","Other Collections","Plastic - non specific","1953","Date made","","","","","","https://collectionsearch.nma.gov.au/s/hw/EMU.EMUIRN/109439","2026-08-10","1901–1965","Other","Plastic / rubber"
"109434","2006.0031.0032","Pressed metal teapot commemorating the coronation of Queen Elizabeth II, 1953","Commemorative objects","Professor Peter Spearritt collection no. 2","Other Collections","Plastic - non specific; Tin","1953","","Australia; England","","Australia","","","https://collectionsearch.nma.gov.au/s/hw/EMU.EMUIRN/109434","2025-02-17","1901–1965","Other","Metal"
"128732","2006.0031.0100","Two tiles for 'Coronation Queen Elizabeth II 2nd June 1953'","Commemorative objects","Professor Peter Spearritt collection no. 2","Other Collections","Plastic - non specific","1953","","","","","","","https://collectionsearch.nma.gov.au/s/hw/EMU.EMUIRN/128732","2026-09-08","1901–1965","Other","Plastic / rubber"
"62108","2002.0021.0056","Souvenir blue glass plate or dish - Queen Elizabeth II, 1953","Commemorative plates","Cecil Ballard Jnr collection","Cecil Ballard Jnr collection","Glass","1953","","","","","","","https://collectionsearch.nma.gov.au/s/hw/EMU.EMUIRN/62108","2026-07-02","1901–1965","Other","Glass"
"114020","1998.0010.0003","Queen Elizabeth II Coronation Medal 1953 to Sir Robert Menzies","Medals","RG Menzies collection","Other Collections","Metal - non specific; Textile - non specific","1953","Date made","England; United Kingdom","","International","52.435","-1.6772","https://collectionsearch.nma.gov.au/s/hw/EMU.EMUIRN/114020","2025-02-23","1901–1965","Medals","Metal"
"127034","1988.0049.0004","1954 Royal Visit - Queen Elizabeth II and Prince Phillip","Commemorative badges","Lois Grosse collection","Other Collections","Metal - non specific; Textile - non specific","1954","Date made","South Australia, Australia","South Australia","Australia","-34.9285","138.6007","https://collectionsearch.nma.gov.au/s/hw/EMU.EMUIRN/127034","2025-02-17","1901–1965","Medals","Metal"
"106303","2006.0031.0099","Always in our hearts. Royal Tour Souvenir 1954 Australia","Commemorative badges","Professor Peter Spearritt collection no. 2","Other Collections","Metal - non specific","1954","","","","","","","https://collectionsearch.nma.gov.au/s/hw/EMU.EMUIRN/106303","2025-02-17","1901–1965","Medals","Metal"
"128730","2006.0031.0098","HM Queen Elizabeth II, Royal Visit 1954, HRH The Duke of Edinburgh","Commemorative badges","Professor Peter Spearritt collection no. 2","Other Collections","Metal - non specific; Textile - non specific","1954","","","","","","","https://collectionsearch.nma.gov.au/s/hw/EMU.EMUIRN/128730","2026-09-08","1901–1965","Medals","Metal"
"53092","1993.0025.0014","Royal Tour 1954","Commemorative badges","Lois and John Grosse collection","Other Collections","Metal - non specific; Plastic - non specific; Textile - non specific","1954","","","","","","","https://collectionsearch.nma.gov.au/s/hw/EMU.EMUIRN/53092","2025-02-17","1901–1965","Medals","Metal"
"48043","1991.0042.0110","Souvenir badge in commemoration of the Royal visit to Australia in 1954, worn in Canberra by Petronella Wensing","Commemorative badges","Petronella Wensing collection no. 1","Other Collections","Metal - non specific; Paint - non specific; Paper; Plastic - non specific","1954","Date made","Canberra, Australian Capital Territory, Australia","Australian Capital Territory","Australia","-35.2809","149.13","https://collectionsearch.nma.gov.au/s/hw/EMU.EMUIRN/48043","2025-02-17","1901–1965","Medals","Metal"
"111431","2006.0031.0140","The Queen in Victoria","Commemorative books","Professor Peter Spearritt collection no. 2","Other Collections","Cardboard; Paper","1954","Date of publication","Victoria, Australia","Victoria","Australia","-37.4714","144.785","https://collectionsearch.nma.gov.au/s/hw/EMU.EMUIRN/111431","2025-02-17","1901–1965","Other","Paper"
"129219","2006.0031.0039","The Royal Tour","Commemorative books","Professor Peter Spearritt collection no. 2","Other Collections","Paper","1954","Date of publication","","","","","","https://collectionsearch.nma.gov.au/s/hw/EMU.EMUIRN/129219","2026-09-09","1901–1965","Other","Paper"
"109466","2006.0031.0039.003","The Royal Tour:  Australia","Commemorative books","Professor Peter Spearritt collection no. 2","Other Collections","Paper","1954","Date of publication","Australia","","Australia","","","https://collectionsearch.nma.gov.au/s/hw/EMU.EMUIRN/109466","2021-05-11","1901–1965","Other","Paper"
"109467","2006.0031.0039.002","The Royal Tour: New Zealand","Commemorative books","Professor Peter Spearritt collection no. 2","Other Collections","Paper","1954","Date of publication","New Zealand","","International","","","https://collectionsearch.nma.gov.au/s/hw/EMU.EMUIRN/109467","2021-05-11","1901–1965","Other","Paper"
"109465","2006.0031.0039.001","The Royal Tour: Outward Bound","Commemorative books","Professor Peter Spearritt collection no. 2","Other Collections","Paper","1954","Date of publication","","","","","","https://collectionsearch.nma.gov.au/s/hw/EMU.EMUIRN/109465","2021-05-11","1901–1965","Other","Paper"
"111433","2006.0031.0139","The Royal Visit to Western Australia 1954","Commemorative books","Professor Peter Spearritt collection no. 2","Other Collections","Cardboard; Paper","1954","","Western Australia, Australia","Western Australia","Australia","-31.9505","115.8605","https://collectionsearch.nma.gov.au/s/hw/EMU.EMUIRN/111433","2025-02-17","1901–1965","Other","Paper"
"111425","2006.0031.0137","To Commemorate the Honour of the Visit of Her Majesty Queen Elizabeth II and His Royal Highness The Duke of Edinburgh .. February, 1954","Commemorative books","Professor Peter Spearritt collection no. 2","Other Collections","Cardboard; Paper","1954","Date of publication","Sydney, New South Wales, Australia","New South Wales","Australia","-33.8688","151.2093","https://collectionsearch.nma.gov.au/s/hw/EMU.EMUIRN/111425","2025-02-17","1901–1965","Other","Paper"
"109281","2006.0031.0111","Small printed commemorative card which details the full itinerary of the Royal visit, from 3 February to 1 April 1954","Commemorative cards","Professor Peter Spearritt collection no. 2","Other Collections","Cardboard","1954","Date of publication","","","","","","https://collectionsearch.nma.gov.au/s/hw/EMU.EMUIRN/109281","2025-02-17","1901–1965","Other","Paper"
"54908","1994.0014.0001","Souvenir drinking glass made for the Royal Visit to Australia in 1954","Commemorative glassware","Glen Dimond collection","Other Collections","Glass","1954","","Australia","","Australia","","","https://collectionsearch.nma.gov.au/s/hw/EMU.EMUIRN/54908","2026-08-21","1901–1965","Other","Glass"
"106636","2006.0031.0049","Medallion ""Presented to the children by the Government of Victoria""","Commemorative medallions","Professor Peter Spearritt collection no. 2","Other Collections","Metal - non specific","1954","Date made","Melbourne, Victoria, Australia; Victoria, Australia","Victoria","Australia","-37.8167","144.967","https://collectionsearch.nma.gov.au/s/hw/EMU.EMUIRN/106636","2025-02-17","1901–1965","Medals","Metal"
"127032","1988.0049.0002","Medallion to commemorate the 1954 Royal Visit to Australia","Commemorative medallions","Lois Grosse collection","Other Collections","Metal - non specific","1954","Date made","Australia","","Australia","","","https://collectionsearch.nma.gov.au/s/hw/EMU.EMUIRN/127032","2025-02-17","1901–1965","Medals","Metal"
"127033","1988.0049.0003","Medallion to commemorate the 1954 Royal Visit to Australia","Commemorative medallions","Lois Grosse collection","Other Collections","Plastic - non specific","1954","Date made","South Australia, Australia","South Australia","Australia","-34.9285","138.6007","https://collectionsearch.nma.gov.au/s/hw/EMU.EMUIRN/127033","2025-02-17","1901–1965","Medals","Plastic / rubber"
"112437","1992.0097.0057.001","Letter from Phillips Electrical Industries about the company's EIIR electric light decoration for the royal visit in 1954","Letters","Enid Treadgold collection","Other Collections","Ink; Paper","1954","Date written","","","","","","https://collectionsearch.nma.gov.au/s/hw/EMU.EMUIRN/112437","2021-05-11","1901–1965","Other","Paper"
"112436","1992.0097.0057","Letter from Phillips Electrical Industries enclosing a photograph of the company's EIIR electric light decoration for the royal visit in 1954","Letters","Enid Treadgold collection","Other Collections","Ink; Paper; Photographic emulsion","1954","Date written","","","","","","https://collectionsearch.nma.gov.au/s/hw/EMU.EMUIRN/112436","2026-09-08","1901–1965","Other","Paper"
"109438","2006.0031.0036","Money box to commemorate the British royal visit to Australia, 1954","Moneyboxes","Professor Peter Spearritt collection no. 2","Other Collections","Tin","1954","Date made","Australia; Victoria, Australia","Victoria","Australia","-37.4714","144.785","https://collectionsearch.nma.gov.au/s/hw/EMU.EMUIRN/109438","2025-02-17","1901–1965","Other","Metal"
"112438","1992.0097.0057.002","Photograph of Phillips Electrical Industries electric light decoration for the royal visit in 1954","Photographs","Enid Treadgold collection","Other Collections","Paper; Photographic emulsion","1954","Date photographed","Australia","","Australia","","","https://collectionsearch.nma.gov.au/s/hw/EMU.EMUIRN/112438","2022-10-13","1901–1965","Other","Paper"
"40997","1991.0005.0001","Medal issued by the Australian Numismatic Society to mark the centenary of the Royal Australian Mint, Sydney, in 1955","Commemorative medals","TE Hanley collection no. 2","Other Collections","Cuprous metal - non specific","1955","Date of issue","Sydney, New South Wales, Australia","New South Wales","Australia","-33.8688","151.2093","https://collectionsearch.nma.gov.au/s/hw/EMU.EMUIRN/40997","2025-02-17","1901–1965","Medals","Metal"
"180554","AR00297.017","Book titled Our Sovereign Lady by L. A. Nickolls","Books","Marion Butcher collection","Other Collections","Cardboard; Cotton thread; Ink; Paper","1956","Date of publication","London, England","","International","","","https://collectionsearch.nma.gov.au/s/hw/EMU.EMUIRN/180554","2022-08-16","1901–1965","Other","Paper"
"58410","1997.0055.0009","1956 Olympic Games souvenir badge of the Russian Combined Sports Association","Commemorative badges","People's Paraphernalia collection no. 21","Other Collections","Enamelled metal","1956","Date made","Melbourne, Victoria, Australia; Soviet Union","Victoria","Australia","-37.8136","144.9631","https://collectionsearch.nma.gov.au/s/hw/EMU.EMUIRN/58410","2025-02-17","1901–1965","Medals","Metal"
"123437","1986.0036.0059","Australian athlete David Thiele","Commemorative badges","Josef Lebovic Gallery collection no. 3","Other Collections","Metal - non specific","1956","Date made","Melbourne, Victoria, Australia","Victoria","Australia","-37.8136","144.9631","https://collectionsearch.nma.gov.au/s/hw/EMU.EMUIRN/123437","2025-02-17","1901–1965","Medals","Metal"
"123432","1986.0036.0055","Australian athlete Victor Hogan","Commemorative badges","Josef Lebovic Gallery collection no. 3","Other Collections","Metal - non specific","1956","Date made","Melbourne, Victoria, Australia","Victoria","Australia","-37.8136","144.9631","https://collectionsearch.nma.gov.au/s/hw/EMU.EMUIRN/123432","2025-02-17","1901–1965","Medals","Metal"
"123436","1986.0036.0058","Badge with portrait of Dave Stephens","Commemorative badges","Josef Lebovic Gallery collection no. 3","Other Collections","Metal - non specific","1956","Date made","Melbourne, Victoria, Australia","Victoria","Australia","-37.8136","144.9631","https://collectionsearch.nma.gov.au/s/hw/EMU.EMUIRN/123436","2025-02-17","1901–1965","Medals","Metal"
"123425","1986.0036.0050","Badge with portrait of Jim Bailey","Commemorative badges","Josef Lebovic Gallery collection no. 3","Other Collections","Metal - non specific","1956","Date made","Melbourne, Victoria, Australia","Victoria","Australia","-37.8136","144.9631","https://collectionsearch.nma.gov.au/s/hw/EMU.EMUIRN/123425","2025-02-17","1901–1965","Medals","Metal"
"123457","1986.0036.0070.001","Badge with portrait of Jon Henricks","Commemorative badges","Josef Lebovic Gallery collection no. 3","Other Collections","Metal - non specific","1956","Date made","Melbourne, Victoria, Australia","Victoria","Australia","-37.8136","144.9631","https://collectionsearch.nma.gov.au/s/hw/EMU.EMUIRN/123457","2021-05-11","1901–1965","Medals","Metal"
"123434","1986.0036.0057","Badge with portrait of Kevan O'Halloran","Commemorative badges","Josef Lebovic Gallery collection no. 3","Other Collections","Metal - non specific","1956","Date made","Melbourne, Victoria, Australia","Victoria","Australia","-37.8136","144.9631","https://collectionsearch.nma.gov.au/s/hw/EMU.EMUIRN/123434","2025-02-17","1901–1965","Medals","Metal"
"123431","1986.0036.0054","Badge with portrait of Kevin Gosper","Commemorative badges","Josef Lebovic Gallery collection no. 3","Other Collections","Metal - non specific","1956","Date made","Melbourne, Victoria, Australia","Victoria","Australia","-37.8136","144.9631","https://collectionsearch.nma.gov.au/s/hw/EMU.EMUIRN/123431","2025-02-17","1901–1965","Medals","Metal"
"123428","1986.0036.0052","Badge with portrait of Lionel Cox","Commemorative badges","Josef Lebovic Gallery collection no. 3","Other Collections","Metal - non specific","1956","Date made","Melbourne, Victoria, Australia","Victoria","Australia","-37.8136","144.9631","https://collectionsearch.nma.gov.au/s/hw/EMU.EMUIRN/123428","2025-02-17","1901–1965","Medals","Metal"
"123427","1986.0036.0051","Badge with portrait of Lorraine Crapp","Commemorative badges","Josef Lebovic Gallery collection no. 3","Other Collections","Metal - non specific","1956","Date made","Melbourne, Victoria, Australia","Victoria","Australia","-37.8136","144.9631","https://collectionsearch.nma.gov.au/s/hw/EMU.EMUIRN/123427","2025-02-17","1901–1965","Medals","Metal"
"123433","1986.0036.0056","Badge with portrait of Marlene Mathews","Commemorative badges","Josef Lebovic Gallery collection no. 3","Other Collections","Metal - non specific","1956","Date made","Melbourne, Victoria, Australia","Victoria","Australia","-37.8136","144.9631","https://collectionsearch.nma.gov.au/s/hw/EMU.EMUIRN/123433","2025-02-17","1901–1965","Medals","Metal"
"123458","1986.0036.0070.002","Badge with portrait of Merv Lincoln","Commemorative badges","Josef Lebovic Gallery collection no. 3","Other Collections","Metal - non specific","1956","Date made","Melbourne, Victoria, Australia","Victoria","Australia","-37.8136","144.9631","https://collectionsearch.nma.gov.au/s/hw/EMU.EMUIRN/123458","2021-05-11","1901–1965","Medals","Metal"
"123429","1986.0036.0053","Badge with portrait of Winsome Cripps","Commemorative badges","Josef Lebovic Gallery collection no. 3","Other Collections","Metal - non specific","1956","Date made","Melbourne, Victoria, Australia","Victoria","Australia","-37.8136","144.9631","https://collectionsearch.nma.gov.au/s/hw/EMU.EMUIRN/123429","2025-02-17","1901–1965","Medals","Metal"
"123445","1986.0036.0064","Boxing","Commemorative badges","Josef Lebovic Gallery collection no. 3","Other Collections","Metal - non specific","1956","Date made","Melbourne, Victoria, Australia","Victoria","Australia","-37.8136","144.9631","https://collectionsearch.nma.gov.au/s/hw/EMU.EMUIRN/123445","2025-02-17","1901–1965","Medals","Metal"
"123418","1986.0036.0047","Commemorative badge from the XVI Olympiad, Melbourne,1956","Commemorative badges","Josef Lebovic Gallery collection no. 3","Other Collections","Metal - non specific","1956","Date made","Melbourne, Victoria, Australia","Victoria","Australia","-37.8136","144.9631","https://collectionsearch.nma.gov.au/s/hw/EMU.EMUIRN/123418","2025-02-17","1901–1965","Medals","Metal"
"123442","1986.0036.0062","Cycling","Commemorative badges","Josef Lebovic Gallery collection no. 3","Other Collections","Metal - non specific","1956","Date made","Melbourne, Victoria, Australia","Victoria","Australia","-37.8136","144.9631","https://collectionsearch.nma.gov.au/s/hw/EMU.EMUIRN/123442","2025-02-17","1901–1965","Medals","Metal"
"123450","1986.0036.0069","Diving","Commemorative badges","Josef Lebovic Gallery collection no. 3","Other Collections","Metal - non specific","1956","Date made","Melbourne, Victoria, Australia","Victoria","Australia","-37.8136","144.9631","https://collectionsearch.nma.gov.au/s/hw/EMU.EMUIRN/123450","2025-02-17","1901–1965","Medals","Metal"
"123441","1986.0036.0061","Hurdles","Commemorative badges","Josef Lebovic Gallery collection no. 3","Other Collections","Metal - non specific","1956","Date made","Melbourne, Victoria, Australia","Victoria","Australia","-37.8136","144.9631","https://collectionsearch.nma.gov.au/s/hw/EMU.EMUIRN/123441","2025-02-17","1901–1965","Medals","Metal"
"123446","1986.0036.0065","Javelin","Commemorative badges","Josef Lebovic Gallery collection no. 3","Other Collections","Metal - non specific","1956","Date made","Melbourne, Victoria, Australia","Victoria","Australia","-37.8136","144.9631","https://collectionsearch.nma.gov.au/s/hw/EMU.EMUIRN/123446","2025-02-17","1901–1965","Medals","Metal"
"123443","1986.0036.0063","Long jump","Commemorative badges","Josef Lebovic Gallery collection no. 3","Other Collections","Metal - non specific","1956","Date made","Melbourne, Victoria, Australia","Victoria","Australia","-37.8136","144.9631","https://collectionsearch.nma.gov.au/s/hw/EMU.EMUIRN/123443","2025-02-17","1901–1965","Medals","Metal"
"123416","1986.0036.0046","Melbourne 1956","Commemorative badges","Josef Lebovic Gallery collection no. 3","Other Collections","Metal - non specific","1956","Date made","Melbourne, Victoria, Australia","Victoria","Australia","-37.8136","144.9631","https://collectionsearch.nma.gov.au/s/hw/EMU.EMUIRN/123416","2025-02-17","1901–1965","Medals","Metal"
"123447","1986.0036.0066","Soccer","Commemorative badges","Josef Lebovic Gallery collection no. 3","Other Collections","Metal - non specific","1956","Date made","Melbourne, Victoria, Australia","Victoria","Australia","-37.8136","144.9631","https://collectionsearch.nma.gov.au/s/hw/EMU.EMUIRN/123447","2025-02-17","1901–1965","Medals","Metal"
"123448","1986.0036.0067","Sprinting","Commemorative badges","Josef Lebovic Gallery collection no. 3","Other Collections","Metal - non specific","1956","Date made","Melbourne, Victoria, Australia","Victoria","Australia","-37.8136","144.9631","https://collectionsearch.nma.gov.au/s/hw/EMU.EMUIRN/123448","2025-02-17","1901–1965","Medals","Metal"
"123449","1986.0036.0068","Sprinting","Commemorative badges","Josef Lebovic Gallery collection no. 3","Other Collections","Metal - non specific","1956","Date made","Melbourne, Victoria, Australia","Victoria","Australia","-37.8136","144.9631","https://collectionsearch.nma.gov.au/s/hw/EMU.EMUIRN/123449","2025-02-17","1901–1965","Medals","Metal"
"123456","1986.0036.0070","Two metal badges depicting portraits of Jon Hanricks and Merv Lincoln","Commemorative badges","Josef Lebovic Gallery collection no. 3","Other Collections","Cardboard; Metal - non specific","1956","Date made","Melbourne, Victoria, Australia","Victoria","Australia","-37.8136","144.9631","https://collectionsearch.nma.gov.au/s/hw/EMU.EMUIRN/123456","2026-09-08","1901–1965","Medals","Metal"
"123439","1986.0036.0060","Weightlifting","Commemorative badges","Josef Lebovic Gallery collection no. 3","Other Collections","Metal - non specific","1956","Date made","Melbourne, Victoria, Australia","Victoria","Australia","-37.8136","144.9631","https://collectionsearch.nma.gov.au/s/hw/EMU.EMUIRN/123439","2025-02-17","1901–1965","Medals","Metal"
"73660","2004.0054.0001","Souvenir miniature lacquered wooden boomerang ""XVITH OLYMPIAD, MELBOURNE 1956""","Commemorative objects","Lucille Pead collection","Other Collections","Wood","1956","Date made","Melbourne, Victoria, Australia","Victoria","Australia","-37.8136","144.9631","https://collectionsearch.nma.gov.au/s/hw/EMU.EMUIRN/73660","2025-02-17","1901–1965","Other","Wood"
"113402","2006.0015.0001","World Tunnel Record Holder medallion awarded to A S Novikov 1956","Medals","Snowy Scheme Tunnelling Medal collection","Other Collections","Silver","1956","Date made","Australia; Snowy Mountains, New South Wales, Australia","New South Wales","Australia","-25.0","133.0","https://collectionsearch.nma.gov.au/s/hw/EMU.EMUIRN/113402","2025-06-30","1901–1965","Medals","Metal"
"218332","2011.0028.0001","John Konrads official participation medal in case, 1956 Melbourne Olympic Games","Sports medals","John Konrads collection","Other Collections","Bronze; Plastic - non specific","1956","","Melbourne, Victoria, Australia","Victoria","Australia","-37.8136","144.9631","https://collectionsearch.nma.gov.au/s/hw/EMU.EMUIRN/218332","2025-11-11","1901–1965","Medals","Metal"
"74226","2005.0025.0001","NSW Amateur Swimming Association medal awarded to G Hamilton","Sports medals","Suzanne Clubb collection","Other Collections","Enamel; Metal - non specific; Textile - non specific","1957","Date made","New South Wales, Australia","New South Wales","Australia","-31.2531","146.921","https://collectionsearch.nma.gov.au/s/hw/EMU.EMUIRN/74226","2025-02-17","1901–1965","Medals","Metal"
"46717","1991.0027.0001","Joliot-Curie Silver Peace Medal awarded to Australian Bill Morrow in 1959","Medals","Bill Morrow collection","Other Collections","Metal - non specific; Textile - non specific","1959","","Melbourne, Victoria, Australia","Victoria","Australia","-37.8136","144.9631","https://collectionsearch.nma.gov.au/s/hw/EMU.EMUIRN/46717","2025-02-17","1901–1965","Medals","Metal"
"71691","MU00057.011","Australian five pound note","Banknotes","Australian Currency collection","Other Collections","Ink; Paper","1960","Date of issue","","","","","","https://collectionsearch.nma.gov.au/s/hw/EMU.EMUIRN/71691","2025-02-18","1901–1965","Banknotes","Paper"
"71690","MU00057.010","Australian one pound note","Banknotes","Australian Currency collection","Other Collections","Ink; Paper","1960","Date of issue","","","","","","https://collectionsearch.nma.gov.au/s/hw/EMU.EMUIRN/71690","2025-02-18","1901–1965","Banknotes","Paper"
"71692","MU00057.012","Australian ten pound note","Banknotes","Australian Currency collection","Other Collections","Ink; Paper","1960","Date of issue","","","","","","https://collectionsearch.nma.gov.au/s/hw/EMU.EMUIRN/71692","2025-02-18","1901–1965","Banknotes","Paper"
"71689","MU00057.009","Australian ten shilling note","Banknotes","Australian Currency collection","Other Collections","Ink; Paper","1960","Date of issue","","","","","","https://collectionsearch.nma.gov.au/s/hw/EMU.EMUIRN/71689","2025-02-18","1901–1965","Banknotes","Paper"
"20187","1985.0246.0090","Painting depicts an abstract design that recalls the facial decoration for an ancient Pukamini ritual","Bark paintings","Dorothy Bennett collection","Other Collections","Bark; Pigment","1960","Date made","Melville Island, Tiwi Islands, Northern Territory, Australia","Northern Territory","Australia","-11.55","130.93","https://collectionsearch.nma.gov.au/s/hw/EMU.EMUIRN/20187","2025-02-23","1901–1965","Other","Other / unclear"
"131660","1988.0050.0021","Christmas decoration","Christmas decorations","Margaret Twiss collection","Other Collections","Glass; Paint - non specific","1960","Date made","Beaumont, Adelaide, South Australia, Australia","South Australia","Australia","-34.9285","138.6007","https://collectionsearch.nma.gov.au/s/hw/EMU.EMUIRN/131660","2025-02-17","1901–1965","Medals","Glass"
"131504","1988.0050.0003","Christmas decoration","Christmas decorations","Margaret Twiss collection","Other Collections","Glass; Metal - non specific","1960","Date made","Beaumont, Adelaide, South Australia, Australia","South Australia","Australia","-34.9285","138.6007","https://collectionsearch.nma.gov.au/s/hw/EMU.EMUIRN/131504","2025-02-17","1901–1965","Medals","Metal"
"131666","1988.0050.0025","Christmas decoration","Christmas decorations","Margaret Twiss collection","Other Collections","Glass; Paint - non specific","1960","Date made","Beaumont, Adelaide, South Australia, Australia","South Australia","Australia","-34.9285","138.6007","https://collectionsearch.nma.gov.au/s/hw/EMU.EMUIRN/131666","2025-02-17","1901–1965","Medals","Glass"
"131507","1988.0050.0006","Christmas decoration","Christmas decorations","Margaret Twiss collection","Other Collections","Metal - non specific; Paint - non specific","1960","Date made","Beaumont, Adelaide, South Australia, Australia","South Australia","Australia","-34.9285","138.6007","https://collectionsearch.nma.gov.au/s/hw/EMU.EMUIRN/131507","2025-02-17","1901–1965","Medals","Metal"
"131574","1988.0050.0014","Christmas decoration","Christmas decorations","Margaret Twiss collection","Other Collections","Metal - non specific; Paint - non specific","1960","Date made","Beaumont, Adelaide, South Australia, Australia","South Australia","Australia","-34.9285","138.6007","https://collectionsearch.nma.gov.au/s/hw/EMU.EMUIRN/131574","2025-02-17","1901–1965","Medals","Metal"
"131506","1988.0050.0005","Christmas decoration","Christmas decorations","Margaret Twiss collection","Other Collections","Glass; Metal - non specific; Paint - non specific","1960","Date made","Beaumont, Adelaide, South Australia, Australia","South Australia","Australia","-34.9285","138.6007","https://collectionsearch.nma.gov.au/s/hw/EMU.EMUIRN/131506","2025-02-17","1901–1965","Medals","Metal"
"131603","1988.0050.0016","Christmas decoration","Christmas decorations","Margaret Twiss collection","Other Collections","Glass; Metal - non specific; Paint - non specific","1960","Date made","Beaumont, Adelaide, South Australia, Australia","South Australia","Australia","-34.9285","138.6007","https://collectionsearch.nma.gov.au/s/hw/EMU.EMUIRN/131603","2025-02-17","1901–1965","Medals","Metal"
"131602","1988.0050.0015.012","Christmas decoration","Christmas decorations","Margaret Twiss collection","Other Collections","Glass; Metal - non specific; Paint - non specific","1960","Date made","Beaumont, Adelaide, South Australia, Australia","South Australia","Australia","-34.9285","138.6007","https://collectionsearch.nma.gov.au/s/hw/EMU.EMUIRN/131602","2021-05-11","1901–1965","Medals","Metal"
"131600","1988.0050.0015.011","Christmas decoration","Christmas decorations","Margaret Twiss collection","Other Collections","Glass; Metal - non specific; Paint - non specific","1960","Date made","Beaumont, Adelaide, South Australia, Australia","South Australia","Australia","-34.9285","138.6007","https://collectionsearch.nma.gov.au/s/hw/EMU.EMUIRN/131600","2021-05-11","1901–1965","Medals","Metal"
"131900","1988.0050.0030","Christmas decoration","Christmas decorations","Margaret Twiss collection","Other Collections","Glass; Metal - non specific; Paint - non specific","1960","Date made","Beaumont, Adelaide, South Australia, Australia","South Australia","Australia","-34.9285","138.6007","https://collectionsearch.nma.gov.au/s/hw/EMU.EMUIRN/131900","2025-02-17","1901–1965","Medals","Metal"
"131905","1988.0050.0034","Christmas decoration","Christmas decorations","Margaret Twiss collection","Other Collections","Glass; Metal - non specific; Paint - non specific","1960","Date made","Beaumont, Adelaide, South Australia, Australia","South Australia","Australia","-34.9285","138.6007","https://collectionsearch.nma.gov.au/s/hw/EMU.EMUIRN/131905","2025-02-17","1901–1965","Medals","Metal"
"131906","1988.0050.0035","Christmas decoration","Christmas decorations","Margaret Twiss collection","Other Collections","Glass; Metal - non specific; Paint - non specific","1960","Date made","Beaumont, Adelaide, South Australia, Australia","South Australia","Australia","-34.9285","138.6007","https://collectionsearch.nma.gov.au/s/hw/EMU.EMUIRN/131906","2025-02-17","1901–1965","Medals","Metal"
"131907","1988.0050.0036","Christmas decoration","Christmas decorations","Margaret Twiss collection","Other Collections","Glass; Metal - non specific; Paint - non specific","1960","Date made","Beaumont, Adelaide, South Australia, Australia","South Australia","Australia","-34.9285","138.6007","https://collectionsearch.nma.gov.au/s/hw/EMU.EMUIRN/131907","2025-02-17","1901–1965","Medals","Metal"
"131896","1988.0050.0027","Christmas decoration","Christmas decorations","Margaret Twiss collection","Other Collections","Glass; Metal - non specific; Paint - non specific","1960","Date made","Beaumont, Adelaide, South Australia, Australia","South Australia","Australia","-34.9285","138.6007","https://collectionsearch.nma.gov.au/s/hw/EMU.EMUIRN/131896","2025-02-17","1901–1965","Medals","Metal"
"131908","1988.0050.0037","Christmas decoration","Christmas decorations","Margaret Twiss collection","Other Collections","Glass; Metal - non specific; Paint - non specific","1960","Date made","Beaumont, Adelaide, South Australia, Australia","South Australia","Australia","-34.9285","138.6007","https://collectionsearch.nma.gov.au/s/hw/EMU.EMUIRN/131908","2025-02-17","1901–1965","Medals","Metal"
"131898","1988.0050.0028","Christmas decoration","Christmas decorations","Margaret Twiss collection","Other Collections","Glass; Metal - non specific; Paint - non specific","1960","Date made","Beaumont, Adelaide, South Australia, Australia","South Australia","Australia","-34.9285","138.6007","https://collectionsearch.nma.gov.au/s/hw/EMU.EMUIRN/131898","2025-02-17","1901–1965","Medals","Metal"
"131641","1988.0050.0017","Christmas decoration","Christmas decorations","Margaret Twiss collection","Other Collections","Glass; Metal - non specific; Paint - non specific","1960","Date made","Beaumont, Adelaide, South Australia, Australia","South Australia","Australia","-34.9285","138.6007","https://collectionsearch.nma.gov.au/s/hw/EMU.EMUIRN/131641","2025-02-17","1901–1965","Medals","Metal"
"131642","1988.0050.0018","Christmas decoration","Christmas decorations","Margaret Twiss collection","Other Collections","Glass; Metal - non specific; Paint - non specific","1960","Date made","Beaumont, Adelaide, South Australia, Australia","South Australia","Australia","-34.9285","138.6007","https://collectionsearch.nma.gov.au/s/hw/EMU.EMUIRN/131642","2025-02-17","1901–1965","Medals","Metal"
"131904","1988.0050.0033","Christmas decoration","Christmas decorations","Margaret Twiss collection","Other Collections","Glass; Metal - non specific; Paint - non specific","1960","Date made","Beaumont, Adelaide, South Australia, Australia","South Australia","Australia","-34.9285","138.6007","https://collectionsearch.nma.gov.au/s/hw/EMU.EMUIRN/131904","2025-02-17","1901–1965","Medals","Metal"
"131663","1988.0050.0023","Christmas decoration","Christmas decorations","Margaret Twiss collection","Other Collections","Glass; Metal - non specific; Paint - non specific","1960","Date made","Beaumont, Adelaide, South Australia, Australia","South Australia","Australia","-34.9285","138.6007","https://collectionsearch.nma.gov.au/s/hw/EMU.EMUIRN/131663","2025-02-17","1901–1965","Medals","Metal"
"131902","1988.0050.0031","Christmas decoration","Christmas decorations","Margaret Twiss collection","Other Collections","Glass; Metal - non specific; Paint - non specific","1960","Date made","Beaumont, Adelaide, South Australia, Australia","South Australia","Australia","-34.9285","138.6007","https://collectionsearch.nma.gov.au/s/hw/EMU.EMUIRN/131902","2025-02-17","1901–1965","Medals","Metal"
"131505","1988.0050.0004","Christmas decoration","Christmas decorations","Margaret Twiss collection","Other Collections","Glass; Metal - non specific; Paint - non specific","1960","Date made","Beaumont, Adelaide, South Australia, Australia","South Australia","Australia","-34.9285","138.6007","https://collectionsearch.nma.gov.au/s/hw/EMU.EMUIRN/131505","2025-02-17","1901–1965","Medals","Metal"
"131899","1988.0050.0029","Christmas decoration","Christmas decorations","Margaret Twiss collection","Other Collections","Glass; Metal - non specific; Paint - non specific","1960","Date made","Beaumont, Adelaide, South Australia, Australia","South Australia","Australia","-34.9285","138.6007","https://collectionsearch.nma.gov.au/s/hw/EMU.EMUIRN/131899","2025-02-17","1901–1965","Medals","Metal"
"131903","1988.0050.0032","Christmas decoration","Christmas decorations","Margaret Twiss collection","Other Collections","Glass; Metal - non specific; Paint - non specific","1960","Date made","Beaumont, Adelaide, South Australia, Australia","South Australia","Australia","-34.9285","138.6007","https://collectionsearch.nma.gov.au/s/hw/EMU.EMUIRN/131903","2025-02-17","1901–1965","Medals","Metal"
"131668","1988.0050.0026","Christmas decoration","Christmas decorations","Margaret Twiss collection","Other Collections","Glass; Metal - non specific; Paint - non specific","1960","Date made","Beaumont, Adelaide, South Australia, Australia","South Australia","Australia","-34.9285","138.6007","https://collectionsearch.nma.gov.au/s/hw/EMU.EMUIRN/131668","2025-02-17","1901–1965","Medals","Metal"
"131662","1988.0050.0022","Christmas decoration","Christmas decorations","Margaret Twiss collection","Other Collections","Glass; Metal - non specific; Paint - non specific","1960","Date made","Beaumont, Adelaide, South Australia, Australia","South Australia","Australia","-34.9285","138.6007","https://collectionsearch.nma.gov.au/s/hw/EMU.EMUIRN/131662","2025-02-17","1901–1965","Medals","Metal"
"131664","1988.0050.0024","Christmas decoration","Christmas decorations","Margaret Twiss collection","Other Collections","Glass; Metal - non specific; Paint - non specific","1960","Date made","Beaumont, Adelaide, South Australia, Australia","South Australia","Australia","-34.9285","138.6007","https://collectionsearch.nma.gov.au/s/hw/EMU.EMUIRN/131664","2025-02-17","1901–1965","Medals","Metal"
"131579","1988.0050.0015.006","Christmas decoration","Christmas decorations","Margaret Twiss collection","Other Collections","Glass; Metal - non specific; Paint - non specific","1960","Date made","Beaumont, Adelaide, South Australia, Australia","South Australia","Australia","-34.9285","138.6007","https://collectionsearch.nma.gov.au/s/hw/EMU.EMUIRN/131579","2021-05-11","1901–1965","Medals","Metal"
"131577","1988.0050.0015.004","Christmas decoration","Christmas decorations","Margaret Twiss collection","Other Collections","Glass; Metal - non specific; Paint - non specific","1960","Date made","Beaumont, Adelaide, South Australia, Australia","South Australia","Australia","-34.9285","138.6007","https://collectionsearch.nma.gov.au/s/hw/EMU.EMUIRN/131577","2021-05-11","1901–1965","Medals","Metal"
"131584","1988.0050.0015.009","Christmas decoration","Christmas decorations","Margaret Twiss collection","Other Collections","Glass; Metal - non specific; Paint - non specific","1960","Date made","Beaumont, Adelaide, South Australia, Australia","South Australia","Australia","-34.9285","138.6007","https://collectionsearch.nma.gov.au/s/hw/EMU.EMUIRN/131584","2021-05-11","1901–1965","Medals","Metal"
"131587","1988.0050.0015.010","Christmas decoration","Christmas decorations","Margaret Twiss collection","Other Collections","Glass; Metal - non specific; Paint - non specific","1960","Date made","Beaumont, Adelaide, South Australia, Australia","South Australia","Australia","-34.9285","138.6007","https://collectionsearch.nma.gov.au/s/hw/EMU.EMUIRN/131587","2021-05-11","1901–1965","Medals","Metal"
"131582","1988.0050.0015.008","Christmas decoration","Christmas decorations","Margaret Twiss collection","Other Collections","Glass; Metal - non specific; Paint - non specific","1960","Date made","Beaumont, Adelaide, South Australia, Australia","South Australia","Australia","-34.9285","138.6007","https://collectionsearch.nma.gov.au/s/hw/EMU.EMUIRN/131582","2021-05-11","1901–1965","Medals","Metal"
"131578","1988.0050.0015.005","Christmas decoration","Christmas decorations","Margaret Twiss collection","Other Collections","Glass; Metal - non specific; Paint - non specific","1960","Date made","Beaumont, Adelaide, South Australia, Australia","South Australia","Australia","-34.9285","138.6007","https://collectionsearch.nma.gov.au/s/hw/EMU.EMUIRN/131578","2021-05-11","1901–1965","Medals","Metal"
"131580","1988.0050.0015.007","Christmas decoration","Christmas decorations","Margaret Twiss collection","Other Collections","Glass; Metal - non specific; Paint - non specific","1960","Date made","Beaumont, Adelaide, South Australia, Australia","South Australia","Australia","-34.9285","138.6007","https://collectionsearch.nma.gov.au/s/hw/EMU.EMUIRN/131580","2021-05-11","1901–1965","Medals","Metal"
"131644","1988.0050.0019","Christmas decoration","Christmas decorations","Margaret Twiss collection","Other Collections","Glass; Metal - non specific; Paint - non specific","1960","Date made","Beaumont, Adelaide, South Australia, Australia","South Australia","Australia","-34.9285","138.6007","https://collectionsearch.nma.gov.au/s/hw/EMU.EMUIRN/131644","2025-02-17","1901–1965","Medals","Metal"
"131645","1988.0050.0020","Christmas decoration","Christmas decorations","Margaret Twiss collection","Other Collections","Glass; Metal - non specific; Paint - non specific","1960","Date made","Beaumont, Adelaide, South Australia, Australia","South Australia","Australia","-34.9285","138.6007","https://collectionsearch.nma.gov.au/s/hw/EMU.EMUIRN/131645","2025-02-17","1901–1965","Medals","Metal"
"131509","1988.0050.0008","Christmas decoration","Christmas decorations","Margaret Twiss collection","Other Collections","Metal - non specific; Paint - non specific; Plastic - non specific","1960","Date made","Beaumont, Adelaide, South Australia, Australia","South Australia","Australia","-34.9285","138.6007","https://collectionsearch.nma.gov.au/s/hw/EMU.EMUIRN/131509","2025-02-17","1901–1965","Medals","Metal"
"131508","1988.0050.0007","Christmas decoration","Christmas decorations","Margaret Twiss collection","Other Collections","Metal - non specific; Paint - non specific; Plastic - non specific","1960","Date made","Beaumont, Adelaide, South Australia, Australia","South Australia","Australia","-34.9285","138.6007","https://collectionsearch.nma.gov.au/s/hw/EMU.EMUIRN/131508","2025-02-17","1901–1965","Medals","Metal"
"131511","1988.0050.0010","Christmas decoration","Christmas decorations","Margaret Twiss collection","Other Collections","Metal - non specific; Paint - non specific; Plastic - non specific","1960","Date made","Beaumont, Adelaide, South Australia, Australia","South Australia","Australia","-34.9285","138.6007","https://collectionsearch.nma.gov.au/s/hw/EMU.EMUIRN/131511","2025-02-17","1901–1965","Medals","Metal"
"131502","1988.0050.0002","Christmas decoration","Christmas decorations","Margaret Twiss collection","Other Collections","Metal - non specific; Paint - non specific; Plastic - non specific","1960","Date made","Beaumont, Adelaide, South Australia, Australia","South Australia","Australia","-34.9285","138.6007","https://collectionsearch.nma.gov.au/s/hw/EMU.EMUIRN/131502","2025-02-17","1901–1965","Medals","Metal"
"131573","1988.0050.0013","Christmas decoration","Christmas decorations","Margaret Twiss collection","Other Collections","Metal - non specific; Paint - non specific; Plastic - non specific","1960","Date made","Beaumont, Adelaide, South Australia, Australia","South Australia","Australia","-34.9285","138.6007","https://collectionsearch.nma.gov.au/s/hw/EMU.EMUIRN/131573","2025-02-17","1901–1965","Medals","Metal"
"131572","1988.0050.0012","Christmas decoration","Christmas decorations","Margaret Twiss collection","Other Collections","Metal - non specific; Paint - non specific; Plastic - non specific","1960","Date made","Beaumont, Adelaide, South Australia, Australia","South Australia","Australia","-34.9285","138.6007","https://collectionsearch.nma.gov.au/s/hw/EMU.EMUIRN/131572","2025-02-17","1901–1965","Medals","Metal"
"131571","1988.0050.0011","Christmas decoration","Christmas decorations","Margaret Twiss collection","Other Collections","Metal - non specific; Paint - non specific; Plastic - non specific","1960","Date made","Beaumont, Adelaide, South Australia, Australia","South Australia","Australia","-34.9285","138.6007","https://collectionsearch.nma.gov.au/s/hw/EMU.EMUIRN/131571","2025-02-17","1901–1965","Medals","Metal"
"131510","1988.0050.0009","Christmas decoration","Christmas decorations","Margaret Twiss collection","Other Collections","Metal - non specific; Paint - non specific; Plastic - non specific","1960","Date made","Beaumont, Adelaide, South Australia, Australia","South Australia","Australia","-34.9285","138.6007","https://collectionsearch.nma.gov.au/s/hw/EMU.EMUIRN/131510","2025-02-17","1901–1965","Medals","Metal"
"131500","1988.0050.0001","Christmas decoration","Christmas decorations","Margaret Twiss collection","Other Collections","Paint - non specific; Textile - non specific; Wire - non specific","1960","Date made","Beaumont, Adelaide, South Australia, Australia","South Australia","Australia","-34.9285","138.6007","https://collectionsearch.nma.gov.au/s/hw/EMU.EMUIRN/131500","2025-02-17","1901–1965","Medals","Textile"
"252489","2011.0028.0012.021","Book titled Olympia 1960 Rom","Commemorative books","John Konrads collection","Other Collections","Card; Paper","1960","","Rome, Italy","","International","","","https://collectionsearch.nma.gov.au/s/hw/EMU.EMUIRN/252489","2020-08-26","1901–1965","Other","Paper"
"252567","2011.0028.0012.036","Book titled Oympiad 1960, with loose leaflets","Commemorative books","John Konrads collection","Other Collections","Cardboard; Ink; Paper; Photographic emulsion","1960","","Rome, Italy","","International","","","https://collectionsearch.nma.gov.au/s/hw/EMU.EMUIRN/252567","2020-08-20","1901–1965","Other","Paper"
"112034","1992.0093.0005","Pair of cream nylon gloves with ribbed decoration on glove backs","Gloves","Toni Hood collection","Other Collections","Nylon","1960","Date made","London, England; Melbourne, Victoria, Australia","Victoria","Australia","-37.8136","144.9631","https://collectionsearch.nma.gov.au/s/hw/EMU.EMUIRN/112034","2026-09-08","1901–1965","Other","Other / unclear"
"46718","1991.0027.0002","International Lenin Peace Prize medal awarded to Australian Bill Morrow in 1960","Medals","Bill Morrow collection","Other Collections","","1960","","","","","","","https://collectionsearch.nma.gov.au/s/hw/EMU.EMUIRN/46718","2026-09-08","1901–1965","Medals","Unspecified"
"218333","2011.0028.0004.001","John Konrads' bronze medal for 400m freestyle, 1960 Rome Olympic Games","Sports medals","John Konrads collection","Other Collections","Bronze","1960","","Rome, Italy","","International","","","https://collectionsearch.nma.gov.au/s/hw/EMU.EMUIRN/218333","2024-07-24","1901–1965","Medals","Metal"
"218334","2011.0028.0003.001","John Konrads' bronze medal for 4x200m freestyle relay, 1960 Rome Olympic Games","Sports medals","John Konrads collection","Other Collections","Bronze","1960","","Rome, Italy","","International","","","https://collectionsearch.nma.gov.au/s/hw/EMU.EMUIRN/218334","2024-01-05","1901–1965","Medals","Metal"
"219192","2011.0028.0004","John Konrads' bronze medal with case, for 400m freestyle, 1960 Rome Olympic Games","Sports medals","John Konrads collection","Other Collections","Bronze; Card; Textile - non specific; Velvet","1960","","Rome, Italy","","International","","","https://collectionsearch.nma.gov.au/s/hw/EMU.EMUIRN/219192","2025-02-17","1901–1965","Medals","Metal"
"219190","2011.0028.0003","John Konrads' bronze medal with case, for 4x200m freestyle relay, 1960 Rome Olympic Games","Sports medals","John Konrads collection","Other Collections","Bronze; Metal - non specific; Paint - non specific; Paper; Textile - non specific; Wood","1960","","Rome, Italy","","International","","","https://collectionsearch.nma.gov.au/s/hw/EMU.EMUIRN/219190","2025-02-17","1901–1965","Medals","Metal"
"218335","2011.0028.0002.001","John Konrads' gold medal for 1500m freestyle, 1960 Rome Olympic Games","Sports medals","John Konrads collection","Other Collections","Gold","1960","","Rome, Italy","","International","","","https://collectionsearch.nma.gov.au/s/hw/EMU.EMUIRN/218335","2024-01-05","1901–1965","Medals","Metal"
"219188","2011.0028.0002","John Konrads' gold medal with case, for 1500m freestyle, 1960 Rome Olympic Games","Sports medals","John Konrads collection","Other Collections","Gold; Metal - non specific; Paint - non specific; Textile - non specific; Wood","1960","","Rome, Italy","","International","","","https://collectionsearch.nma.gov.au/s/hw/EMU.EMUIRN/219188","2025-02-17","1901–1965","Medals","Metal"
"37123","1988.0047.0004","Cartoon depicting two groups of people both picketing about decimal currency.","Cartoons","David Swain collection","Other Collections","Ink; Paper","1961","","","","","","","https://collectionsearch.nma.gov.au/s/hw/EMU.EMUIRN/37123","2025-02-17","1901–1965","Other","Paper"
"62068","2002.0021.0019","Souvenir plate -  Diana Princes of Wales  1961-1997 [Queen of Hearts]","Commemorative plates","Cecil Ballard Jnr collection","Cecil Ballard Jnr collection","Bone china","1961","","","","","","","https://collectionsearch.nma.gov.au/s/hw/EMU.EMUIRN/62068","2026-07-08","1901–1965","Other","Ceramic"
"62069","2002.0021.0020","Souvenir plate - Diana Princes of Wales 1961-1997 [The People's Princess]","Commemorative plates","Cecil Ballard Jnr collection","Cecil Ballard Jnr collection","Bone china","1961","","","","","","","https://collectionsearch.nma.gov.au/s/hw/EMU.EMUIRN/62069","2026-07-08","1901–1965","Other","Ceramic"
"236680","2002.0065.0001","Percy Hobson's Commonwealth Games High Jump Gold Medal 1962, with chain","Sports medals","Percy Hobson collection","Other Collections","Metal - non specific","1962","","Perth, Western Australia, Australia","Western Australia","Australia","-31.9505","115.8605","https://collectionsearch.nma.gov.au/s/hw/EMU.EMUIRN/236680","2026-09-08","1901–1965","Medals","Metal"
"18424","1985.0112.0039","Bark painting depicts a rounded frame in four different rings of decoration","Bark paintings","Dr Helen M Wurm collection no. 2","Other Collections","Bark; Pigment; Wood","1965","","Milikapiti (Snake Bay), Melville Island, Tiwi Islands, Northern Territory, Australia","Northern Territory","Australia","-11.4","130.67","https://collectionsearch.nma.gov.au/s/hw/EMU.EMUIRN/18424","2025-02-23","1901–1965","Other","Wood"
"7698","1985.0025.0007","Commemorative cup for 'Canberra Day 1965 Procession First Place Business and Commerce'","Commemorative cups","J B Young Ltd collection","J B Young Ltd collection","Metal - non specific","1965","","Canberra, Australian Capital Territory, Australia","Australian Capital Territory","Australia","-35.2809","149.13","https://collectionsearch.nma.gov.au/s/hw/EMU.EMUIRN/7698","2025-02-17","1901–1965","Other","Metal"
"71683","MU00057.003","Australian one dollar note","Banknotes","Australian Currency collection","Other Collections","Ink; Paper","1966","Date of issue","","","","","","https://collectionsearch.nma.gov.au/s/hw/EMU.EMUIRN/71683","2025-02-18","1966–1999","Banknotes","Paper"
"71687","MU00057.007","Australian ten dollar note","Banknotes","Australian Currency collection","Other Collections","Ink; Paper","1966","Date of issue","","","","","","https://collectionsearch.nma.gov.au/s/hw/EMU.EMUIRN/71687","2025-02-18","1966–1999","Banknotes","Paper"
"71688","MU00057.008","Australian twenty dollar note","Banknotes","Australian Currency collection","Other Collections","Ink; Paper","1966","Date of issue","","","","","","https://collectionsearch.nma.gov.au/s/hw/EMU.EMUIRN/71688","2025-02-18","1966–1999","Banknotes","Paper"
"71685","MU00057.005","Australian two dollar note","Banknotes","Australian Currency collection","Other Collections","Ink; Paper","1966","Date of issue","","","","","","https://collectionsearch.nma.gov.au/s/hw/EMU.EMUIRN/71685","2025-02-18","1966–1999","Banknotes","Paper"
"71686","MU00057.006","Australian two dollar note","Banknotes","Australian Currency collection","Other Collections","Ink; Paper","1966","Date of issue","","","","","","https://collectionsearch.nma.gov.au/s/hw/EMU.EMUIRN/71686","2025-02-18","1966–1999","Banknotes","Paper"
"140250","1989.0029.0001","Medal to commemorate the bicentenary of the arrival to the east coast of Australia by Captain James Cook","Commemorative medals","TE Hanley collection no. 1","Other Collections","Bronze","1969","Date made","Australia; Sydney, New South Wales, Australia","New South Wales","Australia","-33.85","151.2","https://collectionsearch.nma.gov.au/s/hw/EMU.EMUIRN/140250","2025-02-17","1966–1999","Medals","Metal"
"216715","IR 5803.0020","Captain Cook bi-centenary Programme for 1970","Commemorative books","Ellestan Dusting collection","Other Collections","","1970","Date of production","","","","","","https://collectionsearch.nma.gov.au/s/hw/EMU.EMUIRN/216715","2025-02-24","1966–1999","Other","Unspecified"
"72924","2004.0024.0012","Indian Pacific Inaugeration February 1970","Commemorative objects","Sir Hubert Opperman collection no. 2","Other Collections","Metal - non specific","1970","","","","","","","https://collectionsearch.nma.gov.au/s/hw/EMU.EMUIRN/72924","2025-02-17","1966–1999","Other","Metal"
"140192","1989.0027.0001","Cardboard carton containing 12 commemorative bottles of Angove's wine","Wine bottles","Graeme Niehus collection","Other Collections","Alcohol; Cardboard; Glass; Paper","1974","Date made","Echuca, Victoria, Australia; Murray River, Australia; South Australia, Australia","Victoria","Australia","-30.0003","136.209","https://collectionsearch.nma.gov.au/s/hw/EMU.EMUIRN/140192","2025-04-28","1966–1999","Other","Paper"
"290827","2024.0001.0339.003","Commemorative booklet marking the 21st anniversary of the establishment of Mawson research station, 1975","Booklets","National Antarctic Heritage collection","Other Collections","Card; Cardboard; Ink; Paper; Photographic emulsion","1975","","Mawson station, Mac.Roberston Land, Antarctica","","International","","","https://collectionsearch.nma.gov.au/s/hw/EMU.EMUIRN/290827","2026-07-08","1966–1999","Other","Paper"
"38345","1989.0036.0009","Cartoon of a man in overalls and tin hat, pouring money from drum into a half wine cask","Cartoons","Louis Zmak collection","Other Collections","Ink; Paper","1975","Date of publication","","","","","","https://collectionsearch.nma.gov.au/s/hw/EMU.EMUIRN/38345","2025-02-17","1966–1999","Other","Paper"
"55876","1995.0001.0025","International Women's' Year 1975","Commemorative badges","Union of Australian Women collection","Other Collections","Ink; Metal - non specific; Paper; Plastic - non specific","1975","","Sydney, New South Wales, Australia","New South Wales","Australia","-33.8688","151.2093","https://collectionsearch.nma.gov.au/s/hw/EMU.EMUIRN/55876","2025-03-25","1966–1999","Medals","Metal"
"55865","1995.0001.0014","U.N. Decade for Women 1976-1985","Commemorative badges","Union of Australian Women collection","Other Collections","Ink; Metal - non specific; Paint - non specific; Paper; Plastic - non specific","1976","","Sydney, New South Wales, Australia","New South Wales","Australia","-33.8688","151.2093","https://collectionsearch.nma.gov.au/s/hw/EMU.EMUIRN/55865","2025-03-25","1966–1999","Medals","Metal"
"55864","1995.0001.0013","U.N. Decade for Women 1976-1985","Commemorative badges","Union of Australian Women collection","Other Collections","Ink; Metal - non specific; Paint - non specific; Paper; Plastic - non specific","1976","","Sydney, New South Wales, Australia","New South Wales","Australia","-33.8688","151.2093","https://collectionsearch.nma.gov.au/s/hw/EMU.EMUIRN/55864","2025-03-25","1966–1999","Medals","Metal"
"55869","1995.0001.0018","United Nations' Decade for Women 1976-1985","Commemorative badges","Union of Australian Women collection","Other Collections","Ink; Metal - non specific; Paint - non specific; Paper; Plastic - non specific","1976","","Sydney, New South Wales, Australia","New South Wales","Australia","-33.8688","151.2093","https://collectionsearch.nma.gov.au/s/hw/EMU.EMUIRN/55869","2025-03-25","1966–1999","Medals","Metal"
"230931","2013.0036.0046.001","Australian Veteran Cycling Championship 1976, 50-54 years, won by Jim Coyle","Commemorative objects; Trophies","Jim Coyle collection","Other Collections","Metal - non specific","1976","","","","","","","https://collectionsearch.nma.gov.au/s/hw/EMU.EMUIRN/230931","2020-09-04","1966–1999","Other","Metal"
"230932","2013.0036.0046.002","Australian Veteran Cycling Championship 1976, 50-54 years, won by Jim Coyle","Commemorative objects; Trophies","Jim Coyle collection","Other Collections","Metal - non specific","1976","","","","","","","https://collectionsearch.nma.gov.au/s/hw/EMU.EMUIRN/230932","2020-09-04","1966–1999","Other","Metal"
"230924","2013.0036.0046","Australian Veteran Cycling Championship 1976, 50-54 years, won by Jim Coyle","Commemorative objects; Trophies","Jim Coyle collection","Other Collections","Glazed stoneware; Metal - non specific","1976","","","","","","","https://collectionsearch.nma.gov.au/s/hw/EMU.EMUIRN/230924","2026-09-08","1966–1999","Other","Metal"
"45896","1991.0024.3835","Jar with Sgraffito decoration","Jars","Aboriginal Arts Board collection no. 2","Other Collections","Ceramic","1976","Date made","Bathurst Island, Tiwi Islands, Northern Territory, Australia","Northern Territory","Australia","-11.62","130.38","https://collectionsearch.nma.gov.au/s/hw/EMU.EMUIRN/45896","2025-02-18","1966–1999","Other","Ceramic"
"230902","2013.0036.0016","Commemorative bronze medal from 1976 World Masters Games in Tirol, Austria, won by Jim Coyle","Medals; Trophies","Jim Coyle collection","Other Collections","Bronze","1976","","","","","","","https://collectionsearch.nma.gov.au/s/hw/EMU.EMUIRN/230902","2025-02-17","1966–1999","Medals","Metal"
"172790","1981.0022.0001","Silver Jubilee visit 1977 medallion in presentation folder","Commemorative medallions","TV Stokes collection","Other Collections","Paper; Plastic - non specific; Sterling silver","1977","Date of production","Canberra, Australian Capital Territory, Australia; Saint Kilda, Melbourne, Victoria, Australia","Victoria","Australia","-37.85","144.97","https://collectionsearch.nma.gov.au/s/hw/EMU.EMUIRN/172790","2025-02-17","1966–1999","Medals","Metal"
"62117","2002.0021.0064","Souvenir mug - Queen Elizabeth II Silver Jubilee 1977","Commemorative mugs","Cecil Ballard Jnr collection","Cecil Ballard Jnr collection","Bone china","1977","","","","","","","https://collectionsearch.nma.gov.au/s/hw/EMU.EMUIRN/62117","2026-08-10","1966–1999","Other","Ceramic"
"62125","2002.0021.0072","Souvenir mug - Queen Elizabeth II Silver Jubilee 1977","Commemorative mugs","Cecil Ballard Jnr collection","Cecil Ballard Jnr collection","Bone china","1977","","","","","","","https://collectionsearch.nma.gov.au/s/hw/EMU.EMUIRN/62125","2026-08-12","1966–1999","Other","Ceramic"
"62115","2002.0021.0062","Souvenir pomander - Queen Elizabeth II Silver Jubilee 1977","Commemorative objects","Cecil Ballard Jnr collection","Cecil Ballard Jnr collection","Porcelain","1977","","","","","","","https://collectionsearch.nma.gov.au/s/hw/EMU.EMUIRN/62115","2026-08-17","1966–1999","Other","Ceramic"
"230904","2013.0036.0043","City of Warrnambool 1977 road race medallian, 15th place, won by Jim Coyle","Medals; Trophies","Jim Coyle collection","Other Collections","Metal - non specific; Paint - non specific","1977","","","","","","","https://collectionsearch.nma.gov.au/s/hw/EMU.EMUIRN/230904","2025-02-17","1966–1999","Medals","Metal"
"230899","2013.0036.0039","Commemorative bronze medal from World Masters Games,Tirol-Austria, 1977,  belonging to Jim Coyle","Medals; Trophies","Jim Coyle collection","Other Collections","Bronze; Metal - non specific","1977","","Tyrol, Austria","","International","","","https://collectionsearch.nma.gov.au/s/hw/EMU.EMUIRN/230899","2025-02-17","1966–1999","Medals","Metal"
"230901","2013.0036.0041","VCASA Australian road champion medal, 1977, 50-54 years, won by Jim Coyle","Medals; Trophies","Jim Coyle collection","Other Collections","Metal - non specific","1977","","","","","","","https://collectionsearch.nma.gov.au/s/hw/EMU.EMUIRN/230901","2025-02-17","1966–1999","Medals","Metal"
"71684","MU00057.004","Australian one dollar note","Banknotes","Australian Currency collection","Other Collections","Ink; Paper","1979","Date of issue","","","","","","https://collectionsearch.nma.gov.au/s/hw/EMU.EMUIRN/71684","2025-02-18","1966–1999","Banknotes","Paper"
"56030","1995.0001.0175","May Day 1979 World Peace IYC","Commemorative badges","Union of Australian Women collection","Other Collections","Metal - non specific; Paper","1979","","Sydney, New South Wales, Australia","New South Wales","Australia","-33.8688","151.2093","https://collectionsearch.nma.gov.au/s/hw/EMU.EMUIRN/56030","2025-03-25","1966–1999","Medals","Metal"
"116497","1998.0028.0010","Historical Oodnadatta Railway Station hand bell, presented by Australian National following the closure of the narrow gauge Central Australian Railway December 1980","Commemorative objects","Australian National Railways Commission collection","Other Collections","Brass; Wood","1980","Date made","Oodnadatta, South Australia, Australia","South Australia","Australia","-34.9285","138.6007","https://collectionsearch.nma.gov.au/s/hw/EMU.EMUIRN/116497","2026-09-08","1966–1999","Other","Metal"
"242003","2014.0043.0003.002","Order of Australia awarded to Earl Owen in 1980","Medals","Professor Earl Owen collection","Other Collections","Cotton - non specific; Metal - non specific","1980","","","","","","","https://collectionsearch.nma.gov.au/s/hw/EMU.EMUIRN/242003","2018-03-18","1966–1999","Medals","Metal"
"233295","2014.0043.0003","Order of Australia set awarded to Earl Owen in 1980","Medals","Professor Earl Owen collection","Other Collections","Cotton - non specific; Ink; Leather; Metal - non specific; Paper; Satin; Velvet","1980","","","","","","","https://collectionsearch.nma.gov.au/s/hw/EMU.EMUIRN/233295","2026-09-08","1966–1999","Medals","Metal"
"230900","2013.0036.0040","VCAV 6 day tour medal, first, 1980, won by Jim Coyle","Medals; Trophies","Jim Coyle collection","Other Collections","Metal - non specific","1980","","","","","","","https://collectionsearch.nma.gov.au/s/hw/EMU.EMUIRN/230900","2025-02-17","1966–1999","Medals","Metal"
"223034","MU00053.003","Commemorative portrait of Fred Hollows, 10th Year Anniversary, 10 February 2003","Photographic prints","The Fred Hollows Foundation collection","Other Collections","Ink; Metal - non specific; Photographic emulsion; Plastic - non specific; Wood","1980","Date photographed","Africa","","International","","","https://collectionsearch.nma.gov.au/s/hw/EMU.EMUIRN/223034","2025-07-01","1966–1999","Other","Metal"
"181152","1981.0014.0001","Australia Day sports medal in brown presentation case, 1980","Sports medals","Australia Day Committee collection","Other Collections","Leatherette; Metal - non specific; Textile - non specific","1980","","Canberra, Australian Capital Territory, Australia","Australian Capital Territory","Australia","-35.2809","149.13","https://collectionsearch.nma.gov.au/s/hw/EMU.EMUIRN/181152","2025-02-17","1966–1999","Medals","Metal"
"181167","1981.0014.0002","Australia Day sports medal in brown presentation case, 1980","Sports medals","Australia Day Committee collection","Other Collections","Leatherette; Metal - non specific; Textile - non specific","1980","","Canberra, Australian Capital Territory, Australia","Australian Capital Territory","Australia","-35.2809","149.13","https://collectionsearch.nma.gov.au/s/hw/EMU.EMUIRN/181167","2025-02-17","1966–1999","Medals","Metal"
"106362","2006.0031.0052","Charles & Diana","Commemorative plates","Professor Peter Spearritt collection no. 2","Other Collections","Ceramic","1981","Date made","England","","International","","","https://collectionsearch.nma.gov.au/s/hw/EMU.EMUIRN/106362","2026-07-08","1966–1999","Other","Ceramic"
"106349","2006.0031.0073","Plate ""To commemorate the marriage of HRH The Prince of Wales and Lady Diana Spencer 29th July 1981""","Commemorative plates","Professor Peter Spearritt collection no. 2","Other Collections","China","1981","","","","","","","https://collectionsearch.nma.gov.au/s/hw/EMU.EMUIRN/106349","2026-07-08","1966–1999","Other","Ceramic"
"106348","2006.0031.0074","Plate ""To commemorate the wedding of 29th July 1981"", ""HRH Prince Charles to Lady Diana Spencer""","Commemorative plates","Professor Peter Spearritt collection no. 2","Other Collections","Ceramic","1981","","","","","","","https://collectionsearch.nma.gov.au/s/hw/EMU.EMUIRN/106348","2026-07-02","1966–1999","Other","Ceramic"
"62092","2002.0021.0042","Souvenir plate - Prince & Princess of Wales Wedding on 29th July, 1981","Commemorative plates","Cecil Ballard Jnr collection","Cecil Ballard Jnr collection","Porcelain","1981","","","","","","","https://collectionsearch.nma.gov.au/s/hw/EMU.EMUIRN/62092","2026-07-02","1966–1999","Other","Ceramic"
"62083","2002.0021.0033","Souvenir plate commemorating the wedding of the Prince and Princess of Wales on 29th July, 1981","Commemorative plates","Cecil Ballard Jnr collection","Cecil Ballard Jnr collection","Porcelain","1981","","","","","","","https://collectionsearch.nma.gov.au/s/hw/EMU.EMUIRN/62083","2026-07-02","1966–1999","Other","Ceramic"
"230903","2013.0036.0042","City of Warrnambool 1981 road race medallian, 56th place, won by Jim Coyle","Medals; Trophies","Jim Coyle collection","Other Collections","Metal - non specific; Paint - non specific","1981","","","","","","","https://collectionsearch.nma.gov.au/s/hw/EMU.EMUIRN/230903","2025-02-17","1966–1999","Medals","Metal"
"51274","1992.0077.0001.003","Three-panel mural of postage stamps, which depicts Sydney in 1988, Bicentenary of Australia, 1788-1988","Murals","Garnet Watkins collection","Other Collections","Ink; Paint - non specific; Paper; Wood","1981","Date made","Bentley, Perth, Western Australia, Australia; Sydney Harbour Bridge, Sydney Harbour, Sydney, New South Wales, Australia; Sydney Opera House, Bennelong Point, Sydney, New South Wales, Australia; Sydney, New South Wales, Australia","New South Wales","Australia","-32.0","115.92","https://collectionsearch.nma.gov.au/s/hw/EMU.EMUIRN/51274","2026-09-08","1966–1999","Other","Paper"
"51270","1992.0077.0001.002","Three-panel mural of postage stamps, which depicts the coat of arms of Australia, Bicentenary of Australia, 1788-1988","Murals","Garnet Watkins collection","Other Collections","Ink; Paint - non specific; Paper; Wood","1981","Date made","Australia; Bentley, Perth, Western Australia, Australia","Western Australia","Australia","-32.0","115.92","https://collectionsearch.nma.gov.au/s/hw/EMU.EMUIRN/51270","2026-09-08","1966–1999","Other","Paper"
"51266","1992.0077.0001.001","Three-panel mural of postage stamps, which depicts the flag-raising ceremony at Sydney Cove in 1788, Bicentenary of Australia, 1788-1988","Murals","Garnet Watkins collection","Other Collections","Ink; Paint - non specific; Paper; Wood","1981","Date made","Bentley, Perth, Western Australia, Australia; Sydney Cove, Sydney Harbour, Sydney, New South Wales, Australia","New South Wales","Australia","-32.0","115.92","https://collectionsearch.nma.gov.au/s/hw/EMU.EMUIRN/51266","2026-09-08","1966–1999","Other","Paper"
"62074","2002.0021.0025","Souvenir lidded dish - Royal Birth 1982","Commemorative objects","Cecil Ballard Jnr collection","Cecil Ballard Jnr collection","Porcelain","1982","","","","","","","https://collectionsearch.nma.gov.au/s/hw/EMU.EMUIRN/62074","2025-02-17","1966–1999","Other","Ceramic"
"62075","2002.0021.0026","Souvenir plate - Royal Birth 1982","Commemorative plates","Cecil Ballard Jnr collection","Cecil Ballard Jnr collection","Ceramic","1982","","","","","","","https://collectionsearch.nma.gov.au/s/hw/EMU.EMUIRN/62075","2026-07-10","1966–1999","Other","Ceramic"
"42035","1991.0023.0007","Money for jobs not war - Hiroshima never again","Political badges","Movement Against Uranium Mining collection","Other Collections","Metal - non specific; Plastic - non specific","1982","Date of production","Hiroshima, Japan; Sydney, New South Wales, Australia","New South Wales","Australia","-33.85","151.2","https://collectionsearch.nma.gov.au/s/hw/EMU.EMUIRN/42035","2025-03-25","1966–1999","Medals","Metal"
"202074","AR00232.007","Merinos for Money, Dubbo Seminar, Monday 24th October 1983","Booklets","Jim Maple-Brown collection","Other Collections","Paper","1983","","","","","","","https://collectionsearch.nma.gov.au/s/hw/EMU.EMUIRN/202074","2023-07-04","1966–1999","Other","Paper"
"6526","1985.0001.0029","Carved wooden container covered in pigmented decoration featuring figurative images and cross hatching","Containers","Australian Institute of Aboriginal Studies - Australian National University collection","Other Collections","Pigment; Wood","1983","Date made","Australian National University, Acton, Canberra, Australian Capital Territory, Australia; Katherine, Northern Territory, Australia","Northern Territory","Australia","-14.47","132.27","https://collectionsearch.nma.gov.au/s/hw/EMU.EMUIRN/6526","2025-02-18","1966–1999","Other","Wood"
"42036","1991.0023.0008","Black badge with red and yellow text 'Money for jobs not war - Hiroshima never again'","Political badges","Movement Against Uranium Mining collection","Other Collections","Ink; Metal - non specific; Paper; Plastic - non specific","1983","Date of production","Hiroshima, Japan; Sydney, New South Wales, Australia","New South Wales","Australia","-33.85","151.2","https://collectionsearch.nma.gov.au/s/hw/EMU.EMUIRN/42036","2025-03-25","1966–1999","Medals","Metal"
"73041","2004.0024.0093.002","Rockhampton City Games 1983","Sports medals","Sir Hubert Opperman collection no. 2","Other Collections","Metal - non specific","1983","","","","","","","https://collectionsearch.nma.gov.au/s/hw/EMU.EMUIRN/73041","2021-05-11","1966–1999","Medals","Metal"
"209785","2004.0024.0093","Rockhampton City Games 1983 medal and box","Sports medals","Sir Hubert Opperman collection no. 2","Other Collections","Metal - non specific; Plastic - non specific; Textile - non specific","1983","","","","","","","https://collectionsearch.nma.gov.au/s/hw/EMU.EMUIRN/209785","2026-09-08","1966–1999","Medals","Metal"
"127719","1988.0059.0002","Photographs of the Space Shuttle 'Challenger' and astronauts, a flag, and a cloth badge, mounted on card","Commemorative objects","Australian American Association collection","Other Collections","Paper","1984","Content created","Canberra, Australian Capital Territory, Australia; United States of America","Australian Capital Territory","Australia","-35.2809","149.13","https://collectionsearch.nma.gov.au/s/hw/EMU.EMUIRN/127719","2025-02-17","1966–1999","Other","Paper"
"34260","1986.0124.0012","The Castellorizian Club Commemorative Programme 60th Anniversary of The Castellorizian Brotherhood, 1984","Programs","Basil Galettis collection no. 1","Other Collections","Cardboard; Ink; Metal - non specific; Paper","1984","","","","","","","https://collectionsearch.nma.gov.au/s/hw/EMU.EMUIRN/34260","2025-02-24","1966–1999","Other","Metal"
"56025","1995.0001.0170","1985  Participation Development Peace - IYY [International Youth Year].","Commemorative badges","Union of Australian Women collection","Other Collections","Paper; Plastic - non specific","1985","","Sydney, New South Wales, Australia","New South Wales","Australia","-33.8688","151.2093","https://collectionsearch.nma.gov.au/s/hw/EMU.EMUIRN/56025","2025-03-25","1966–1999","Medals","Paper"
"56014","1995.0001.0159","1985  Participation Development Peace - IYY [International Youth Year].","Commemorative badges","Union of Australian Women collection","Other Collections","Paper; Plastic - non specific","1985","","Sydney, New South Wales, Australia","New South Wales","Australia","-33.8688","151.2093","https://collectionsearch.nma.gov.au/s/hw/EMU.EMUIRN/56014","2025-03-25","1966–1999","Medals","Paper"
"10341","1985.0055.0001","Commemorative poster marking the occasion of the handing back of Uluru to its traditional owners in 1985","Posters","Redback Graphix collection","Other Collections","Ink; Paper","1985","Date of publication","Uluru, Northern Territory, Australia","Northern Territory","Australia","-12.4634","130.8456","https://collectionsearch.nma.gov.au/s/hw/EMU.EMUIRN/10341","2025-10-10","1966–1999","Other","Paper"
"145418","2007.0053.0960","Commemorative poster marking the occasion of the handing back of Uluru to its traditional owners in 1985","Posters","Aboriginal and Torres Strait Islander Affairs Art (ATSIAA) collection no. 1","Other Collections","Ink; Paper","1985","Date of production","Canberra, Australian Capital Territory, Australia","Australian Capital Territory","Australia","-35.2809","149.13","https://collectionsearch.nma.gov.au/s/hw/EMU.EMUIRN/145418","2025-10-10","1966–1999","Other","Paper"
"67145","2000.0034.0001","Commemorative poster presented to Sir Ninian Stephen on the occasion of the handing back of Uluru to its traditional owners in 1985","Posters","Sir Ninian Stephen collection","Other Collections","Ink; Paper","1985","Date made","Uluru, Northern Territory, Australia","Northern Territory","Australia","-12.4634","130.8456","https://collectionsearch.nma.gov.au/s/hw/EMU.EMUIRN/67145","2026-07-28","1966–1999","Other","Paper"
"218732","2011.0028.0005","Framed set of three Olympic Games replica medals presented to John Konrads by International Olympic Committee,1985","Sports medals","John Konrads collection","Other Collections","Bronze; Gold; Ink; Metal - non specific; Paper; Plastic - non specific","1985","","","","","","","https://collectionsearch.nma.gov.au/s/hw/EMU.EMUIRN/218732","2025-02-17","1966–1999","Medals","Metal"
"116849","1997.0043.0019","Cartoon of federal Labor Party politician Tom Uren holding a bucket of money on the doorstep of Tilley Devine's","Cartoons","Ward O'Neill collection no. 2","Other Collections","Ink; Paper","1986","Date of publication","Lyneham, Canberra, Australian Capital Territory, Australia","Australian Capital Territory","Australia","-35.2809","149.13","https://collectionsearch.nma.gov.au/s/hw/EMU.EMUIRN/116849","2025-02-17","1966–1999","Other","Paper"
"37081","1988.0040.0012","Drawing depicting a large farmer type wheeling a wheelbarrow holding bags of money","Cartoons","Michael Fitzjames collection no. 1","Other Collections","Ink; Paper","1986","","","","","","","https://collectionsearch.nma.gov.au/s/hw/EMU.EMUIRN/37081","2025-02-17","1966–1999","Other","Paper"
"56020","1995.0001.0165","International Year of Peace 1986","Commemorative badges","Union of Australian Women collection","Other Collections","Paper; Plastic - non specific","1986","","Sydney, New South Wales, Australia","New South Wales","Australia","-33.8688","151.2093","https://collectionsearch.nma.gov.au/s/hw/EMU.EMUIRN/56020","2025-03-25","1966–1999","Medals","Paper"
"230898","2013.0036.0038","Apple and Pear Corporation veteral cyclists Hobart to Brisbane marathon tour medal 1986 60 years & over won by Jim Coyle","Medals; Trophies","Jim Coyle collection","Other Collections","Metal - non specific","1986","","Brisbane, Queensland, Australia; Hobart, Hobart, Tasmania, Australia","Queensland","Australia","-27.4705","153.026","https://collectionsearch.nma.gov.au/s/hw/EMU.EMUIRN/230898","2025-02-17","1966–1999","Medals","Metal"
"56264","1995.0015.0016","Badge 'Palestine Exhibition 87'","Commemorative badges","General Palestinian Delegation collection","Other Collections","Metal - non specific; Paper; Plastic - non specific","1987","Date made","Canberra, Australian Capital Territory, Australia; Melville Hall, Australian National University, Acton, Canberra, Australian Capital Territory, Australia; Palestine; Sydney Opera House, Bennelong Point, Sydney, New South Wales, Australia","New South Wales","Australia","-35.3","149.13","https://collectionsearch.nma.gov.au/s/hw/EMU.EMUIRN/56264","2025-02-17","1966–1999","Medals","Metal"
"55857","1995.0001.0006","Mockba 1987  World Congress of Women","Commemorative badges","Union of Australian Women collection","Other Collections","Ink; Metal - non specific; Paint - non specific; Paper; Plastic - non specific","1987","","Sydney, New South Wales, Australia","New South Wales","Australia","-33.8688","151.2093","https://collectionsearch.nma.gov.au/s/hw/EMU.EMUIRN/55857","2025-03-25","1966–1999","Medals","Metal"
"55859","1995.0001.0008","Mockba 1987 World Congress of Women","Commemorative badges","Union of Australian Women collection","Other Collections","Ink; Metal - non specific; Paint - non specific; Paper; Plastic - non specific","1987","","Sydney, New South Wales, Australia","New South Wales","Australia","-33.8688","151.2093","https://collectionsearch.nma.gov.au/s/hw/EMU.EMUIRN/55859","2025-03-25","1966–1999","Medals","Metal"
"125722","1987.0018.0001.001","Souvenir Project Book 'Australia's Bicentenary 1788-1988', which is designed to store bicentennial milk cartons","Commemorative books","ACT Milk Authority collection","ACT Milk Authority collection","Waxed paper","1987","Date of publication","Australia; Canberra, Australian Capital Territory, Australia","Australian Capital Territory","Australia","-35.3","149.13","https://collectionsearch.nma.gov.au/s/hw/EMU.EMUIRN/125722","2021-05-11","1966–1999","Other","Paper"
"125724","1987.0018.0001.002","Souvenir Project Book 'Australia's Bicentenary 1788-1988', which is designed to store bicentennial milk cartons","Commemorative books","ACT Milk Authority collection","ACT Milk Authority collection","Waxed paper","1987","Date of publication","Australia; Canberra, Australian Capital Territory, Australia","Australian Capital Territory","Australia","-35.3","149.13","https://collectionsearch.nma.gov.au/s/hw/EMU.EMUIRN/125724","2021-05-11","1966–1999","Other","Paper"
"125720","1987.0018.0001","Souvenir Project Book 'Australia's Bicentenary 1788-1988', which is designed to store bicentennial milk cartons","Commemorative books","ACT Milk Authority collection","ACT Milk Authority collection","Waxed paper","1987","Date of publication","Canberra, Australian Capital Territory, Australia","Australian Capital Territory","Australia","-35.3","149.13","https://collectionsearch.nma.gov.au/s/hw/EMU.EMUIRN/125720","2026-09-08","1966–1999","Other","Paper"
"133508","1988.0079.0001","Fine bone china bowl in a presentation case, especially made by Wedgwood to commemorate the Australian Bicentenary in 1988","Commemorative objects","Waterford Wedgwood Australia Limited collection","Other Collections","Bone china; Gold","1987","Date made","Staffordshire, England; Sydney, New South Wales, Australia","New South Wales","Australia","52.8792","-2.0569","https://collectionsearch.nma.gov.au/s/hw/EMU.EMUIRN/133508","2025-04-15","1966–1999","Other","Metal"
"133753","1989.0056.0001","Map of Australia created from green and gold pasta in the form of the Australian Bicentenary logo","Commemorative objects","Canberra Coffee Centre and Pasta Factory collection","Other Collections","Foodstuffs; Metal - non specific; Plywood; Resin - non specific","1987","Date made","Canberra, Australian Capital Territory, Australia","Australian Capital Territory","Australia","-35.3","149.13","https://collectionsearch.nma.gov.au/s/hw/EMU.EMUIRN/133753","2025-02-17","1966–1999","Other","Metal"
"58532","1998.0017.0036","Souvenir miniature cricket bat, signed by the 1987 Australian and English women's cricket teams","Commemorative objects","National Sports Information Centre collection","Other Collections","Ink; Plastic - non specific; Twine; Wood","1987","Date made","England","","International","52.435","-1.6772","https://collectionsearch.nma.gov.au/s/hw/EMU.EMUIRN/58532","2025-02-17","1966–1999","Other","Paper"
"125733","1987.0018.0003.001","'Subject No.1 - Aborigines' bicentennial commemorative milk carton","Milk containers","ACT Milk Authority collection","ACT Milk Authority collection","Waxed paper","1987","Date made","Australia; Canberra, Australian Capital Territory, Australia","Australian Capital Territory","Australia","-35.3","149.13","https://collectionsearch.nma.gov.au/s/hw/EMU.EMUIRN/125733","2021-05-11","1966–1999","Other","Paper"
"125753","1987.0018.0004.002","'Subject No.1 - Aborigines' bicentennial commemorative milk carton","Milk containers","ACT Milk Authority collection","ACT Milk Authority collection","Waxed paper","1987","Date made","Australia; Canberra, Australian Capital Territory, Australia","Australian Capital Territory","Australia","-35.3","149.13","https://collectionsearch.nma.gov.au/s/hw/EMU.EMUIRN/125753","2021-05-11","1966–1999","Other","Paper"
"125752","1987.0018.0004.001","'Subject No.1 - Aborigines' bicentennial commemorative milk carton","Milk containers","ACT Milk Authority collection","ACT Milk Authority collection","Waxed paper","1987","Date made","Australia; Canberra, Australian Capital Territory, Australia","Australian Capital Territory","Australia","-35.3","149.13","https://collectionsearch.nma.gov.au/s/hw/EMU.EMUIRN/125752","2021-05-11","1966–1999","Other","Paper"
"125747","1987.0018.0003.002","'Subject No.1 - Aborigines' bicentennial commemorative milk carton","Milk containers","ACT Milk Authority collection","ACT Milk Authority collection","Waxed paper","1987","Date made","Australia; Canberra, Australian Capital Territory, Australia","Australian Capital Territory","Australia","-35.3","149.13","https://collectionsearch.nma.gov.au/s/hw/EMU.EMUIRN/125747","2021-05-11","1966–1999","Other","Paper"
"125731","1987.0018.0003","'Subject No.1 - Aborigines' bicentennial commemorative milk cartons","Milk containers","ACT Milk Authority collection","ACT Milk Authority collection","Waxed paper","1987","Date made","Australia; Canberra, Australian Capital Territory, Australia","Australian Capital Territory","Australia","-35.3","149.13","https://collectionsearch.nma.gov.au/s/hw/EMU.EMUIRN/125731","2026-09-08","1966–1999","Other","Paper"
"125749","1987.0018.0004","'Subject No.1 - Aborigines' bicentennial commemorative milk cartons","Milk containers","ACT Milk Authority collection","ACT Milk Authority collection","Waxed paper","1987","Date made","Australia; Canberra, Australian Capital Territory, Australia","Australian Capital Territory","Australia","-35.3","149.13","https://collectionsearch.nma.gov.au/s/hw/EMU.EMUIRN/125749","2026-09-08","1966–1999","Other","Paper"
"125760","1987.0018.0006.001","'Subject No.2 - ' bicentennial commemorative milk carton","Milk containers","ACT Milk Authority collection","ACT Milk Authority collection","Waxed paper","1987","Date made","Australia; Canberra, Australian Capital Territory, Australia","Australian Capital Territory","Australia","-35.3","149.13","https://collectionsearch.nma.gov.au/s/hw/EMU.EMUIRN/125760","2021-05-11","1966–1999","Other","Paper"
"125756","1987.0018.0005.001","'Subject No.2 - ' bicentennial commemorative milk carton","Milk containers","ACT Milk Authority collection","ACT Milk Authority collection","Waxed paper","1987","Date made","Australia; Canberra, Australian Capital Territory, Australia","Australian Capital Territory","Australia","-35.3","149.13","https://collectionsearch.nma.gov.au/s/hw/EMU.EMUIRN/125756","2021-05-11","1966–1999","Other","Paper"
"125762","1987.0018.0006.002","'Subject No.2 - ' bicentennial commemorative milk carton","Milk containers","ACT Milk Authority collection","ACT Milk Authority collection","Waxed paper","1987","Date made","Australia; Canberra, Australian Capital Territory, Australia","Australian Capital Territory","Australia","-35.3","149.13","https://collectionsearch.nma.gov.au/s/hw/EMU.EMUIRN/125762","2021-05-11","1966–1999","Other","Paper"
"125758","1987.0018.0005.002","'Subject No.2 - ' bicentennial commemorative milk carton","Milk containers","ACT Milk Authority collection","ACT Milk Authority collection","Waxed paper","1987","Date made","Australia; Canberra, Australian Capital Territory, Australia","Australian Capital Territory","Australia","-35.3","149.13","https://collectionsearch.nma.gov.au/s/hw/EMU.EMUIRN/125758","2021-05-11","1966–1999","Other","Paper"
"125755","1987.0018.0005","'Subject No.2 - ' bicentennial commemorative milk cartons","Milk containers","ACT Milk Authority collection","ACT Milk Authority collection","Waxed paper","1987","Date made","Australia; Canberra, Australian Capital Territory, Australia","Australian Capital Territory","Australia","-35.3","149.13","https://collectionsearch.nma.gov.au/s/hw/EMU.EMUIRN/125755","2026-09-08","1966–1999","Other","Paper"
"125759","1987.0018.0006","'Subject No.2 - ' bicentennial commemorative milk cartons","Milk containers","ACT Milk Authority collection","ACT Milk Authority collection","Waxed paper","1987","Date made","Australia; Canberra, Australian Capital Territory, Australia","Australian Capital Territory","Australia","-35.3","149.13","https://collectionsearch.nma.gov.au/s/hw/EMU.EMUIRN/125759","2026-09-08","1966–1999","Other","Paper"
"125765","1987.0018.0007.001","'Subject No.3 - ' bicentennial commemorative milk carton","Milk containers","ACT Milk Authority collection","ACT Milk Authority collection","Waxed paper","1987","Date made","Australia; Canberra, Australian Capital Territory, Australia","Australian Capital Territory","Australia","-35.3","149.13","https://collectionsearch.nma.gov.au/s/hw/EMU.EMUIRN/125765","2021-05-11","1966–1999","Other","Paper"
"125768","1987.0018.0008.001","'Subject No.3 - ' bicentennial commemorative milk carton","Milk containers","ACT Milk Authority collection","ACT Milk Authority collection","Waxed paper","1987","Date made","Australia; Canberra, Australian Capital Territory, Australia","Australian Capital Territory","Australia","-35.3","149.13","https://collectionsearch.nma.gov.au/s/hw/EMU.EMUIRN/125768","2021-05-11","1966–1999","Other","Paper"
"125769","1987.0018.0008.002","'Subject No.3 - ' bicentennial commemorative milk carton","Milk containers","ACT Milk Authority collection","ACT Milk Authority collection","Waxed paper","1987","Date made","Australia; Canberra, Australian Capital Territory, Australia","Australian Capital Territory","Australia","-35.3","149.13","https://collectionsearch.nma.gov.au/s/hw/EMU.EMUIRN/125769","2021-05-11","1966–1999","Other","Paper"
"125766","1987.0018.0007.002","'Subject No.3 - ' bicentennial commemorative milk carton","Milk containers","ACT Milk Authority collection","ACT Milk Authority collection","Waxed paper","1987","Date made","Australia; Canberra, Australian Capital Territory, Australia","Australian Capital Territory","Australia","-35.3","149.13","https://collectionsearch.nma.gov.au/s/hw/EMU.EMUIRN/125766","2021-05-11","1966–1999","Other","Paper"
"125767","1987.0018.0008","'Subject No.3 - ' bicentennial commemorative milk cartons","Milk containers","ACT Milk Authority collection","ACT Milk Authority collection","Waxed paper","1987","Date made","Australia; Canberra, Australian Capital Territory, Australia","Australian Capital Territory","Australia","-35.3","149.13","https://collectionsearch.nma.gov.au/s/hw/EMU.EMUIRN/125767","2026-09-08","1966–1999","Other","Paper"
"125763","1987.0018.0007","'Subject No.3 - ' bicentennial commemorative milk cartons","Milk containers","ACT Milk Authority collection","ACT Milk Authority collection","Waxed paper","1987","Date made","Australia; Canberra, Australian Capital Territory, Australia","Australian Capital Territory","Australia","-35.3","149.13","https://collectionsearch.nma.gov.au/s/hw/EMU.EMUIRN/125763","2026-09-08","1966–1999","Other","Paper"
"125774","1987.0018.0010.001","'Subject No.4 - Reform' bicentennial commemorative milk carton","Milk containers","ACT Milk Authority collection","ACT Milk Authority collection","Waxed paper","1987","Date made","Australia; Canberra, Australian Capital Territory, Australia","Australian Capital Territory","Australia","-35.3","149.13","https://collectionsearch.nma.gov.au/s/hw/EMU.EMUIRN/125774","2021-05-11","1966–1999","Other","Paper"
"125775","1987.0018.0010.002","'Subject No.4 - Reform' bicentennial commemorative milk carton","Milk containers","ACT Milk Authority collection","ACT Milk Authority collection","Waxed paper","1987","Date made","Australia; Canberra, Australian Capital Territory, Australia","Australian Capital Territory","Australia","-35.3","149.13","https://collectionsearch.nma.gov.au/s/hw/EMU.EMUIRN/125775","2021-05-11","1966–1999","Other","Paper"
"125770","1987.0018.0009","'Subject No.4 - Reform' bicentennial commemorative milk cartons","Milk containers","ACT Milk Authority collection","ACT Milk Authority collection","Waxed paper","1987","Date made","Australia; Canberra, Australian Capital Territory, Australia","Australian Capital Territory","Australia","-35.3","149.13","https://collectionsearch.nma.gov.au/s/hw/EMU.EMUIRN/125770","2026-09-08","1966–1999","Other","Paper"
"125773","1987.0018.0010","'Subject No.4 - Reform' bicentennial commemorative milk cartons","Milk containers","ACT Milk Authority collection","ACT Milk Authority collection","Waxed paper","1987","Date made","Australia; Canberra, Australian Capital Territory, Australia","Australian Capital Territory","Australia","-35.3","149.13","https://collectionsearch.nma.gov.au/s/hw/EMU.EMUIRN/125773","2026-09-08","1966–1999","Other","Paper"
"125772","1987.0018.0009.002","'Subject No.4 - Reform' bicentennial commemorative milk cartons","Milk containers","ACT Milk Authority collection","ACT Milk Authority collection","Waxed paper","1987","Date made","Australia; Canberra, Australian Capital Territory, Australia","Australian Capital Territory","Australia","-35.3","149.13","https://collectionsearch.nma.gov.au/s/hw/EMU.EMUIRN/125772","2021-05-11","1966–1999","Other","Paper"
"125771","1987.0018.0009.001","'Subject No.4 - Reform' bicentennial commemorative milk cartons","Milk containers","ACT Milk Authority collection","ACT Milk Authority collection","Waxed paper","1987","Date made","Australia; Canberra, Australian Capital Territory, Australia","Australian Capital Territory","Australia","-35.3","149.13","https://collectionsearch.nma.gov.au/s/hw/EMU.EMUIRN/125771","2021-05-11","1966–1999","Other","Paper"
"125783","1987.0018.0011.002","'Subject No.5 - ' bicentennial commemorative milk carton","Milk containers","ACT Milk Authority collection","ACT Milk Authority collection","Waxed paper","1987","Date made","Australia; Canberra, Australian Capital Territory, Australia","Australian Capital Territory","Australia","-35.3","149.13","https://collectionsearch.nma.gov.au/s/hw/EMU.EMUIRN/125783","2021-05-11","1966–1999","Other","Paper"
"125781","1987.0018.0011.001","'Subject No.5 - ' bicentennial commemorative milk carton","Milk containers","ACT Milk Authority collection","ACT Milk Authority collection","Waxed paper","1987","Date made","Australia; Canberra, Australian Capital Territory, Australia","Australian Capital Territory","Australia","-35.3","149.13","https://collectionsearch.nma.gov.au/s/hw/EMU.EMUIRN/125781","2021-05-11","1966–1999","Other","Paper"
"125778","1987.0018.0011","'Subject No.5 - ' bicentennial commemorative milk cartons","Milk containers","ACT Milk Authority collection","ACT Milk Authority collection","Waxed paper","1987","Date made","Australia; Canberra, Australian Capital Territory, Australia","Australian Capital Territory","Australia","-35.3","149.13","https://collectionsearch.nma.gov.au/s/hw/EMU.EMUIRN/125778","2026-09-08","1966–1999","Other","Paper"
"125785","1987.0018.0012.001","'Subject No.6 - Women' bicentennial commemorative milk carton","Milk containers","ACT Milk Authority collection","ACT Milk Authority collection","Waxed paper","1987","Date made","Australia; Canberra, Australian Capital Territory, Australia","Australian Capital Territory","Australia","-35.3","149.13","https://collectionsearch.nma.gov.au/s/hw/EMU.EMUIRN/125785","2021-05-11","1966–1999","Other","Paper"
"125788","1987.0018.0012.002","'Subject No.6 - Women' bicentennial commemorative milk carton","Milk containers","ACT Milk Authority collection","ACT Milk Authority collection","Waxed paper","1987","Date made","Australia; Canberra, Australian Capital Territory, Australia","Australian Capital Territory","Australia","-35.3","149.13","https://collectionsearch.nma.gov.au/s/hw/EMU.EMUIRN/125788","2021-05-11","1966–1999","Other","Paper"
"125784","1987.0018.0012","'Subject No.6 - Women' bicentennial commemorative milk cartons","Milk containers","ACT Milk Authority collection","ACT Milk Authority collection","Waxed paper","1987","Date made","Australia; Canberra, Australian Capital Territory, Australia","Australian Capital Territory","Australia","-35.3","149.13","https://collectionsearch.nma.gov.au/s/hw/EMU.EMUIRN/125784","2026-09-08","1966–1999","Other","Paper"
"125791","1987.0018.0013.001","'Subject No.7 - ' bicentennial commemorative milk carton","Milk containers","ACT Milk Authority collection","ACT Milk Authority collection","Waxed paper","1987","Date made","Australia; Canberra, Australian Capital Territory, Australia","Australian Capital Territory","Australia","-35.3","149.13","https://collectionsearch.nma.gov.au/s/hw/EMU.EMUIRN/125791","2021-05-11","1966–1999","Other","Paper"
"125792","1987.0018.0013.002","'Subject No.7 - ' bicentennial commemorative milk carton","Milk containers","ACT Milk Authority collection","ACT Milk Authority collection","Waxed paper","1987","Date made","Australia; Canberra, Australian Capital Territory, Australia","Australian Capital Territory","Australia","-35.3","149.13","https://collectionsearch.nma.gov.au/s/hw/EMU.EMUIRN/125792","2021-05-11","1966–1999","Other","Paper"
"125790","1987.0018.0013","'Subject No.7 - ' bicentennial commemorative milk cartons","Milk containers","ACT Milk Authority collection","ACT Milk Authority collection","Waxed paper","1987","Date made","Australia; Canberra, Australian Capital Territory, Australia","Australian Capital Territory","Australia","-35.3","149.13","https://collectionsearch.nma.gov.au/s/hw/EMU.EMUIRN/125790","2026-09-08","1966–1999","Other","Paper"
"125795","1987.0018.0014.001","'Subject No.8 - Standing Alone' bicentennial commemorative milk carton","Milk containers","ACT Milk Authority collection","ACT Milk Authority collection","Waxed paper","1987","Date made","Australia; Canberra, Australian Capital Territory, Australia","Australian Capital Territory","Australia","-35.3","149.13","https://collectionsearch.nma.gov.au/s/hw/EMU.EMUIRN/125795","2021-05-11","1966–1999","Other","Paper"
"125796","1987.0018.0014.002","'Subject No.8 - Standing Alone' bicentennial commemorative milk carton","Milk containers","ACT Milk Authority collection","ACT Milk Authority collection","Waxed paper","1987","Date made","Australia; Canberra, Australian Capital Territory, Australia","Australian Capital Territory","Australia","-35.3","149.13","https://collectionsearch.nma.gov.au/s/hw/EMU.EMUIRN/125796","2021-05-11","1966–1999","Other","Paper"
"125794","1987.0018.0014","'Subject No.8 - Standing Alone' bicentennial commemorative milk cartons","Milk containers","ACT Milk Authority collection","ACT Milk Authority collection","Waxed paper","1987","Date made","Australia; Canberra, Australian Capital Territory, Australia","Australian Capital Territory","Australia","-35.3","149.13","https://collectionsearch.nma.gov.au/s/hw/EMU.EMUIRN/125794","2026-09-08","1966–1999","Other","Paper"
"133511","1988.0079.0001.002","Blue presentation case, for the Wedgwood Australian Bicentenial commemorative bowl","Presentation cases","Waterford Wedgwood Australia Limited collection","Other Collections","Metal - non specific; Satin; Vinyl","1987","Date made","Staffordshire, England; Sydney, New South Wales, Australia","New South Wales","Australia","52.8792","-2.0569","https://collectionsearch.nma.gov.au/s/hw/EMU.EMUIRN/133511","2021-05-11","1966–1999","Other","Metal"
"133840","1988.0090.0001.002","Album titled 'Australia 200 Years', for commemorative medal set","Albums","Coles-Myer collection","Other Collections","Ink; Paper; Plastic - non specific","1988","Date of issue","Australia; Victoria, Australia","Victoria","Australia","-37.4714","144.785","https://collectionsearch.nma.gov.au/s/hw/EMU.EMUIRN/133840","2022-05-27","1966–1999","Other","Paper"
"133481","1988.0071.0003","Commemorative bus ticket for ACTION buses to the opening of New Parliament House in 1988","Bus tickets","ACTION Buses collection","Other Collections","Ink; Paper","1988","Date of issue","Canberra, Australian Capital Territory, Australia; Parliament House, Canberra, Australian Capital Territory, Australia","Australian Capital Territory","Australia","-35.3","149.13","https://collectionsearch.nma.gov.au/s/hw/EMU.EMUIRN/133481","2025-02-24","1966–1999","Other","Paper"
"133489","1988.0071.0007","Commemorative bus ticket for ACTION buses to the opening of New Parliament House in 1988","Bus tickets","ACTION Buses collection","Other Collections","Ink; Paper","1988","Date of issue","Canberra, Australian Capital Territory, Australia; Parliament House, Canberra, Australian Capital Territory, Australia","Australian Capital Territory","Australia","-35.3","149.13","https://collectionsearch.nma.gov.au/s/hw/EMU.EMUIRN/133489","2025-02-24","1966–1999","Other","Paper"
"133484","1988.0071.0004","Commemorative bus ticket for ACTION buses to the opening of New Parliament House in 1988","Bus tickets","ACTION Buses collection","Other Collections","Ink; Paper","1988","Date of issue","Canberra, Australian Capital Territory, Australia; Parliament House, Canberra, Australian Capital Territory, Australia","Australian Capital Territory","Australia","-35.3","149.13","https://collectionsearch.nma.gov.au/s/hw/EMU.EMUIRN/133484","2025-02-24","1966–1999","Other","Paper"
"133477","1988.0071.0002","Commemorative bus ticket for ACTION buses to the opening of New Parliament House in 1988","Bus tickets","ACTION Buses collection","Other Collections","Ink; Paper; Plastic - non specific","1988","Date of issue","Canberra, Australian Capital Territory, Australia; Parliament House, Canberra, Australian Capital Territory, Australia","Australian Capital Territory","Australia","-35.3","149.13","https://collectionsearch.nma.gov.au/s/hw/EMU.EMUIRN/133477","2025-02-24","1966–1999","Other","Paper"
"133474","1988.0071.0001","Commemorative bus ticket for ACTION buses to the opening of New Parliament House in 1988","Bus tickets","ACTION Buses collection","Other Collections","Ink; Paper; Plastic - non specific","1988","Date of issue","Canberra, Australian Capital Territory, Australia; Parliament House, Canberra, Australian Capital Territory, Australia","Australian Capital Territory","Australia","-35.3","149.13","https://collectionsearch.nma.gov.au/s/hw/EMU.EMUIRN/133474","2025-02-24","1966–1999","Other","Paper"
"133488","1988.0071.0006","Commemorative bus ticket for ACTION buses to the opening of New Parliament House in 1988","Bus tickets","ACTION Buses collection","Other Collections","Ink; Paper; Plastic - non specific","1988","Date of issue","Canberra, Australian Capital Territory, Australia; Parliament House, Canberra, Australian Capital Territory, Australia","Australian Capital Territory","Australia","-35.3","149.13","https://collectionsearch.nma.gov.au/s/hw/EMU.EMUIRN/133488","2025-02-24","1966–1999","Other","Paper"
"133485","1988.0071.0005","Commemorative bus ticket for ACTION buses to the opening of New Parliament House in 1988","Bus tickets","ACTION Buses collection","Other Collections","Ink; Paper; Plastic - non specific","1988","Date of issue","Canberra, Australian Capital Territory, Australia; Parliament House, Canberra, Australian Capital Territory, Australia","Australian Capital Territory","Australia","-35.3","149.13","https://collectionsearch.nma.gov.au/s/hw/EMU.EMUIRN/133485","2025-02-24","1966–1999","Other","Paper"
"133490","1988.0071.0008","Commemorative bus ticket for ACTION buses to the opening of New Parliament House in 1988","Bus tickets","ACTION Buses collection","Other Collections","Ink; Paper; Plastic - non specific","1988","Date of issue","Canberra, Australian Capital Territory, Australia; Parliament House, Canberra, Australian Capital Territory, Australia","Australian Capital Territory","Australia","-35.3","149.13","https://collectionsearch.nma.gov.au/s/hw/EMU.EMUIRN/133490","2025-02-24","1966–1999","Other","Paper"
"132477","1988.0054.0012.001","We opened New Parliament House with Prayer, National Gathering Canberra, May '88","Commemorative badges","National Gathering of Christians collection","Other Collections","Metal - non specific; Paint - non specific","1988","Date made","Melbourne, Victoria, Australia; Parliament House, Canberra, Australian Capital Territory, Australia","Victoria","Australia","-37.8167","144.967","https://collectionsearch.nma.gov.au/s/hw/EMU.EMUIRN/132477","2021-05-11","1966–1999","Medals","Metal"
"132496","1988.0054.0013.001","We opened New Parliament House with Prayer, National Gathering Canberra, May '88","Commemorative badges","National Gathering of Christians collection","Other Collections","Metal - non specific; Paint - non specific","1988","Date made","Melbourne, Victoria, Australia; Parliament House, Canberra, Australian Capital Territory, Australia","Victoria","Australia","-37.8167","144.967","https://collectionsearch.nma.gov.au/s/hw/EMU.EMUIRN/132496","2021-05-11","1966–1999","Medals","Metal"
"132471","1988.0054.0012","We opened New Parliament House with Prayer, National Gathering Canberra, May '88","Commemorative badges","National Gathering of Christians collection","Other Collections","Metal - non specific; Paint - non specific; Paper; Wood","1988","Date made","Melbourne, Victoria, Australia; Parliament House, Canberra, Australian Capital Territory, Australia","Victoria","Australia","-37.8167","144.967","https://collectionsearch.nma.gov.au/s/hw/EMU.EMUIRN/132471","2026-09-08","1966–1999","Medals","Metal"
"132491","1988.0054.0013","We opened New Parliament House with Prayer, National Gathering Canberra, May '88","Commemorative badges","National Gathering of Christians collection","Other Collections","Metal - non specific; Paint - non specific; Paper; Wood","1988","Date made","Melbourne, Victoria, Australia; Parliament House, Canberra, Australian Capital Territory, Australia","Victoria","Australia","-37.8167","144.967","https://collectionsearch.nma.gov.au/s/hw/EMU.EMUIRN/132491","2026-09-08","1966–1999","Medals","Metal"
"48916","1991.0044.0247","The Bicentenary in Coffs Harbour 1988","Commemorative books","Thompson Family collection","Other Collections","Paper; Plastic - non specific","1988","","Coffs Harbour, New South Wales, Australia","New South Wales","Australia","-33.8688","151.2093","https://collectionsearch.nma.gov.au/s/hw/EMU.EMUIRN/48916","2025-02-17","1966–1999","Other","Paper"
"122012","1988.0077.0001.001","$5 coin","Commemorative coins","Royal Australian Mint collection no. 1","Other Collections","Alloy - non specific; Plastic - non specific","1988","Date made","Canberra, Australian Capital Territory, Australia","Australian Capital Territory","Australia","-35.3","149.13","https://collectionsearch.nma.gov.au/s/hw/EMU.EMUIRN/122012","2021-05-11","1966–1999","Coins","Metal"
"122010","1988.0077.0001","Five dollar commemorative coin for Parliament House","Commemorative coins","Royal Australian Mint collection no. 1","Other Collections","Alloy - non specific; Cardboard; Plastic - non specific; Textile - non specific","1988","Date made","Canberra, Australian Capital Territory, Australia","Australian Capital Territory","Australia","-35.3","149.13","https://collectionsearch.nma.gov.au/s/hw/EMU.EMUIRN/122010","2026-09-08","1966–1999","Coins","Metal"
"119482","1990.0020.0001","The Australian Nugget, Bicentennial Proof Issue coins and box","Commemorative coins","N D'Cruz collection","Other Collections","Cardboard; Cork; Metal - non specific; Paper; Textile - non specific; Wood","1988","Date of issue","","","","","","https://collectionsearch.nma.gov.au/s/hw/EMU.EMUIRN/119482","2026-09-08","1966–1999","Coins","Metal"
"46732","1991.0028.0005","Birthday of Her Majesty Queen Elizabeth II 1988","Commemorative envelopes","Australia Post collection","Other Collections","Paper","1988","Date of issue","","","","","","https://collectionsearch.nma.gov.au/s/hw/EMU.EMUIRN/46732","2025-02-24","1966–1999","Stamps","Paper"
"118968","1991.0028.0006","Parliament House Canberra","Commemorative envelopes","Australia Post collection","Other Collections","Paper","1988","Date of issue","Old Parliament House, Parkes, Canberra, Australian Capital Territory, Australia; Parliament House, Canberra, Australian Capital Territory, Australia","Australian Capital Territory","Australia","-35.2809","149.13","https://collectionsearch.nma.gov.au/s/hw/EMU.EMUIRN/118968","2025-02-24","1966–1999","Stamps","Paper"
"127542","1991.0028.0004","Six envelopes marked ""Parliament House Canberra Opened 1988 by Her Majesty the Queen""","Commemorative envelopes","Australia Post collection","Other Collections","Paper","1988","Date of issue","Parliament House, Canberra, Australian Capital Territory, Australia","Australian Capital Territory","Australia","-35.2809","149.13","https://collectionsearch.nma.gov.au/s/hw/EMU.EMUIRN/127542","2025-02-17","1966–1999","Stamps","Paper"
"133864","1988.0090.0001.021","Australian bicentennial commemorative medal depicting 'Australia II'","Commemorative medals","Coles-Myer collection","Other Collections","Metal - non specific","1988","Date of issue","Australia; Newport, Rhode Island, United States of America; Victoria, Australia","Victoria","Australia","-37.4714","144.785","https://collectionsearch.nma.gov.au/s/hw/EMU.EMUIRN/133864","2021-05-11","1966–1999","Medals","Metal"
"133861","1988.0090.0001.018","Australian bicentennial commemorative medal depicting 'New' Australians","Commemorative medals","Coles-Myer collection","Other Collections","Metal - non specific","1988","Date of issue","Australia; Victoria, Australia","Victoria","Australia","-37.4714","144.785","https://collectionsearch.nma.gov.au/s/hw/EMU.EMUIRN/133861","2021-05-11","1966–1999","Medals","Metal"
"133865","1988.0090.0001.022","Australian bicentennial commemorative medal depicting 'New' Parliament House","Commemorative medals","Coles-Myer collection","Other Collections","Metal - non specific","1988","Date of issue","Parliament House, Canberra, Australian Capital Territory, Australia; Victoria, Australia","Victoria","Australia","-37.4714","144.785","https://collectionsearch.nma.gov.au/s/hw/EMU.EMUIRN/133865","2021-05-11","1966–1999","Medals","Metal"
"133857","1988.0090.0001.014","Australian bicentennial commemorative medal depicting Anzacs","Commemorative medals","Coles-Myer collection","Other Collections","Metal - non specific","1988","Date of issue","Australia; New Zealand; Victoria, Australia","Victoria","Australia","-37.4714","144.785","https://collectionsearch.nma.gov.au/s/hw/EMU.EMUIRN/133857","2021-05-11","1966–1999","Medals","Metal"
"133853","1988.0090.0001.010","Australian bicentennial commemorative medal depicting Australian Rules Football","Commemorative medals","Coles-Myer collection","Other Collections","Metal - non specific","1988","Date of issue","Australia; Melbourne, Victoria, Australia; Victoria, Australia","Victoria","Australia","-37.4714","144.785","https://collectionsearch.nma.gov.au/s/hw/EMU.EMUIRN/133853","2021-05-11","1966–1999","Medals","Metal"
"133841","1988.0090.0001.003","Australian bicentennial commemorative medal depicting Captain James Cook","Commemorative medals","Coles-Myer collection","Other Collections","Metal - non specific","1988","Date of issue","Australia; Victoria, Australia","Victoria","Australia","-37.4714","144.785","https://collectionsearch.nma.gov.au/s/hw/EMU.EMUIRN/133841","2021-05-11","1966–1999","Medals","Metal"
"133855","1988.0090.0001.012","Australian bicentennial commemorative medal depicting Henry Lawson and Banjo Paterson","Commemorative medals","Coles-Myer collection","Other Collections","Metal - non specific","1988","Date of issue","Australia; Victoria, Australia","Victoria","Australia","-37.4714","144.785","https://collectionsearch.nma.gov.au/s/hw/EMU.EMUIRN/133855","2021-05-11","1966–1999","Medals","Metal"
"133843","1988.0090.0001.005","Australian bicentennial commemorative medal depicting John Macarthur","Commemorative medals","Coles-Myer collection","Other Collections","Metal - non specific","1988","Date of issue","Australia; Victoria, Australia","Victoria","Australia","-37.4714","144.785","https://collectionsearch.nma.gov.au/s/hw/EMU.EMUIRN/133843","2021-05-11","1966–1999","Medals","Metal"
"133849","1988.0090.0001.006","Australian bicentennial commemorative medal depicting Matthew Flinders","Commemorative medals","Coles-Myer collection","Other Collections","Metal - non specific","1988","Date of issue","Australia; Victoria, Australia","Victoria","Australia","-37.4714","144.785","https://collectionsearch.nma.gov.au/s/hw/EMU.EMUIRN/133849","2021-05-11","1966–1999","Medals","Metal"
"133854","1988.0090.0001.011","Australian bicentennial commemorative medal depicting Ned Kelly","Commemorative medals","Coles-Myer collection","Other Collections","Metal - non specific","1988","Date of issue","Australia; Victoria, Australia","Victoria","Australia","-37.4714","144.785","https://collectionsearch.nma.gov.au/s/hw/EMU.EMUIRN/133854","2021-05-11","1966–1999","Medals","Metal"
"133859","1988.0090.0001.016","Australian bicentennial commemorative medal depicting Phar Lap","Commemorative medals","Coles-Myer collection","Other Collections","Metal - non specific","1988","Date of issue","Australia; Victoria, Australia","Victoria","Australia","-37.4714","144.785","https://collectionsearch.nma.gov.au/s/hw/EMU.EMUIRN/133859","2021-05-11","1966–1999","Medals","Metal"
"133858","1988.0090.0001.015","Australian bicentennial commemorative medal depicting Sir Charles Kingsford Smith","Commemorative medals","Coles-Myer collection","Other Collections","Metal - non specific","1988","Date of issue","Australia; Victoria, Australia","Victoria","Australia","-37.4714","144.785","https://collectionsearch.nma.gov.au/s/hw/EMU.EMUIRN/133858","2021-05-11","1966–1999","Medals","Metal"
"133850","1988.0090.0001.007","Australian bicentennial commemorative medal depicting explorers Blaxland, Wentworth and Lawson","Commemorative medals","Coles-Myer collection","Other Collections","Metal - non specific","1988","Date of issue","Australia; Blue Mountains, New South Wales, Australia; Victoria, Australia","New South Wales","Australia","-37.4714","144.785","https://collectionsearch.nma.gov.au/s/hw/EMU.EMUIRN/133850","2021-05-11","1966–1999","Medals","Metal"
"133852","1988.0090.0001.009","Australian bicentennial commemorative medal depicting explorers Burke and Wills","Commemorative medals","Coles-Myer collection","Other Collections","Metal - non specific","1988","Date of issue","Australia; Victoria, Australia","Victoria","Australia","-37.4714","144.785","https://collectionsearch.nma.gov.au/s/hw/EMU.EMUIRN/133852","2021-05-11","1966–1999","Medals","Metal"
"133856","1988.0090.0001.013","Australian bicentennial commemorative medal depicting the Ashes (cricket)","Commemorative medals","Coles-Myer collection","Other Collections","Metal - non specific","1988","Date of issue","Australia; England; Victoria, Australia","Victoria","Australia","-37.4714","144.785","https://collectionsearch.nma.gov.au/s/hw/EMU.EMUIRN/133856","2021-05-11","1966–1999","Medals","Metal"
"133851","1988.0090.0001.008","Australian bicentennial commemorative medal depicting the Eureka Stockade","Commemorative medals","Coles-Myer collection","Other Collections","Metal - non specific","1988","Date of issue","Australia; Bakery Hill, Ballarat, Victoria, Australia; Eureka Hill, Ballarat, Victoria, Australia; Victoria, Australia","Victoria","Australia","-37.4714","144.785","https://collectionsearch.nma.gov.au/s/hw/EMU.EMUIRN/133851","2021-05-11","1966–1999","Medals","Metal"
"133860","1988.0090.0001.017","Australian bicentennial commemorative medal depicting the Sydney Harbour Bridge","Commemorative medals","Coles-Myer collection","Other Collections","Metal - non specific","1988","Date of issue","Sydney Harbour Bridge, Sydney Harbour, Sydney, New South Wales, Australia; Victoria, Australia","New South Wales","Australia","-37.4714","144.785","https://collectionsearch.nma.gov.au/s/hw/EMU.EMUIRN/133860","2021-05-11","1966–1999","Medals","Metal"
"133862","1988.0090.0001.019","Australian bicentennial commemorative medal depicting the first Holden car","Commemorative medals","Coles-Myer collection","Other Collections","Metal - non specific","1988","Date of issue","Australia; Victoria, Australia","Victoria","Australia","-37.4714","144.785","https://collectionsearch.nma.gov.au/s/hw/EMU.EMUIRN/133862","2021-07-01","1966–1999","Medals","Metal"
"133842","1988.0090.0001.004","Australian bicentennial commemorative medal depicting the landing of the First Fleet","Commemorative medals","Coles-Myer collection","Other Collections","Metal - non specific","1988","Date of issue","Australia; Victoria, Australia","Victoria","Australia","-37.4714","144.785","https://collectionsearch.nma.gov.au/s/hw/EMU.EMUIRN/133842","2021-05-11","1966–1999","Medals","Metal"
"133863","1988.0090.0001.020","Australian bicentennial commemorative medal depicting three athletes","Commemorative medals","Coles-Myer collection","Other Collections","Metal - non specific","1988","Date of issue","Australia; Victoria, Australia","Victoria","Australia","-37.4714","144.785","https://collectionsearch.nma.gov.au/s/hw/EMU.EMUIRN/133863","2021-05-11","1966–1999","Medals","Metal"
"133838","1988.0090.0001","Group of 20 commemorative medals for Australia's bicentennary","Commemorative medals","Coles-Myer collection","Other Collections","Metal - non specific; Plastic - non specific","1988","Date of issue","Australia; Victoria, Australia","Victoria","Australia","-37.4714","144.785","https://collectionsearch.nma.gov.au/s/hw/EMU.EMUIRN/133838","2026-09-08","1966–1999","Medals","Metal"
"62056","2002.0021.0007","Souvenir beaker to Celebrate the Birth of Her Royal Highness Princess Beatrice Elizabeth Mary on the 8th August 1988","Commemorative mugs","Cecil Ballard Jnr collection","Cecil Ballard Jnr collection","Bone china","1988","","","","","","","https://collectionsearch.nma.gov.au/s/hw/EMU.EMUIRN/62056","2026-08-10","1966–1999","Other","Ceramic"
"133501","1988.0078.0001","Specimen of rock from the foundations of Parliament House, which was sold as a souvenir at its opening in 1988","Commemorative objects","Canberra Rotary Club collection","Other Collections","Adhesive - non specific; Stone - non specific; Varnish; Wood","1988","Date made","Canberra, Australian Capital Territory, Australia; Parkes, Canberra, Australian Capital Territory, Australia","Australian Capital Territory","Australia","-35.3","149.13","https://collectionsearch.nma.gov.au/s/hw/EMU.EMUIRN/133501","2025-02-17","1966–1999","Other","Wood"
"230895","2013.0036.0037","Victorian Veterans Cycling Club Road championship medal 1988 60-64 years won by Jim Coyle","Medals; Trophies","Jim Coyle collection","Other Collections","Metal - non specific","1988","","","","","","","https://collectionsearch.nma.gov.au/s/hw/EMU.EMUIRN/230895","2025-02-17","1966–1999","Medals","Metal"
"125801","1987.0018.0016.002","'Subject No.10 - Achievers' bicentennial commemorative milk carton","Milk containers","ACT Milk Authority collection","ACT Milk Authority collection","Waxed paper","1988","Date made","Australia; Canberra, Australian Capital Territory, Australia","Australian Capital Territory","Australia","-35.3","149.13","https://collectionsearch.nma.gov.au/s/hw/EMU.EMUIRN/125801","2021-05-11","1966–1999","Other","Paper"
"125800","1987.0018.0016.001","'Subject No.10 - Achievers' bicentennial commemorative milk carton","Milk containers","ACT Milk Authority collection","ACT Milk Authority collection","Waxed paper","1988","Date made","Australia; Canberra, Australian Capital Territory, Australia","Australian Capital Territory","Australia","-35.3","149.13","https://collectionsearch.nma.gov.au/s/hw/EMU.EMUIRN/125800","2021-05-11","1966–1999","Other","Paper"
"125799","1987.0018.0016","'Subject No.10 - Achievers' bicentennial commemorative milk cartons","Milk containers","ACT Milk Authority collection","ACT Milk Authority collection","Waxed paper","1988","Date made","Australia; Canberra, Australian Capital Territory, Australia","Australian Capital Territory","Australia","-35.3","149.13","https://collectionsearch.nma.gov.au/s/hw/EMU.EMUIRN/125799","2026-09-08","1966–1999","Other","Paper"
"125804","1987.0018.0017.002","'Subject No.11 - 200 Years' bicentennial commemorative milk carton","Milk containers","ACT Milk Authority collection","ACT Milk Authority collection","Waxed paper","1988","Date made","Australia; Canberra, Australian Capital Territory, Australia","Australian Capital Territory","Australia","-35.3","149.13","https://collectionsearch.nma.gov.au/s/hw/EMU.EMUIRN/125804","2021-05-11","1966–1999","Other","Paper"
"125803","1987.0018.0017.001","'Subject No.11 - 200 Years' bicentennial commemorative milk carton","Milk containers","ACT Milk Authority collection","ACT Milk Authority collection","Waxed paper","1988","Date made","Australia; Canberra, Australian Capital Territory, Australia","Australian Capital Territory","Australia","-35.3","149.13","https://collectionsearch.nma.gov.au/s/hw/EMU.EMUIRN/125803","2021-05-11","1966–1999","Other","Paper"
"125802","1987.0018.0017","'Subject No.11 - 200 Years' bicentennial commemorative milk cartons","Milk containers","ACT Milk Authority collection","ACT Milk Authority collection","Waxed paper","1988","Date made","Australia; Canberra, Australian Capital Territory, Australia","Australian Capital Territory","Australia","-35.3","149.13","https://collectionsearch.nma.gov.au/s/hw/EMU.EMUIRN/125802","2026-09-08","1966–1999","Other","Paper"
"125807","1987.0018.0018.002","'Subject No.12 - Australia' bicentennial commemorative milk carton","Milk containers","ACT Milk Authority collection","ACT Milk Authority collection","Waxed paper","1988","Date made","Australia; Canberra, Australian Capital Territory, Australia","Australian Capital Territory","Australia","-35.3","149.13","https://collectionsearch.nma.gov.au/s/hw/EMU.EMUIRN/125807","2021-05-11","1966–1999","Other","Paper"
"125806","1987.0018.0018.001","'Subject No.12 - Australia' bicentennial commemorative milk carton","Milk containers","ACT Milk Authority collection","ACT Milk Authority collection","Waxed paper","1988","Date made","Australia; Canberra, Australian Capital Territory, Australia","Australian Capital Territory","Australia","-35.3","149.13","https://collectionsearch.nma.gov.au/s/hw/EMU.EMUIRN/125806","2021-05-11","1966–1999","Other","Paper"
"125805","1987.0018.0018","'Subject No.12 - Australia' bicentennial commemorative milk cartons","Milk containers","ACT Milk Authority collection","ACT Milk Authority collection","Waxed paper","1988","Date made","Australia; Canberra, Australian Capital Territory, Australia","Australian Capital Territory","Australia","-35.3","149.13","https://collectionsearch.nma.gov.au/s/hw/EMU.EMUIRN/125805","2026-09-08","1966–1999","Other","Paper"
"125797","1987.0018.0015.001","'Subject No.9 - Prime Ministers' bicentennial commemorative milk carton","Milk containers","ACT Milk Authority collection","ACT Milk Authority collection","Waxed paper","1988","Date made","Australia; Canberra, Australian Capital Territory, Australia","Australian Capital Territory","Australia","-35.3","149.13","https://collectionsearch.nma.gov.au/s/hw/EMU.EMUIRN/125797","2021-05-11","1966–1999","Other","Paper"
"125798","1987.0018.0015.002","'Subject No.9 - Prime Ministers' bicentennial commemorative milk carton","Milk containers","ACT Milk Authority collection","ACT Milk Authority collection","Waxed paper","1988","Date made","Australia; Canberra, Australian Capital Territory, Australia","Australian Capital Territory","Australia","-35.3","149.13","https://collectionsearch.nma.gov.au/s/hw/EMU.EMUIRN/125798","2021-05-11","1966–1999","Other","Paper"
"125789","1987.0018.0015","'Subject No.9 - Prime Ministers' bicentennial commemorative milk cartons","Milk containers","ACT Milk Authority collection","ACT Milk Authority collection","Waxed paper","1988","Date made","Australia; Canberra, Australian Capital Territory, Australia","Australian Capital Territory","Australia","-35.3","149.13","https://collectionsearch.nma.gov.au/s/hw/EMU.EMUIRN/125789","2026-09-08","1966–1999","Other","Paper"
"127541","1991.0028.0002","Commemorative postage stamp set - Parliament House Canberra Opened 1988 by Her Majesty The Queen ...","Postage stamps","Australia Post collection","Other Collections","Cardboard; Paper; Plastic - non specific","1988","Date of issue","Parliament House, Canberra, Australian Capital Territory, Australia","Australian Capital Territory","Australia","-35.2809","149.13","https://collectionsearch.nma.gov.au/s/hw/EMU.EMUIRN/127541","2026-09-08","1966–1999","Stamps","Paper"
"133839","1988.0090.0001.001","Plastic bag with sticker","Stickers","Coles-Myer collection","Other Collections","Ink; Paper; Plastic - non specific","1988","Date of issue","Australia; Victoria, Australia","Victoria","Australia","-37.4714","144.785","https://collectionsearch.nma.gov.au/s/hw/EMU.EMUIRN/133839","2021-05-11","1966–1999","Other","Paper"
"107424","2005.0029.0008","Where's The Money Coming From?!!","Cartoons","Alan Moir collection no. 4","Other Collections","Paper","1989","Date of publication","","","","","","https://collectionsearch.nma.gov.au/s/hw/EMU.EMUIRN/107424","2025-02-17","1966–1999","Other","Paper"
"67108","2002.0021.0112","Souvenir beaker to celebrate Princess Margaret's 60th birthday on 21 August 1990","Commemorative mugs","Cecil Ballard Jnr collection","Cecil Ballard Jnr collection","Bone china","1990","","","","","","","https://collectionsearch.nma.gov.au/s/hw/EMU.EMUIRN/67108","2026-08-10","1966–1999","Other","Ceramic"
"49647","1991.0045.0218","Newspaper clipping headed Loaves and tokens by Norm Barney from the Newcastle Herald Supplement, dated Tuesday May 22 1990","Newspaper clippings","ET Fealy collection","Other Collections","Ink; Paper","1990","","","","","","","https://collectionsearch.nma.gov.au/s/hw/EMU.EMUIRN/49647","2025-02-24","1966–1999","Other","Paper"
"116495","1998.0028.0008","Commemorative plaque for the introduction of RoadRailer carriages on the Adelaide to Alice Spring line in 1990","Plaques","Australian National Railways Commission collection","Other Collections","Brass; Paint - non specific","1990","Date made","Adelaide, South Australia, Australia; Alice Springs, Northern Territory, Australia; South Australia, Australia","South Australia","Australia","-30.0003","136.209","https://collectionsearch.nma.gov.au/s/hw/EMU.EMUIRN/116495","2025-02-17","1966–1999","Other","Metal"
"195370","IR 5286.0009","Woven basket of palm leaf with coloured material decoration","Baskets","Aboriginal and Torres Strait Islander Affairs Art (ATSIAA) collection no. 2","Other Collections","","1991","","Torres Strait, Australia","","Australia","-10.4167","142.167","https://collectionsearch.nma.gov.au/s/hw/EMU.EMUIRN/195370","2025-02-18","1966–1999","Other","Unspecified"
"71682","MU00057.002","Australian fifty cent coin","Coins","Australian Currency collection","Other Collections","Metal - non specific","1991","Date of issue","","","","","","https://collectionsearch.nma.gov.au/s/hw/EMU.EMUIRN/71682","2025-02-18","1966–1999","Coins","Metal"
"62067","2002.0021.0018","Souvenir mug - Diana Princess of Wales","Commemorative mugs","Cecil Ballard Jnr collection","Cecil Ballard Jnr collection","Bone china","1991","Date made","England, United Kingdom","","International","52.435","-1.6772","https://collectionsearch.nma.gov.au/s/hw/EMU.EMUIRN/62067","2026-08-10","1966–1999","Other","Ceramic"
"67107","2002.0021.0131","Souvenir plate - Queen Mother","Commemorative plates","Cecil Ballard Jnr collection","Cecil Ballard Jnr collection","Porcelain","1991","Date made","","","","","","https://collectionsearch.nma.gov.au/s/hw/EMU.EMUIRN/67107","2026-07-08","1966–1999","Other","Ceramic"
"52720","1993.0010.0036","Wall decoration","Artworks","1992 Torres Strait Islands Cultural Festival collection","Other Collections","Feather; Textile - non specific; Wood","1992","Date made","Murray (Mer) Island, Torres Strait, Queensland, Australia","Queensland","Australia","-9.9","144.05","https://collectionsearch.nma.gov.au/s/hw/EMU.EMUIRN/52720","2025-02-18","1966–1999","Other","Textile"
"62132","2002.0021.0079","Souvenir plate - Queen Elizabeth II","Commemorative plates","Cecil Ballard Jnr collection","Cecil Ballard Jnr collection","Bone china","1992","Date made","Banff, Banff National Park, Canada; Kingston, Ontario, Canada; Niagara Falls, Ontario, Canada; Ottawa, Ontario, Canada","","International","","","https://collectionsearch.nma.gov.au/s/hw/EMU.EMUIRN/62132","2026-07-02","1966–1999","Other","Ceramic"
"52780","1993.0010.0086","Seed pod rattle","Musical instruments","1992 Torres Strait Islands Cultural Festival collection","Other Collections","Plant material - non specific; Plastic - non specific; Seed pod","1992","Date made","Brisbane, Queensland, Australia; Thursday (Waiben) Island, Torres Strait, Queensland, Australia","Queensland","Australia","-10.57","142.22","https://collectionsearch.nma.gov.au/s/hw/EMU.EMUIRN/52780","2025-02-18","1966–1999","Other","Plastic / rubber"
"52781","1993.0010.0087","Seed pod rattle","Rattles","1992 Torres Strait Islands Cultural Festival collection","Other Collections","Adhesive tape; Plastic - non specific; Seed","1992","Date made","Brisbane, Queensland, Australia; Thursday (Waiben) Island, Torres Strait, Queensland, Australia","Queensland","Australia","-10.57","142.22","https://collectionsearch.nma.gov.au/s/hw/EMU.EMUIRN/52781","2025-02-18","1966–1999","Other","Plastic / rubber"
"52761","1993.0010.0067","Souvenir wall decoration","Wall hangings","1992 Torres Strait Islands Cultural Festival collection","Other Collections","Bone; Metal - non specific; Paint - non specific; Textile - non specific; Tooth; Wood","1992","Date made","Murray (Mer) Island, Torres Strait, Queensland, Australia; Thursday (Waiben) Island, Torres Strait, Queensland, Australia; Townsville, Queensland, Australia","Queensland","Australia","-19.25","146.82","https://collectionsearch.nma.gov.au/s/hw/EMU.EMUIRN/52761","2025-02-18","1966–1999","Other","Metal"
"52722","1993.0010.0038","Wall decoration","Wall hangings","1992 Torres Strait Islands Cultural Festival collection","Other Collections","Cotton - non specific; Wood","1992","Date made","Murray (Mer) Island, Torres Strait, Queensland, Australia","Queensland","Australia","-9.9","144.05","https://collectionsearch.nma.gov.au/s/hw/EMU.EMUIRN/52722","2025-02-18","1966–1999","Other","Textile"
"52723","1993.0010.0039","Wall decoration","Wall hangings","1992 Torres Strait Islands Cultural Festival collection","Other Collections","Cotton - non specific; Wood","1992","Date made","Murray (Mer) Island, Torres Strait, Queensland, Australia","Queensland","Australia","-9.9","144.05","https://collectionsearch.nma.gov.au/s/hw/EMU.EMUIRN/52723","2025-02-18","1966–1999","Other","Textile"
"52721","1993.0010.0037","Wall decoration","Wall hangings","1992 Torres Strait Islands Cultural Festival collection","Other Collections","Feather; Textile - non specific; Wood","1992","Date made","Murray (Mer) Island, Torres Strait, Queensland, Australia","Queensland","Australia","-9.9","144.05","https://collectionsearch.nma.gov.au/s/hw/EMU.EMUIRN/52721","2025-02-18","1966–1999","Other","Textile"
"52760","1993.0010.0066","Souvenir wall decoration","Wood carvings","1992 Torres Strait Islands Cultural Festival collection","Other Collections","Bone; Paint - non specific; Tooth; Wood","1992","Date made","Townsville, Queensland, Australia","Queensland","Australia","-19.25","146.82","https://collectionsearch.nma.gov.au/s/hw/EMU.EMUIRN/52760","2025-02-23","1966–1999","Other","Wood"
"165113","AR00109.022","Catalogue from Paddy Pallin for 1993. it is A4 in size and contains a commemorative photograph of Paddy Pallin.","Catalogues","Paddy Pallin collection","Other Collections","","1993","","","","","","","https://collectionsearch.nma.gov.au/s/hw/EMU.EMUIRN/165113","2025-02-27","1966–1999","Other","Unspecified"
"56234","1995.0012.0003","Darlington P.S. Celebrates International Year of Indigenous Peoples, 1993","Commemorative badges","Darlington Public School collection","Other Collections","Metal - non specific; Plastic - non specific","1993","Date made","Darlington, Sydney, New South Wales, Australia","New South Wales","Australia","-33.9","151.2","https://collectionsearch.nma.gov.au/s/hw/EMU.EMUIRN/56234","2025-02-17","1966–1999","Medals","Metal"
"62157","2002.0021.0104","Souvenir beaker to Commemorate the Queen's Visit to Russia in October 1994","Commemorative mugs","Cecil Ballard Jnr collection","Cecil Ballard Jnr collection","Bone china","1994","","Russia","","International","","","https://collectionsearch.nma.gov.au/s/hw/EMU.EMUIRN/62157","2026-08-10","1966–1999","Other","Ceramic"
"3401","2005.0092.0049.001","Nova Peris' 1994 Hockey World Cup gold medal","Sports medals","Nova Peris collection","Other Collections","Glass; Metal - non specific","1994","","Sydney, New South Wales, Australia","New South Wales","Australia","-33.8688","151.2093","https://collectionsearch.nma.gov.au/s/hw/EMU.EMUIRN/3401","2025-02-24","1966–1999","Medals","Metal"
"210539","2005.0092.0049","Nova Peris' 1994 Hockey World Cup gold medal in a case","Sports medals","Nova Peris collection","Other Collections","Glass; Metal - non specific; Textile - non specific","1994","","","","","","","https://collectionsearch.nma.gov.au/s/hw/EMU.EMUIRN/210539","2026-09-08","1966–1999","Medals","Metal"
"60779","2001.0017.0028","Money money money","Cartoons","Judy Horacek collection no. 2","Other Collections","Paper","1995","Date of publication","","","","","","https://collectionsearch.nma.gov.au/s/hw/EMU.EMUIRN/60779","2025-02-17","1966–1999","Other","Paper"
"122805","2007.0087.0003","Souvenir card - 1995 Australian Team, World Championships Birmingham, England","Commemorative cards","History of Netball - Carissa Tombs collection","Other Collections","Card","1995","","Birmingham, West Midlands, England","","International","","","https://collectionsearch.nma.gov.au/s/hw/EMU.EMUIRN/122805","2025-02-17","1966–1999","Other","Paper"
"271549","2021.0009.0018","1995 National Festival of Australian Theatre mug","Commemorative mugs","Robyn Archer collection","Other Collections","Glazed ceramic","1995","","Canberra, Australian Capital Territory, Australia; China","Australian Capital Territory","Australia","35.8617","104.195","https://collectionsearch.nma.gov.au/s/hw/EMU.EMUIRN/271549","2025-02-25","1966–1999","Other","Ceramic"
"3402","2005.0092.0050","Nova Peris' 1995 Hockey Champions Trophy medal","Sports medals","Nova Peris collection","Other Collections","Metal - non specific; Textile - non specific","1995","","Argentina","","International","","","https://collectionsearch.nma.gov.au/s/hw/EMU.EMUIRN/3402","2025-02-23","1966–1999","Medals","Metal"
"210531","2005.0092.0044","Nova Peris's Atlanta Olympic Games gold medal and case for Hockey, 1996","Sports medals","Nova Peris collection","Other Collections","Gold; Metal - non specific; Textile - non specific; Wood","1996","","Atlanta, Georgia, United States of America","","International","","","https://collectionsearch.nma.gov.au/s/hw/EMU.EMUIRN/210531","2026-09-08","1966–1999","Medals","Metal"
"3899","2005.0092.0044.001","Nova Peris's Atlanta Olympic Games gold medal for Hockey, 1996","Sports medals","Nova Peris collection","Other Collections","Gold; Metal - non specific; Textile - non specific","1996","","Atlanta, Georgia, United States of America","","International","","","https://collectionsearch.nma.gov.au/s/hw/EMU.EMUIRN/3899","2025-12-23","1966–1999","Medals","Metal"
"114155","1998.0016.0001","Uncirculated 1997 one dollar coin","One dollar coins","Royal Australian Mint collection no. 2","Other Collections","Metal - non specific; Paper","1997","Date of issue","Canberra, Australian Capital Territory, Australia","Australian Capital Territory","Australia","-35.3","149.13","https://collectionsearch.nma.gov.au/s/hw/EMU.EMUIRN/114155","2025-02-17","1966–1999","Coins","Metal"
"2572","2006.0081.0004","Souvenir brass disc from Gallipoli","Commemorative objects","Brad West collection","Other Collections","Metal - non specific","1998","Date made","Australia; Gallipoli, Turkey; New Zealand; Turkey; Çanakkale, Turkey","","Australia","38.9636","35.2431","https://collectionsearch.nma.gov.au/s/hw/EMU.EMUIRN/2572","2025-02-17","1966–1999","Other","Metal"
"69619","2007.0105.0003","Constitutional Convention 1998 Neville Thomas Bonner","Medals","Neville Bonner collection","Other Collections","Metal - non specific; Plastic - non specific; Velvet","1998","","","","","","","https://collectionsearch.nma.gov.au/s/hw/EMU.EMUIRN/69619","2026-09-08","1966–1999","Medals","Metal"
"79713","2004.0012.0032","Indonesian 10,000 Rupiah","Paper money","Bali Bombings 2002 Memorial - Parliament of Victoria collection","Other Collections","Metal - non specific; Paper","1998","Date of production; Date of publication","Indonesia; Kuta, Bali, Indonesia","","International","-0.7892","113.921","https://collectionsearch.nma.gov.au/s/hw/EMU.EMUIRN/79713","2025-02-24","1966–1999","Banknotes","Metal"
"210538","2005.0092.0048","Nova Peris' 200m gold medal from the 1998 Kuala Lumpur Commonwealth Games in a case","Sports medals","Nova Peris collection","Other Collections","Metal - non specific; Textile - non specific; Wood","1998","","","","","","","https://collectionsearch.nma.gov.au/s/hw/EMU.EMUIRN/210538","2026-09-08","1966–1999","Medals","Metal"
"3403","2005.0092.0047.001","Nova Peris' 4 x 100m relay gold medal from the 1998 Kuala Lumpur Commonwealth Games","Sports medals","Nova Peris collection","Other Collections","Metal - non specific; Textile - non specific","1998","","Kuala Lumpur, Malaysia","","International","","","https://collectionsearch.nma.gov.au/s/hw/EMU.EMUIRN/3403","2019-04-17","1966–1999","Medals","Metal"
"210536","2005.0092.0047","Nova Peris' 4 x 100m relay gold medal from the 1998 Kuala Lumpur Commonwealth Games in a case","Sports medals","Nova Peris collection","Other Collections","Metal - non specific; Textile - non specific; Wood","1998","","Kuala Lumpur, Malaysia","","International","","","https://collectionsearch.nma.gov.au/s/hw/EMU.EMUIRN/210536","2026-09-08","1966–1999","Medals","Metal"
"3404","2005.0092.0048.001","Nova Peris's 200m gold medal from the 1998 Kuala Lumpur Commonwealth Games","Sports medals","Nova Peris collection","Other Collections","Metal - non specific; Textile - non specific","1998","","Kuala Lumpur, Malaysia","","International","","","https://collectionsearch.nma.gov.au/s/hw/EMU.EMUIRN/3404","2019-04-17","1966–1999","Medals","Metal"
"2845","2005.0092.0041.001","Commemorative coin designed by Nova Peris for the Sydney 2000 Olympic Games","Commemorative coins","Nova Peris collection","Other Collections","Metal - non specific; Plastic - non specific","2000","","Sydney, New South Wales, Australia","New South Wales","Australia","-33.8688","151.2093","https://collectionsearch.nma.gov.au/s/hw/EMU.EMUIRN/2845","2024-11-29","2000–2009","Coins","Metal"
"2846","2005.0092.0042.001","Commemorative coin designed by Nova Peris for the Sydney 2000 Olympic Games","Commemorative coins","Nova Peris collection","Other Collections","Metal - non specific; Plastic - non specific","2000","","Sydney, New South Wales, Australia","New South Wales","Australia","-33.8688","151.2093","https://collectionsearch.nma.gov.au/s/hw/EMU.EMUIRN/2846","2024-11-29","2000–2009","Coins","Metal"
"210533","2005.0092.0042","Commemorative coin designed by Nova Peris for the Sydney 2000 Olympic Games","Commemorative coins","Nova Peris collection","Other Collections","Metal - non specific; Plastic - non specific","2000","","Sydney, New South Wales, Australia","New South Wales","Australia","-33.8688","151.2093","https://collectionsearch.nma.gov.au/s/hw/EMU.EMUIRN/210533","2026-09-08","2000–2009","Coins","Metal"
"210532","2005.0092.0041","Commemorative coin designed by Nova Peris for the Sydney 2000 Olympic Games in a case","Commemorative coins","Nova Peris collection","Other Collections","Metal - non specific; Plastic - non specific","2000","","Sydney, New South Wales, Australia","New South Wales","Australia","-33.8688","151.2093","https://collectionsearch.nma.gov.au/s/hw/EMU.EMUIRN/210532","2026-09-08","2000–2009","Coins","Metal"
"210200","2005.0092.0042.003","Case cover for Commemorative coin designed by Nova Peris for the Sydney 2000 Olympic Games","Covers","Nova Peris collection","Other Collections","Card","2000","","Sydney, New South Wales, Australia","New South Wales","Australia","-33.8688","151.2093","https://collectionsearch.nma.gov.au/s/hw/EMU.EMUIRN/210200","2019-04-16","2000–2009","Other","Paper"
"210198","2005.0092.0041.003","Slip cover for case for Commemorative coin designed by Nova Peris for the Sydney 2000 Olympic Games","Covers","Nova Peris collection","Other Collections","Card","2000","","Sydney, New South Wales, Australia","New South Wales","Australia","-33.8688","151.2093","https://collectionsearch.nma.gov.au/s/hw/EMU.EMUIRN/210198","2022-10-10","2000–2009","Other","Paper"
"210199","2005.0092.0042.002","Case for Commemorative coin designed by Nova Peris for the Sydney 2000 Olympic Games","Presentation cases","Nova Peris collection","Other Collections","Leatherette; Paper; Plastic - non specific; Textile - non specific","2000","","Sydney, New South Wales, Australia","New South Wales","Australia","-33.8688","151.2093","https://collectionsearch.nma.gov.au/s/hw/EMU.EMUIRN/210199","2019-04-16","2000–2009","Other","Paper"
"210197","2005.0092.0041.002","Case for Commemorative coin designed by Nova Peris for the Sydney 2000 Olympic Games","Presentation cases","Nova Peris collection","Other Collections","Leatherette; Paper; Plastic - non specific; Textile - non specific","2000","","Sydney, New South Wales, Australia","New South Wales","Australia","-33.8688","151.2093","https://collectionsearch.nma.gov.au/s/hw/EMU.EMUIRN/210197","2022-10-10","2000–2009","Other","Paper"
"76800","AR00085.003","Commemorative event program from the Miss Australia awards finals 2000 Gala Ball","Programs","Joan Stanbury collection","Other Collections","Metal - non specific; Paper","2000","","","","","","","https://collectionsearch.nma.gov.au/s/hw/EMU.EMUIRN/76800","2025-02-27","2000–2009","Other","Metal"
"110409","2007.0084.0045","Johnny Warren's Australian sporting achievement medal set, 2000, in presentation box","Sports medals","John 'Johnny' Warren collection","Other Collections","Leatherette; Nickel; Plastic - non specific; Satin; Silver; Textile - non specific; Velvet","2000","","","","","","","https://collectionsearch.nma.gov.au/s/hw/EMU.EMUIRN/110409","2025-04-11","2000–2009","Medals","Metal"
"210642","2007.0084.0045.001","Johnny Warren's Australian sporting achievement medal, 2000","Sports medals","John 'Johnny' Warren collection","Other Collections","Nickel; Silver; Textile - non specific","2000","","","","","","","https://collectionsearch.nma.gov.au/s/hw/EMU.EMUIRN/210642","2022-04-08","2000–2009","Medals","Metal"
"210643","2007.0084.0045.002","Johnny Warren's Australian sporting achievement miniature medal, 2000","Sports medals","John 'Johnny' Warren collection","Other Collections","Nickel; Silver; Textile - non specific","2000","","","","","","","https://collectionsearch.nma.gov.au/s/hw/EMU.EMUIRN/210643","2020-09-18","2000–2009","Medals","Metal"
"66448","2001.0036.0003","Cartoon titled 'Money Money Money'","Cartoons","Political Humour Competition 2001 collection","Other Collections","Paper","2001","Date of publication","Old Parliament House, Parkes, Canberra, Australian Capital Territory, Australia; Surry Hills, Sydney, New South Wales, Australia","New South Wales","Australia","-33.88","151.22","https://collectionsearch.nma.gov.au/s/hw/EMU.EMUIRN/66448","2025-02-17","2000–2009","Other","Paper"
"274321","AR00369.001","Commemorative magazine for 9/11, 'The Spirit of New York', 2001","Magazines","Craig Neil Gibson & Dannielle Meredith collection","Other Collections","Ink; Metal - non specific; Paper","2001","Date of publication","New York, New York, United States of America","","International","","","https://collectionsearch.nma.gov.au/s/hw/EMU.EMUIRN/274321","2024-06-12","2000–2009","Other","Metal"
"210665","2007.0084.0047.001","Johnny Warren's Centenary Medal 2001","Medals","John 'Johnny' Warren collection","Other Collections","Metal - non specific; Textile - non specific","2001","","","","","","","https://collectionsearch.nma.gov.au/s/hw/EMU.EMUIRN/210665","2022-04-08","2000–2009","Medals","Metal"
"110413","2007.0084.0047","Johnny Warren's Centenary Medal set 2001 and presentation box","Medals","John 'Johnny' Warren collection","Other Collections","Leatherette; Metal - non specific; Satin; Synthetic cloth; Velvet","2001","","","","","","","https://collectionsearch.nma.gov.au/s/hw/EMU.EMUIRN/110413","2026-09-08","2000–2009","Medals","Metal"
"210666","2007.0084.0047.002","Johnny Warren's miniature Centenary Medal 2001","Medals","John 'Johnny' Warren collection","Other Collections","Metal - non specific; Textile - non specific","2001","","","","","","","https://collectionsearch.nma.gov.au/s/hw/EMU.EMUIRN/210666","2022-04-08","2000–2009","Medals","Metal"
"3400","2005.0092.0051","Nova Peris' 400m gold medal from the 2001 Australian National Championships (Athletics)","Sports medals","Nova Peris collection","Other Collections","Metal - non specific; Textile - non specific","2001","","","","","","","https://collectionsearch.nma.gov.au/s/hw/EMU.EMUIRN/3400","2025-02-23","2000–2009","Medals","Metal"
"111207","2007.0084.0213","2002 World Cup Japan","Commemorative badges","John 'Johnny' Warren collection","Other Collections","Metal - non specific","2002","","","","","","","https://collectionsearch.nma.gov.au/s/hw/EMU.EMUIRN/111207","2025-02-17","2000–2009","Medals","Metal"
"79654","2004.0012.0004","In Memory of the Victims of Bali in Loving Reflection","Commemorative banners","Bali Bombings 2002 Memorial - Parliament of Victoria collection","Other Collections","Textile - non specific","2002","Date of production","Flemington, Melbourne, Victoria, Australia; Kuta, Bali, Indonesia","Victoria","Australia","-37.78","144.93","https://collectionsearch.nma.gov.au/s/hw/EMU.EMUIRN/79654","2025-07-23","2000–2009","Other","Textile"
"126134","2004.0012.0021","Condolence book in box In Memory","Commemorative books","Bali Bombings 2002 Memorial - Parliament of Victoria collection","Other Collections","Metal - non specific; Paper; Vinyl","2002","Date made","Kuta, Bali, Indonesia","","International","","","https://collectionsearch.nma.gov.au/s/hw/EMU.EMUIRN/126134","2026-09-08","2000–2009","Other","Metal"
"79652","2004.0012.0001","Memorial football for victims of the Bali Bombings 2002","Commemorative objects","Bali Bombings 2002 Memorial - Parliament of Victoria collection","Other Collections","Ink; Leather; Rubber","2002","Date made","Australia; Kuta, Bali, Indonesia","","Australia","-25.0","133.0","https://collectionsearch.nma.gov.au/s/hw/EMU.EMUIRN/79652","2025-02-17","2000–2009","Other","Paper"
"72460","AR00226.002","The Kelly Siege, Commemorative Dinner, Glenrowan 2003","Commemorative books","Bushranger memorabilia collection","Other Collections","Paper","2003","","","","","","","https://collectionsearch.nma.gov.au/s/hw/EMU.EMUIRN/72460","2025-02-27","2000–2009","Other","Paper"
"70528","2003.0014.0001","Commemorative Coogee Dolphins rugby league jersey 2003","Commemorative objects","Coogee Beach Dolphins collection","Other Collections","Synthetic cloth","2003","Date of production","Coogee, Sydney, New South Wales, Australia; Kuta, Bali, Indonesia; Sydney, New South Wales, Australia","New South Wales","Australia","-33.85","151.2","https://collectionsearch.nma.gov.au/s/hw/EMU.EMUIRN/70528","2025-02-17","2000–2009","Other","Textile"
"112853","AR00228.120","ACT Sport Hall of Fame 2004 commemorative book","Commemorative books","John 'Johnny' Warren collection","Other Collections","Ink; Paper","2004","","","","","","","https://collectionsearch.nma.gov.au/s/hw/EMU.EMUIRN/112853","2021-05-11","2000–2009","Other","Paper"
"78958","2005.0044.0001","Framed artwork commemorating the inauguration of the Adelaide to Darwin Australasia Railway in January 2004","Commemorative objects","Adelaide to Darwin Rail Link collection","Other Collections","Metal - non specific; Paper; Perspex; Wood","2004","Date made","Adelaide, South Australia, Australia; Alice Springs, Northern Territory, Australia; Canberra, Australian Capital Territory, Australia; Darwin, Northern Territory, Australia","South Australia","Australia","-35.3","149.13","https://collectionsearch.nma.gov.au/s/hw/EMU.EMUIRN/78958","2025-02-17","2000–2009","Other","Metal"
"110545","2007.0088.0072","Cylindrical terracotta vase with sgraffito decoration by Tjimpuna Williams, 2005","Ceramic forms","Ernabella Arts Inc. collection no. 7","Other Collections","Ceramic","2005","Date made","Ernabella, South Australia, Australia","South Australia","Australia","-26.2642","132.176","https://collectionsearch.nma.gov.au/s/hw/EMU.EMUIRN/110545","2025-02-23","2000–2009","Other","Ceramic"
"233880","2014.0060.0001","Bergen-Belsen, Gedenkbuch - Book of Remembrance, Volume 1, April 2005","Commemorative books","Regina Sprada collection","Other Collections","Card; Ink; Paper","2005","Date of publication","Saxony, Germany","","International","","","https://collectionsearch.nma.gov.au/s/hw/EMU.EMUIRN/233880","2025-02-24","2000–2009","Other","Paper"
"111021","2007.0088.0070","Terracotta bowl with glazed sgaffito decoration by Tjunkaya Tapaya, 2005","Containers","Ernabella Arts Inc. collection no. 7","Other Collections","Ceramic","2005","Date made","Ernabella, South Australia, Australia","South Australia","Australia","-26.2642","132.176","https://collectionsearch.nma.gov.au/s/hw/EMU.EMUIRN/111021","2025-02-23","2000–2009","Other","Ceramic"
"110547","2007.0088.0069","Terracotta bowl with sgaffito decoration by Tjunkaya Tapaya, 2005","Containers","Ernabella Arts Inc. collection no. 7","Other Collections","Ceramic","2005","Date made","Ernabella, South Australia, Australia","South Australia","Australia","-26.2642","132.176","https://collectionsearch.nma.gov.au/s/hw/EMU.EMUIRN/110547","2025-02-23","2000–2009","Other","Ceramic"
"159975","2008.0041.0017","'Nyilnigil' by Nyangkarni Penny K-Lyons, 2007","Paintings","Canning Stock Route collection no. 1","Other Collections","Acrylic paint; Canvas","2007","","Canning Stock Route, Australia; Fitzroy Crossing, Western Australia, Australia","Western Australia","Australia","-18.1906","125.567","https://collectionsearch.nma.gov.au/s/hw/EMU.EMUIRN/159975","2026-08-18","2000–2009","Other","Textile"
"195870","MU00016.011","Reproduction cartoon titled 'The cork please Penny...'","Political cartoons","Behind the Lines 2009 collection","Other Collections","Ink; Paper","2008","","","","","","","https://collectionsearch.nma.gov.au/s/hw/EMU.EMUIRN/195870","2025-02-18","2000–2009","Other","Paper"
"239212","2015.0022.0019","Richmond Football Club 'Team of the Century' medal awarded to Royce Hart","Sports medals","Royce Hart collection","Other Collections","Metal - non specific; Textile - non specific","2008","Date of issue","","","","","","https://collectionsearch.nma.gov.au/s/hw/EMU.EMUIRN/239212","2025-02-23","2000–2009","Medals","Metal"
"217913","2011.0033.0006","Five small coins fused together from Kilmore East bushfire, Victoria, 7 February 2009","Cent coins","Victorian Black Saturday Bushfires 2009 collection","Other Collections","Metal - non specific","2009","","Victoria, Australia","Victoria","Australia","-37.4714","144.785","https://collectionsearch.nma.gov.au/s/hw/EMU.EMUIRN/217913","2025-02-23","2000–2009","Coins","Metal"
"217909","2011.0033.0005","Fragment of coin from Kilmore East bushfire, Victoria, 7 February 2009","Cent coins","Victorian Black Saturday Bushfires 2009 collection","Other Collections","Metal - non specific","2009","","Victoria, Australia","Victoria","Australia","-37.4714","144.785","https://collectionsearch.nma.gov.au/s/hw/EMU.EMUIRN/217909","2025-02-23","2000–2009","Coins","Metal"
"217912","2011.0033.0004","Group of four fused coins from Kilmore East bushfire, Victoria, 7 February 2009","Cent coins","Victorian Black Saturday Bushfires 2009 collection","Other Collections","Metal - non specific","2009","","Victoria, Australia","Victoria","Australia","-37.4714","144.785","https://collectionsearch.nma.gov.au/s/hw/EMU.EMUIRN/217912","2025-02-23","2000–2009","Coins","Metal"
"217915","2011.0033.0008","Two coins fused together from Kilmore East bushfire, Victoria, 7 February 2009","Cent coins","Victorian Black Saturday Bushfires 2009 collection","Other Collections","Metal - non specific","2009","","Victoria, Australia","Victoria","Australia","-37.4714","144.785","https://collectionsearch.nma.gov.au/s/hw/EMU.EMUIRN/217915","2025-02-23","2000–2009","Coins","Metal"
"217911","2011.0033.0003","Two fused 20 cent coins from Kilmore East bushfire, Victoria, 7 February 2009","Cent coins","Victorian Black Saturday Bushfires 2009 collection","Other Collections","Metal - non specific","2009","","Victoria, Australia","Victoria","Australia","-37.4714","144.785","https://collectionsearch.nma.gov.au/s/hw/EMU.EMUIRN/217911","2025-02-23","2000–2009","Coins","Metal"
"211571","2011.0033.0002","Two fused 50 cent coins from Kilmore East bushfire, Victoria, 7 February 2009","Cent coins","Victorian Black Saturday Bushfires 2009 collection","Other Collections","Metal - non specific","2009","","Victoria, Australia","Victoria","Australia","-37.4714","144.785","https://collectionsearch.nma.gov.au/s/hw/EMU.EMUIRN/211571","2025-02-23","2000–2009","Coins","Metal"
"217914","2011.0033.0007","Two large coins fused together from Kilmore East bushfire, Victoria, 7 February 2009","Cent coins","Victorian Black Saturday Bushfires 2009 collection","Other Collections","Metal - non specific","2009","","Victoria, Australia","Victoria","Australia","-37.4714","144.785","https://collectionsearch.nma.gov.au/s/hw/EMU.EMUIRN/217914","2025-02-23","2000–2009","Coins","Metal"
"231808","2014.0003.0005","World Paracycling Championship gold medal won by paracyclist Sue Powell in Italy in 2009","Sports medals","Susan Powell collection","Other Collections","Ink; Metal - non specific; Textile - non specific","2009","","","","","","","https://collectionsearch.nma.gov.au/s/hw/EMU.EMUIRN/231808","2025-06-30","2000–2009","Medals","Metal"
"250804","2019.0023.0013","Gold coloured Australian Geographic award medal in green box presented to Lincoln Hall in 2010","Medals; Presentation boxes","Lincoln Hall collection","Other Collections","Adhesive - non specific; Metal - non specific; Paint - non specific; Textile - non specific; Velvet; Wood","2010","","","","","","","https://collectionsearch.nma.gov.au/s/hw/EMU.EMUIRN/250804","2026-09-08","2010–2019","Medals","Metal"
"274679","2021.0007.0001","White Fila tennis outfit with laser cut scalloped hem and floral decoration, designed for and worn by Ash Barty during Wimbledon 2021 tournament","Tennis clothing","Ash Barty collection","Other Collections","Ink; Polyester - non specific; Spandex","2021","","","","","","","https://collectionsearch.nma.gov.au/s/hw/EMU.EMUIRN/274679","2026-09-08","2020–Present","Other","Paper"
"128573","1986.0117.3688","Tye & Co Propy Ltd, Money-Saving House Furnishers, Melbourne","Advertising postcards","Josef Lebovic Gallery collection no. 1","Other Collections","Ink; Paper","","","Melbourne, Victoria, Australia","Victoria","Australia","-37.8136","144.9631","https://collectionsearch.nma.gov.au/s/hw/EMU.EMUIRN/128573","2025-02-24","Unknown","Other","Paper"
"56378","1995.0027.0004","On To Victory Buy 5 - National Savings Stamps","Advertising posters","People's Paraphernalia collection no. 11","Other Collections","Ink; Paper","","","Australia","","Australia","","","https://collectionsearch.nma.gov.au/s/hw/EMU.EMUIRN/56378","2025-02-24","Unknown","Other","Paper"
"118267","2005.0005.1165.001","Album with olive green cover, and silver, green and red decoration and lettering","Albums","Springfield - Faithfull Family collection","Springfield - Faithfull Family collection","","","","","","","","","https://collectionsearch.nma.gov.au/s/hw/EMU.EMUIRN/118267","2025-02-24","Unknown","Other","Unspecified"
"74661","2005.0005.1151","Apron made of black velvet with machine embroidered decoration","Aprons","Springfield - Faithfull Family collection","Springfield - Faithfull Family collection","Silk; Velvet","","","","","","","","https://collectionsearch.nma.gov.au/s/hw/EMU.EMUIRN/74661","2026-05-25","Unknown","Other","Textile"
"74660","2005.0005.1152","Apron made of black velvet with machine embroidered decoration","Aprons","Springfield - Faithfull Family collection","Springfield - Faithfull Family collection","Silk; Velvet","","","","","","","","https://collectionsearch.nma.gov.au/s/hw/EMU.EMUIRN/74660","2026-05-25","Unknown","Other","Textile"
"56073","1995.0001.0210","Handmade calico money apron with ""UAW"" embroidered in purple within the outline of Australia","Aprons","Union of Australian Women collection","Other Collections","Textile - non specific","","","Sydney, New South Wales, Australia","New South Wales","Australia","-33.8688","151.2093","https://collectionsearch.nma.gov.au/s/hw/EMU.EMUIRN/56073","2025-02-23","Unknown","Other","Textile"
"124527","2006.0114.0011","Canoe house decoration or Bonota","Architectural elements","Geoff Dennis collection","Other Collections","Charcoal; Dye; Shell; Wood","","","Solomon Islands, Oceania","","International","","","https://collectionsearch.nma.gov.au/s/hw/EMU.EMUIRN/124527","2025-02-24","Unknown","Other","Wood"
"125308","2006.0114.0009","Canoe house decoration or Bonota","Architectural elements","Geoff Dennis collection","Other Collections","Charcoal; Dye; Shell; Wood","","","Solomon Islands, Oceania","","International","","","https://collectionsearch.nma.gov.au/s/hw/EMU.EMUIRN/125308","2025-02-24","Unknown","Other","Wood"
"125307","2006.0114.0010","Canoe house decoration or Bonota","Architectural elements","Geoff Dennis collection","Other Collections","Charcoal; Dye; Shell; Wood","","","Owarika AKA Santa Catalina Island, Solomon Islands; Solomon Islands, Oceania","","International","-10.89","162.446","https://collectionsearch.nma.gov.au/s/hw/EMU.EMUIRN/125307","2025-02-24","Unknown","Other","Wood"
"112972","1997.0002.0017.009","Collection of items found in artist Margaret Coen's basket of materials including coins, bulldog clips, and a plastic wine clamp","Artists equipment","Margaret Coen collection","Other Collections","Metal - non specific; Plastic - non specific","","","Sydney, New South Wales, Australia","New South Wales","Australia","-33.8688","151.2093","https://collectionsearch.nma.gov.au/s/hw/EMU.EMUIRN/112972","2024-04-24","Unknown","Other","Metal"
"114028","1998.0010.0005","Neck Decoration for the Order of the Companion of Honour to Sir Robert Menzies","Awards","RG Menzies collection","Other Collections","Metal - non specific; Textile - non specific","","","England; London, England","","International","51.5072","-0.1278","https://collectionsearch.nma.gov.au/s/hw/EMU.EMUIRN/114028","2025-02-23","Unknown","Medals","Metal"
"58482","1998.0010.0005.001","Neck Decoration for the Order of the Companion of Honour to Sir Robert Menzies","Awards","RG Menzies collection","Other Collections","Metal - non specific; Textile - non specific","","","England; London, England","","International","51.5072","-0.1278","https://collectionsearch.nma.gov.au/s/hw/EMU.EMUIRN/58482","2021-05-11","Unknown","Medals","Metal"
"112795","2007.0094.0004.001","Neck decoration (badge) worn by a Knight Commander of the Most Distinguished Order of Saint Michael and Saint George","Awards","Sir Littleton Groom collection","Other Collections","Enamel; Metal - non specific; Textile - non specific","","","","","","","","https://collectionsearch.nma.gov.au/s/hw/EMU.EMUIRN/112795","2025-09-24","Unknown","Medals","Metal"
"127582","2007.0031.0001","Baby shoes with shellwork decoration, La Perouse, Sydney","Baby shoes","Jonathan Dickson collection","Other Collections","Shell; Textile - non specific","","","La Perouse, Sydney, New South Wales, Australia","New South Wales","Australia","-33.8688","151.2093","https://collectionsearch.nma.gov.au/s/hw/EMU.EMUIRN/127582","2026-09-08","Unknown","Other","Textile"
"231942","2014.0008.0004","Money bag used at the Lincoln Park Dairy, Essendon, Victoria","Bags","Conway Tighe collection","Other Collections","Leather; Metal - non specific; Textile - non specific","","","Essendon, Melbourne, Victoria, Australia","Victoria","Australia","-37.8136","144.9631","https://collectionsearch.nma.gov.au/s/hw/EMU.EMUIRN/231942","2025-02-23","Unknown","Other","Metal"
"75772","2005.0005.0079","Gold coloured cylindrical metal [postage?] scale or balance set on a single pillar","Balances","Springfield - Faithfull Family collection","Springfield - Faithfull Family collection","Brass","","","","","","","","https://collectionsearch.nma.gov.au/s/hw/EMU.EMUIRN/75772","2025-02-24","Unknown","Other","Metal"
"60109","2000.0014.0870","Australian two dollar note","Banknotes","Winifred Hilliard collection no. 3","Other Collections","Paper","","","","","","","","https://collectionsearch.nma.gov.au/s/hw/EMU.EMUIRN/60109","2026-08-31","Unknown","Banknotes","Paper"
"256607","2019.0007.0001","One dollar note kept by Diane Hunter as a memento of Cyclone Tracy","Banknotes","Diane Hunter collection","Other Collections","Ink; Paper","","","","","","","","https://collectionsearch.nma.gov.au/s/hw/EMU.EMUIRN/256607","2025-02-19","Unknown","Banknotes","Paper"
"71099","2003.0011.0011","Second World War Prisoner of War Banknote","Banknotes","David Westcott collection no. 6","Other Collections","Paper","","","","","","","","https://collectionsearch.nma.gov.au/s/hw/EMU.EMUIRN/71099","2025-02-24","Unknown","Banknotes","Paper"
"71098","2003.0011.0010","Second World War Prisoner of War Banknote","Banknotes","David Westcott collection no. 6","Other Collections","Paper","","","","","","","","https://collectionsearch.nma.gov.au/s/hw/EMU.EMUIRN/71098","2025-02-24","Unknown","Banknotes","Paper"
"71101","2003.0011.0013","Second World War Prisoner of War Banknote","Banknotes","David Westcott collection no. 6","Other Collections","Paper","","","","","","","","https://collectionsearch.nma.gov.au/s/hw/EMU.EMUIRN/71101","2025-02-24","Unknown","Banknotes","Paper"
"71097","2003.0011.0009","Second World War Prisoner of War Banknote","Banknotes","David Westcott collection no. 6","Other Collections","Paper","","","","","","","","https://collectionsearch.nma.gov.au/s/hw/EMU.EMUIRN/71097","2025-02-24","Unknown","Banknotes","Paper"
"71095","2003.0011.0007","Second World War Prisoner of War Banknote","Banknotes","David Westcott collection no. 6","Other Collections","Paper","","","","","","","","https://collectionsearch.nma.gov.au/s/hw/EMU.EMUIRN/71095","2025-02-24","Unknown","Banknotes","Paper"
"71094","2003.0011.0006","Second World War Prisoner of War Banknote","Banknotes","David Westcott collection no. 6","Other Collections","Paper","","","","","","","","https://collectionsearch.nma.gov.au/s/hw/EMU.EMUIRN/71094","2025-02-24","Unknown","Banknotes","Paper"
"71096","2003.0011.0008","Second World War Prisoner of War Banknote","Banknotes","David Westcott collection no. 6","Other Collections","Paper","","","","","","","","https://collectionsearch.nma.gov.au/s/hw/EMU.EMUIRN/71096","2025-02-24","Unknown","Banknotes","Paper"
"71100","2003.0011.0012","Second World War Prisoner of War Banknote","Banknotes","David Westcott collection no. 6","Other Collections","Paper","","","","","","","","https://collectionsearch.nma.gov.au/s/hw/EMU.EMUIRN/71100","2025-02-24","Unknown","Banknotes","Paper"
"256608","2019.0007.0002","Two dollar note kept by Diane Hunter as a memento of Cyclone Tracy","Banknotes","Diane Hunter collection","Other Collections","Ink; Paper","","","","","","","","https://collectionsearch.nma.gov.au/s/hw/EMU.EMUIRN/256608","2026-04-23","Unknown","Banknotes","Paper"
"152799","MU00029.003","Prince George pillow case","Bedding; Commemorative objects","Roslyn Russell collection","Other Collections","Textile - non specific","","","","","","","","https://collectionsearch.nma.gov.au/s/hw/EMU.EMUIRN/152799","2025-02-18","Unknown","Other","Textile"
"75970","2005.0005.0103","Black metal lamp from a penny farthing bicycle","Bicycle lamps","Springfield - Faithfull Family collection","Springfield - Faithfull Family collection","Glass; Metal - non specific","","","","","","","","https://collectionsearch.nma.gov.au/s/hw/EMU.EMUIRN/75970","2025-02-24","Unknown","Other","Metal"
"209202","2004.0024.0007","Presentation blotter with enevelope and stamps","Blotters","Sir Hubert Opperman collection no. 2","Other Collections","Card; Leather; Paper","","","","","","","","https://collectionsearch.nma.gov.au/s/hw/EMU.EMUIRN/209202","2025-02-23","Unknown","Other","Paper"
"165160","AR00135.001","Instructions for Westbury Duplicator and an instruction sheet on the use of Velox stamps.","Booklets","Turner Family collection","Other Collections","","","","","","","","","https://collectionsearch.nma.gov.au/s/hw/EMU.EMUIRN/165160","2025-02-27","Unknown","Other","Unspecified"
"48365","1991.0043.0041","Weldon's Cross Stitch Second Book. Six Penny Series No 154","Booklets","Muriel Kelly collection","Other Collections","Metal - non specific; Paper","","","","","","","","https://collectionsearch.nma.gov.au/s/hw/EMU.EMUIRN/48365","2025-02-24","Unknown","Other","Metal"
"146543","2007.0053.0444","Boomerang with line and dot decoration","Boomerangs","Aboriginal and Torres Strait Islander Affairs Art (ATSIAA) collection no. 1","Other Collections","Pigment; Wood","","","Townsville, Queensland, Australia","Queensland","Australia","-27.4705","153.026","https://collectionsearch.nma.gov.au/s/hw/EMU.EMUIRN/146543","2025-02-23","Unknown","Other","Wood"
"146544","2007.0053.0445","Boomerang with line and dot decoration","Boomerangs","Aboriginal and Torres Strait Islander Affairs Art (ATSIAA) collection no. 1","Other Collections","Pigment; Wood","","","Townsville, Queensland, Australia","Queensland","Australia","-27.4705","153.026","https://collectionsearch.nma.gov.au/s/hw/EMU.EMUIRN/146544","2025-02-23","Unknown","Other","Wood"
"111691","1999.0013.0030","Varnished wooden bowl, used with a sponge to wet stamps in a Post Office","Bowls","Australia Post Historical collection","Other Collections","Varnish; Wood","","","","","","","","https://collectionsearch.nma.gov.au/s/hw/EMU.EMUIRN/111691","2025-02-23","Unknown","Other","Wood"
"111689","1999.0013.0029","Varnished wooden bowl, used with a sponge to wet stamps in a Post Office","Bowls","Australia Post Historical collection","Other Collections","Varnish; Wood","","","","","","","","https://collectionsearch.nma.gov.au/s/hw/EMU.EMUIRN/111689","2025-02-23","Unknown","Other","Wood"
"146287","2007.0053.0119","'Tourist art' bullroarer featuring a kangaroo decoration","Bullroarers","Aboriginal and Torres Strait Islander Affairs Art (ATSIAA) collection no. 1","Other Collections","wood","","","Melbourne, Victoria, Australia","Victoria","Australia","-37.8136","144.9631","https://collectionsearch.nma.gov.au/s/hw/EMU.EMUIRN/146287","2025-02-23","Unknown","Other","Wood"
"30204","1986.0095.0024.144","Handwritten letter to Arthur Cocks & Co Ltd, with stamps from W R Williams, Chemist, Manly","Business letters","Gweneth Meyers collection","Other Collections","Paper","","","","","","","","https://collectionsearch.nma.gov.au/s/hw/EMU.EMUIRN/30204","2021-05-11","Unknown","Other","Paper"
"140937","1990.0023.0017","Card printed with  'J.A Daniel ""Penny Post"" Office Goulbourn NSW' printed on it","Cards","Hazel Hooton and Elizabeth Gibson collection","Other Collections","Card; Ink","","","Goulburn, New South Wales, Australia","New South Wales","Australia","-33.8688","151.2093","https://collectionsearch.nma.gov.au/s/hw/EMU.EMUIRN/140937","2025-02-24","Unknown","Other","Paper"
"34799","1987.0026.0035","Cartoon depicting Treasurer, Paul Keating, handing money to a man with one hand, and picking his pockets with the other","Cartoons","Roger Lilford collection","Other Collections","Ink; Paper","","","","","","","","https://collectionsearch.nma.gov.au/s/hw/EMU.EMUIRN/34799","2025-02-17","Unknown","Other","Paper"
"145620","2007.0053.0692","Hollow log with painted decoration","Ceremonial objects","Aboriginal and Torres Strait Islander Affairs Art (ATSIAA) collection no. 1","Other Collections","Pigment; Wood","","","Brisbane, Queensland, Australia","Queensland","Australia","-27.4705","153.026","https://collectionsearch.nma.gov.au/s/hw/EMU.EMUIRN/145620","2025-02-23","Unknown","Other","Wood"
"37789","1988.0107.0017","Commemorative certificate issued to passengers aboard the 'SS Skaugum' to commemorate the crossing of the Equator","Certificates","D Simankevicius collection","Other Collections","Paper","","","","","","","","https://collectionsearch.nma.gov.au/s/hw/EMU.EMUIRN/37789","2025-02-24","Unknown","Other","Paper"
"75237","2005.0005.1255","Christmas card with begonia decoration","Christmas cards","Springfield - Faithfull Family collection","Springfield - Faithfull Family collection","","","","","","","","","https://collectionsearch.nma.gov.au/s/hw/EMU.EMUIRN/75237","2025-02-24","Unknown","Other","Unspecified"
"75850","2005.0005.0167","Bell-shaped paper decoration covered with silver foil and stiffened inside with a thin layer of plaster","Christmas decorations","Springfield - Faithfull Family collection","Springfield - Faithfull Family collection","Aluminium; Card; Paint - non specific","","","","","","","","https://collectionsearch.nma.gov.au/s/hw/EMU.EMUIRN/75850","2025-02-24","Unknown","Medals","Metal"
"54676","1993.0118.0048","Christmas decoration given to Aidan, Reagan and Kahlia Chamberlain","Christmas decorations","Lindy Chamberlain-Creighton collection no. 2","Other Collections","Paper; Wool - non specific","","","Australia","","Australia","","","https://collectionsearch.nma.gov.au/s/hw/EMU.EMUIRN/54676","2025-02-23","Unknown","Medals","Paper"
"252442","1997.0045.0019","Cigarette case and postage stamps","Cigarette cases","Turner and Valentine Families collection","Other Collections","Metal - non specific; Paper","","","","","","","","https://collectionsearch.nma.gov.au/s/hw/EMU.EMUIRN/252442","2021-05-11","Unknown","Other","Metal"
"248063","2016.0048.0005","Club with pokerwork dot decoration","Clubs","King Billy of Lake Tyers collection","Other Collections","Wood","","","Lake Tyers, East Gippsland, Victoria, Australia","Victoria","Australia","-37.8136","144.9631","https://collectionsearch.nma.gov.au/s/hw/EMU.EMUIRN/248063","2025-02-23","Unknown","Other","Wood"
"146535","2007.0053.0470","Club with red black and white decoration","Clubs","Aboriginal and Torres Strait Islander Affairs Art (ATSIAA) collection no. 1","Other Collections","Acrylic; Varnish; Wood","","","Townsville, Queensland, Australia","Queensland","Australia","-27.4705","153.026","https://collectionsearch.nma.gov.au/s/hw/EMU.EMUIRN/146535","2025-02-23","Unknown","Other","Plastic / rubber"
"230363","2013.0022.0015","Engraved coin which belonged to James Pitkeathly","Coins","James Pitkeathly collection no. 1","Other Collections","Metal - non specific; String","","","","","","","","https://collectionsearch.nma.gov.au/s/hw/EMU.EMUIRN/230363","2025-02-17","Unknown","Coins","Metal"
"76042","2005.0005.0051","Tortoiseshell hair comb with a beaded decoration","Combs","Springfield - Faithfull Family collection","Springfield - Faithfull Family collection","Glass; Ivory; Metal - non specific","","","","","","","","https://collectionsearch.nma.gov.au/s/hw/EMU.EMUIRN/76042","2025-02-24","Unknown","Other","Metal"
"38907","1989.0074.0140.002","'Australian Bicentennial Exhibition' badge","Commemorative badges","Australian Bicentennial Authority collection","Other Collections","Metal - non specific; Paper; Plastic - non specific","","","","","","","","https://collectionsearch.nma.gov.au/s/hw/EMU.EMUIRN/38907","2024-07-11","Unknown","Medals","Metal"
"55875","1995.0001.0024","August 9th South African Women's Day","Commemorative badges","Union of Australian Women collection","Other Collections","Ink; Metal - non specific; Paper; Plastic - non specific","","","Sydney, New South Wales, Australia","New South Wales","Australia","-33.8688","151.2093","https://collectionsearch.nma.gov.au/s/hw/EMU.EMUIRN/55875","2025-03-25","Unknown","Medals","Metal"
"110428","1997.0050.0461","Australia Day is our day","Commemorative badges","Fred Daly collection","Other Collections","Metal - non specific; Plastic - non specific","","","","","","","","https://collectionsearch.nma.gov.au/s/hw/EMU.EMUIRN/110428","2025-02-17","Unknown","Medals","Metal"
"22016","1986.0001.0040","Australia vs All-Montreal","Commemorative badges","Nanette Ward collection","Other Collections","Ink; Metal - non specific; Paper; Textile - non specific","","","Canada","","International","","","https://collectionsearch.nma.gov.au/s/hw/EMU.EMUIRN/22016","2025-03-06","Unknown","Medals","Metal"
"22064","1986.0001.0086","Australian Test cricketer W.H. Ponsford","Commemorative badges","Nanette Ward collection","Other Collections","Metal - non specific; Plastic - non specific","","","","","","","","https://collectionsearch.nma.gov.au/s/hw/EMU.EMUIRN/22064","2025-03-06","Unknown","Medals","Metal"
"110439","1997.0050.0465","Canberra Festival 88 March 12-21","Commemorative badges","Fred Daly collection","Other Collections","Metal - non specific; Plastic - non specific","","","","","","","","https://collectionsearch.nma.gov.au/s/hw/EMU.EMUIRN/110439","2025-02-17","Unknown","Medals","Metal"
"34921","1987.0030.0012","Hospital Day fundraising badge","Commemorative badges","Social History Museums (South Australia) collection","Other Collections","Metal - non specific","","","Adelaide, South Australia, Australia","South Australia","Australia","-34.9285","138.6007","https://collectionsearch.nma.gov.au/s/hw/EMU.EMUIRN/34921","2025-02-17","Unknown","Medals","Metal"
"56018","1995.0001.0163","IYY [International Year of Youth]","Commemorative badges","Union of Australian Women collection","Other Collections","Paper; Plastic - non specific","","","Sydney, New South Wales, Australia","New South Wales","Australia","-33.8688","151.2093","https://collectionsearch.nma.gov.au/s/hw/EMU.EMUIRN/56018","2025-03-25","Unknown","Medals","Paper"
"55867","1995.0001.0016","International Women's Day March 8","Commemorative badges","Union of Australian Women collection","Other Collections","Ink; Metal - non specific; Paint - non specific; Paper; Plastic - non specific","","","Sydney, New South Wales, Australia","New South Wales","Australia","-33.8688","151.2093","https://collectionsearch.nma.gov.au/s/hw/EMU.EMUIRN/55867","2025-03-25","Unknown","Medals","Metal"
"56022","1995.0001.0167","International Women's Day, 8 March United Nations Time for Action","Commemorative badges","Union of Australian Women collection","Other Collections","Metal - non specific; Paper","","","Sydney, New South Wales, Australia","New South Wales","Australia","-33.8688","151.2093","https://collectionsearch.nma.gov.au/s/hw/EMU.EMUIRN/56022","2025-03-25","Unknown","Medals","Metal"
"55474","1994.0036.0015","International Women's Year -  A Woman's Place is Everywhere","Commemorative badges","Meredith Hinchliffe collection no. 1","Other Collections","Metal - non specific; Plastic - non specific","","","","","","","","https://collectionsearch.nma.gov.au/s/hw/EMU.EMUIRN/55474","2025-06-30","Unknown","Medals","Metal"
"135611","1989.0009.0031","Liveryman Guild, Air Pilots and Air Navigators","Commemorative badges","Dr Robert C Percival collection","Other Collections","Metal - non specific","","","London, England","","International","","","https://collectionsearch.nma.gov.au/s/hw/EMU.EMUIRN/135611","2025-02-17","Unknown","Medals","Metal"
"135610","1989.0009.0030","Liveryman Guild, Air Pilots and Air Navigators","Commemorative badges","Dr Robert C Percival collection","Other Collections","Metal - non specific","","","London, England","","International","","","https://collectionsearch.nma.gov.au/s/hw/EMU.EMUIRN/135610","2025-02-17","Unknown","Medals","Metal"
"34912","1987.0030.0003","Poppy Day fundraising badge","Commemorative badges","Social History Museums (South Australia) collection","Other Collections","Metal - non specific","","","Frankston, Victoria, Australia","Victoria","Australia","-38.15","145.13","https://collectionsearch.nma.gov.au/s/hw/EMU.EMUIRN/34912","2025-02-17","Unknown","Medals","Metal"
"34913","1987.0030.0004","Poppy Day fundraising badge","Commemorative badges","Social History Museums (South Australia) collection","Other Collections","Metal - non specific","","","Frankston, Victoria, Australia","Victoria","Australia","-38.15","145.13","https://collectionsearch.nma.gov.au/s/hw/EMU.EMUIRN/34913","2025-02-17","Unknown","Medals","Metal"
"34914","1987.0030.0005","Poppy Day fundraising badge","Commemorative badges","Social History Museums (South Australia) collection","Other Collections","Metal - non specific","","","Frankston, Victoria, Australia","Victoria","Australia","-38.15","145.13","https://collectionsearch.nma.gov.au/s/hw/EMU.EMUIRN/34914","2025-02-17","Unknown","Medals","Metal"
"34911","1987.0030.0002","Poppy Day fundraising badge","Commemorative badges","Social History Museums (South Australia) collection","Other Collections","Metal - non specific","","","Frankston, Victoria, Australia","Victoria","Australia","-38.15","145.13","https://collectionsearch.nma.gov.au/s/hw/EMU.EMUIRN/34911","2025-02-17","Unknown","Medals","Metal"
"34910","1987.0030.0001","Red paper poppy","Commemorative badges","Social History Museums (South Australia) collection","Other Collections","Cardboard; Paper","","","","","","","","https://collectionsearch.nma.gov.au/s/hw/EMU.EMUIRN/34910","2025-02-17","Unknown","Medals","Paper"
"110460","1997.0050.0469","Remember Australia Day 26 Jan","Commemorative badges","Fred Daly collection","Other Collections","Metal - non specific; Plastic - non specific","","","","","","","","https://collectionsearch.nma.gov.au/s/hw/EMU.EMUIRN/110460","2025-02-17","Unknown","Medals","Metal"
"34930","1987.0030.0021","Remembrance Day fundraising badge","Commemorative badges","Social History Museums (South Australia) collection","Other Collections","Metal - non specific","","","Adelaide, South Australia, Australia","South Australia","Australia","-34.9285","138.6007","https://collectionsearch.nma.gov.au/s/hw/EMU.EMUIRN/34930","2025-02-17","Unknown","Medals","Metal"
"34918","1987.0030.0009","Repatriation Day fundraising badge","Commemorative badges","Social History Museums (South Australia) collection","Other Collections","Metal - non specific","","","North Fitzroy, Melbourne, Victoria, Australia; South Australia, Australia","Victoria","Australia","-37.7886","144.979","https://collectionsearch.nma.gov.au/s/hw/EMU.EMUIRN/34918","2025-02-17","Unknown","Medals","Metal"
"34917","1987.0030.0008","Repatriation Day fundraising badge","Commemorative badges","Social History Museums (South Australia) collection","Other Collections","Metal - non specific","","","North Fitzroy, Melbourne, Victoria, Australia; South Australia, Australia","Victoria","Australia","-37.7886","144.979","https://collectionsearch.nma.gov.au/s/hw/EMU.EMUIRN/34917","2025-02-17","Unknown","Medals","Metal"
"34916","1987.0030.0007","Repatriation Day fundraising badge","Commemorative badges","Social History Museums (South Australia) collection","Other Collections","Metal - non specific","","","North Fitzroy, Melbourne, Victoria, Australia; South Australia, Australia","Victoria","Australia","-37.7886","144.979","https://collectionsearch.nma.gov.au/s/hw/EMU.EMUIRN/34916","2025-02-17","Unknown","Medals","Metal"
"135689","1989.0009.0033","Royal Arms","Commemorative badges","Dr Robert C Percival collection","Other Collections","Textile - non specific","","","","","","","","https://collectionsearch.nma.gov.au/s/hw/EMU.EMUIRN/135689","2025-02-17","Unknown","Medals","Textile"
"128698","2006.0031.0106","Royal Tour","Commemorative badges","Professor Peter Spearritt collection no. 2","Other Collections","Metal - non specific; Textile - non specific","","","","","","","","https://collectionsearch.nma.gov.au/s/hw/EMU.EMUIRN/128698","2025-02-17","Unknown","Medals","Metal"
"41755","1991.0013.0001","Royal Visit - Press","Commemorative badges","Bernard Freedman collection no. 2","Other Collections","Enamel; Metal - non specific","","","","","","","","https://collectionsearch.nma.gov.au/s/hw/EMU.EMUIRN/41755","2025-02-17","Unknown","Medals","Metal"
"128331","1986.0009.0598.001","Southern Cross VH-USU","Commemorative badges","Austin Byrne collection no. 1","Other Collections","Metal - non specific","","","","","","","","https://collectionsearch.nma.gov.au/s/hw/EMU.EMUIRN/128331","2022-07-04","Unknown","Medals","Metal"
"128330","1986.0009.0598","Southern Cross VH-USU","Commemorative badges","Austin Byrne collection no. 1","Other Collections","Metal - non specific; Paper","","","","","","","","https://collectionsearch.nma.gov.au/s/hw/EMU.EMUIRN/128330","2025-02-23","Unknown","Medals","Metal"
"34958","1987.0030.0049","Wattle Day League Ambulance Fund - Ambulance Day","Commemorative badges","Social History Museums (South Australia) collection","Other Collections","Metal - non specific; Plastic - non specific","","","North Fitzroy, Melbourne, Victoria, Australia","Victoria","Australia","-37.7886","144.979","https://collectionsearch.nma.gov.au/s/hw/EMU.EMUIRN/34958","2025-02-17","Unknown","Medals","Metal"
"35002","1987.0030.0093","Wattle Day badge","Commemorative badges","Social History Museums (South Australia) collection","Other Collections","Metal - non specific; Plastic - non specific","","","","","","","","https://collectionsearch.nma.gov.au/s/hw/EMU.EMUIRN/35002","2025-02-17","Unknown","Medals","Metal"
"55472","1994.0036.0013","Women are on the move","Commemorative badges","Meredith Hinchliffe collection no. 1","Other Collections","Metal - non specific; Plastic - non specific","","","","","","","","https://collectionsearch.nma.gov.au/s/hw/EMU.EMUIRN/55472","2025-03-25","Unknown","Medals","Metal"
"34666","1987.0016.0023","A commemorative banner depicting Tito","Commemorative banners","Ana and Martin Kovacic collection","Other Collections","","","","","","","","","https://collectionsearch.nma.gov.au/s/hw/EMU.EMUIRN/34666","2025-02-23","Unknown","Other","Unspecified"
"68773","2008.0003.0001","ANZAC - Their Service - Our Heritage","Commemorative banners","Rats of Tobruk Association New South Wales Branch collection","Other Collections","Textile - non specific","","","","","","","","https://collectionsearch.nma.gov.au/s/hw/EMU.EMUIRN/68773","2025-02-23","Unknown","Other","Textile"
"109419","2006.0031.0129","A Souvenir of the Coronation","Commemorative books","Professor Peter Spearritt collection no. 2","Other Collections","Cardboard","","","","","","","","https://collectionsearch.nma.gov.au/s/hw/EMU.EMUIRN/109419","2025-02-17","Unknown","Other","Paper"
"36943","1988.0011.0019","Book published to celebrate 25th anniversary of St George Budapest Soccer Club","Commemorative books","St George Budapest Soccer Club collection","Other Collections","Paper","","","","","","","","https://collectionsearch.nma.gov.au/s/hw/EMU.EMUIRN/36943","2025-02-17","Unknown","Other","Paper"
"114662","1998.0009.0070","Commemoration Number of the Yueh Pao, Twenty-First Anniversary, British-American Tobacco Coy (China) Ltd.","Commemorative books","Anne Stockton collection no. 1","Other Collections","Paper","","","China","","International","","","https://collectionsearch.nma.gov.au/s/hw/EMU.EMUIRN/114662","2026-07-27","Unknown","Other","Paper"
"111427","2006.0031.0142","Elizabeth Crowned Queen","Commemorative books","Professor Peter Spearritt collection no. 2","Other Collections","Cardboard; Paper; Textile - non specific","","","","","","","","https://collectionsearch.nma.gov.au/s/hw/EMU.EMUIRN/111427","2025-02-17","Unknown","Other","Paper"
"111429","2006.0031.0141","The Royal Tour","Commemorative books","Professor Peter Spearritt collection no. 2","Other Collections","Cardboard; Paper","","","","","","","","https://collectionsearch.nma.gov.au/s/hw/EMU.EMUIRN/111429","2025-02-17","Unknown","Other","Paper"
"109468","2006.0031.0039.004","The Royal Tour: Homeward Bound","Commemorative books","Professor Peter Spearritt collection no. 2","Other Collections","Paper","","","","","","","","https://collectionsearch.nma.gov.au/s/hw/EMU.EMUIRN/109468","2021-05-11","Unknown","Other","Paper"
"34656","1987.0016.0013","Commemorative card issued to road-making volunteers","Commemorative cards","Ana and Martin Kovacic collection","Other Collections","","","","","","","","","https://collectionsearch.nma.gov.au/s/hw/EMU.EMUIRN/34656","2025-02-17","Unknown","Other","Unspecified"
"34658","1987.0016.0015","Commemorative card issued to road-making volunteers","Commemorative cards","Ana and Martin Kovacic collection","Other Collections","","","","","","","","","https://collectionsearch.nma.gov.au/s/hw/EMU.EMUIRN/34658","2025-02-17","Unknown","Other","Unspecified"
"274315","2021.0012.0005","Commemorative card with photo of Craig Gibson with dog Daisy and text on opposite face","Commemorative cards","Craig Neil Gibson & Dannielle Meredith collection","Other Collections","Cardboard; Ink","","","New York, New York, United States of America","","International","","","https://collectionsearch.nma.gov.au/s/hw/EMU.EMUIRN/274315","2025-02-25","Unknown","Other","Paper"
"230832","2013.0022.0007","ANZAC 75th Anniversary commemorative coin set presented to James Pitkeathly","Commemorative coins","James Pitkeathly collection no. 1","Other Collections","Metal - non specific; Paper; Plastic - non specific","","","","","","","","https://collectionsearch.nma.gov.au/s/hw/EMU.EMUIRN/230832","2025-02-17","Unknown","Coins","Metal"
"62100","2002.0021.0049.001","Souvenir teacup - Edward VIII","Commemorative cups","Cecil Ballard Jnr collection","Cecil Ballard Jnr collection","Bone china","","","","","","","","https://collectionsearch.nma.gov.au/s/hw/EMU.EMUIRN/62100","2026-07-10","Unknown","Other","Ceramic"
"62161","2002.0021.0108.001","Souvenir teacup - King George V","Commemorative cups","Cecil Ballard Jnr collection","Cecil Ballard Jnr collection","China","","","","","","","","https://collectionsearch.nma.gov.au/s/hw/EMU.EMUIRN/62161","2026-07-10","Unknown","Other","Ceramic"
"128384","1986.0009.0613","Charles Kingsford-Smith commemorative envelope addressed to Austin Byrne","Commemorative envelopes","Austin Byrne collection no. 1","Other Collections","Ink; Paper","","","Parafield Airport, Parafield, Adelaide, South Australia, Australia","South Australia","Australia","-34.9285","138.6007","https://collectionsearch.nma.gov.au/s/hw/EMU.EMUIRN/128384","2025-02-23","Unknown","Stamps","Paper"
"56663","1995.0036.0033","ANNUAL LADIES NIGHT [Masonic] LODGE NARRABEEN No 427 U.G.L. ERIC MUNRO FERGUSSON, W.M. HEATHER 28-4-73'","Commemorative glassware","Ronald L Gale Masonic collection no. 1","Other Collections","Glass","","","","","","","","https://collectionsearch.nma.gov.au/s/hw/EMU.EMUIRN/56663","2025-02-17","Unknown","Other","Glass"
"62109","2002.0021.0057","Commemorative drinking glass - Queen Elizabeth II","Commemorative glassware","Cecil Ballard Jnr collection","Cecil Ballard Jnr collection","Glass","","","","","","","","https://collectionsearch.nma.gov.au/s/hw/EMU.EMUIRN/62109","2026-08-14","Unknown","Other","Glass"
"41094","1991.0006.0012","Drinking glass commemorating the change to decimal currency","Commemorative glassware","David Kaus collection no. 3","Other Collections","Glass","","","","","","","","https://collectionsearch.nma.gov.au/s/hw/EMU.EMUIRN/41094","2025-02-17","Unknown","Other","Glass"
"111018","2007.0084.0265","Drinking glass for Johnny Warren's 60th birthday","Commemorative glassware","John 'Johnny' Warren collection","Other Collections","Glass","","","","","","","","https://collectionsearch.nma.gov.au/s/hw/EMU.EMUIRN/111018","2025-02-17","Unknown","Other","Glass"
"111017","2007.0084.0264","Drinking glass for Johnny Warren's 60th birthday","Commemorative glassware","John 'Johnny' Warren collection","Other Collections","Glass","","","","","","","","https://collectionsearch.nma.gov.au/s/hw/EMU.EMUIRN/111017","2025-02-17","Unknown","Other","Glass"
"56674","1995.0036.0040.002","Masonic - Souvenir drinking glass - Grand Installation","Commemorative glassware","Ronald L Gale Masonic collection no. 1","Other Collections","Glass","","","","","","","","https://collectionsearch.nma.gov.au/s/hw/EMU.EMUIRN/56674","2021-05-11","Unknown","Other","Glass"
"56673","1995.0036.0040.001","Masonic - Souvenir drinking glass - Grand Installation","Commemorative glassware","Ronald L Gale Masonic collection no. 1","Other Collections","Glass","","","","","","","","https://collectionsearch.nma.gov.au/s/hw/EMU.EMUIRN/56673","2025-02-17","Unknown","Other","Glass"
"56671","1995.0036.0039.001","Masonic - Souvenir drinking glass - Lodge Aviation","Commemorative glassware","Ronald L Gale Masonic collection no. 1","Other Collections","Glass","","","","","","","","https://collectionsearch.nma.gov.au/s/hw/EMU.EMUIRN/56671","2025-02-17","Unknown","Other","Glass"
"56672","1995.0036.0039.002","Masonic - Souvenir drinking glass - Lodge Aviation","Commemorative glassware","Ronald L Gale Masonic collection no. 1","Other Collections","Glass","","","","","","","","https://collectionsearch.nma.gov.au/s/hw/EMU.EMUIRN/56672","2021-05-11","Unknown","Other","Glass"
"56664","1995.0036.0034","Masonic - Souvenir drinking glass - Lodge No 326","Commemorative glassware","Ronald L Gale Masonic collection no. 1","Other Collections","Glass","","","","","","","","https://collectionsearch.nma.gov.au/s/hw/EMU.EMUIRN/56664","2025-02-17","Unknown","Other","Glass"
"56666","1995.0036.0036","Masonic - Souvenir drinking glass - Lodge No 382","Commemorative glassware","Ronald L Gale Masonic collection no. 1","Other Collections","Glass","","","","","","","","https://collectionsearch.nma.gov.au/s/hw/EMU.EMUIRN/56666","2025-02-17","Unknown","Other","Glass"
"56668","1995.0036.0037.002","Masonic - Souvenir drinking glass - Lodge No 457","Commemorative glassware","Ronald L Gale Masonic collection no. 1","Other Collections","Glass","","","","","","","","https://collectionsearch.nma.gov.au/s/hw/EMU.EMUIRN/56668","2021-05-11","Unknown","Other","Glass"
"56667","1995.0036.0037.001","Masonic - Souvenir drinking glass - Lodge No 457","Commemorative glassware","Ronald L Gale Masonic collection no. 1","Other Collections","Glass","","","","","","","","https://collectionsearch.nma.gov.au/s/hw/EMU.EMUIRN/56667","2025-02-17","Unknown","Other","Glass"
"56669","1995.0036.0038.001","Masonic - Souvenir drinking glass - Lodge No 512","Commemorative glassware","Ronald L Gale Masonic collection no. 1","Other Collections","Glass","","","","","","","","https://collectionsearch.nma.gov.au/s/hw/EMU.EMUIRN/56669","2025-02-17","Unknown","Other","Glass"
"56665","1995.0036.0035","Masonic - Souvenir drinking glass - Lodge No 512","Commemorative glassware","Ronald L Gale Masonic collection no. 1","Other Collections","Glass","","","","","","","","https://collectionsearch.nma.gov.au/s/hw/EMU.EMUIRN/56665","2025-02-17","Unknown","Other","Glass"
"56670","1995.0036.0038.002","Masonic - Souvenir drinking glass - Lodge No 512","Commemorative glassware","Ronald L Gale Masonic collection no. 1","Other Collections","Glass","","","","","","","","https://collectionsearch.nma.gov.au/s/hw/EMU.EMUIRN/56670","2021-05-11","Unknown","Other","Glass"
"56662","1995.0036.0032","Masonic - Souvenir drinking glass - Lodge No 592","Commemorative glassware","Ronald L Gale Masonic collection no. 1","Other Collections","Glass","","","","","","","","https://collectionsearch.nma.gov.au/s/hw/EMU.EMUIRN/56662","2025-02-17","Unknown","Other","Glass"
"56676","1995.0036.0041.002","Masonic - Souvenir drinking glass - Lodge No 68","Commemorative glassware","Ronald L Gale Masonic collection no. 1","Other Collections","Glass","","","","","","","","https://collectionsearch.nma.gov.au/s/hw/EMU.EMUIRN/56676","2021-05-11","Unknown","Other","Glass"
"56675","1995.0036.0041.001","Masonic - Souvenir drinking glass - Lodge No 68","Commemorative glassware","Ronald L Gale Masonic collection no. 1","Other Collections","Glass","","","","","","","","https://collectionsearch.nma.gov.au/s/hw/EMU.EMUIRN/56675","2025-02-17","Unknown","Other","Glass"
"39739","1990.0033.0003.002","Souvenir brown glass disc with etched three leaf clover pattern and fragments of opal","Commemorative glassware","Vienna Mozart Boys Choir collection no. 1","Other Collections","Adhesive - non specific; Glass; Paper; Stone - non specific","","","Australia; United States of America, North America","","Australia","","","https://collectionsearch.nma.gov.au/s/hw/EMU.EMUIRN/39739","2025-02-17","Unknown","Other","Paper"
"38885","1989.0074.0130","Bicentennial Memento for School Students","Commemorative medallions","Australian Bicentennial Authority collection","Other Collections","Cardboard; Metal - non specific","","","Australia","","Australia","","","https://collectionsearch.nma.gov.au/s/hw/EMU.EMUIRN/38885","2025-02-17","Unknown","Medals","Metal"
"152798","MU00029.002","Commonwealth Jubilee medallion","Commemorative medallions","Roslyn Russell collection","Other Collections","Metal - non specific; Textile - non specific","","","","","","","","https://collectionsearch.nma.gov.au/s/hw/EMU.EMUIRN/152798","2025-02-18","Unknown","Medals","Metal"
"209222","2004.0024.0020","Medal on display board","Commemorative medallions","Sir Hubert Opperman collection no. 2","Other Collections","Metal - non specific; Textile - non specific","","","","","","","","https://collectionsearch.nma.gov.au/s/hw/EMU.EMUIRN/209222","2026-09-08","Unknown","Medals","Metal"
"209224","2004.0024.0021","Medal on display board","Commemorative medallions","Sir Hubert Opperman collection no. 2","Other Collections","Metal - non specific; Textile - non specific","","","","","","","","https://collectionsearch.nma.gov.au/s/hw/EMU.EMUIRN/209224","2026-09-08","Unknown","Medals","Metal"
"73003","2004.0024.0071","Race medal - Road Race, City of Warrnambool, Victoria, Time Medallion","Commemorative medallions","Sir Hubert Opperman collection no. 2","Other Collections","Metal - non specific","","","","","","","","https://collectionsearch.nma.gov.au/s/hw/EMU.EMUIRN/73003","2025-02-17","Unknown","Medals","Metal"
"233667","2014.0026.0001","Copper Charlotte Medal","Commemorative medals","Copper Charlotte Medal collection","Other Collections","Copper","","","","","","","","https://collectionsearch.nma.gov.au/s/hw/EMU.EMUIRN/233667","2025-02-19","Unknown","Medals","Metal"
"172475","1981.0016.0003","Panama-Pacific International Expostion San Francisco MCMXV medal in a presentation case","Commemorative medals","Department of Capital Territory collection no. 3","Other Collections","Metal - non specific; Textile - non specific","","","San Francisco, California, United States of America","","International","","","https://collectionsearch.nma.gov.au/s/hw/EMU.EMUIRN/172475","2025-02-17","Unknown","Medals","Metal"
"262937","2020.0002.0124","Sir Charles Kingsford-Smith 'Aviator' commemorative bronze medal","Commemorative medals","Trevor Kennedy collection","Other Collections","Bronze; Metal - non specific","","","","","","","","https://collectionsearch.nma.gov.au/s/hw/EMU.EMUIRN/262937","2025-11-18","Unknown","Medals","Metal"
"106290","2006.0031.0075","King George V Silver Jubilee commemorative mug","Commemorative mugs","Professor Peter Spearritt collection no. 2","Other Collections","Ceramic","","","","","","","","https://collectionsearch.nma.gov.au/s/hw/EMU.EMUIRN/106290","2026-08-10","Unknown","Other","Ceramic"
"106292","2006.0031.0077","Queen Elizabeth II coronation commemorative mug","Commemorative mugs","Professor Peter Spearritt collection no. 2","Other Collections","Ceramic","","","","","","","","https://collectionsearch.nma.gov.au/s/hw/EMU.EMUIRN/106292","2026-08-14","Unknown","Other","Ceramic"
"62063","2002.0021.0014","Souvenir beaker - Duke & Duchess of York","Commemorative mugs","Cecil Ballard Jnr collection","Cecil Ballard Jnr collection","Bone china","","","","","","","","https://collectionsearch.nma.gov.au/s/hw/EMU.EMUIRN/62063","2026-08-10","Unknown","Other","Ceramic"
"62104","2002.0021.0052","Souvenir beaker - Prince Edward & Sophie Rhys-Jones","Commemorative mugs","Cecil Ballard Jnr collection","Cecil Ballard Jnr collection","Bone china","","","","","","","","https://collectionsearch.nma.gov.au/s/hw/EMU.EMUIRN/62104","2026-08-10","Unknown","Other","Ceramic"
"67084","2002.0021.0115","Souvenir beaker - Prince Philip","Commemorative mugs","Cecil Ballard Jnr collection","Cecil Ballard Jnr collection","Bone china","","","","","","","","https://collectionsearch.nma.gov.au/s/hw/EMU.EMUIRN/67084","2026-08-10","Unknown","Other","Ceramic"
"67103","2002.0021.0114","Souvenir beaker - Prince Philip","Commemorative mugs","Cecil Ballard Jnr collection","Cecil Ballard Jnr collection","Bone china","","","","","","","","https://collectionsearch.nma.gov.au/s/hw/EMU.EMUIRN/67103","2026-08-10","Unknown","Other","Ceramic"
"67099","2002.0021.0003","Souvenir beaker - Princess Anne","Commemorative mugs","Cecil Ballard Jnr collection","Cecil Ballard Jnr collection","Bone china","","","","","","","","https://collectionsearch.nma.gov.au/s/hw/EMU.EMUIRN/67099","2026-08-10","Unknown","Other","Ceramic"
"67083","2002.0021.0125","Souvenir beaker - Queen Mother","Commemorative mugs","Cecil Ballard Jnr collection","Cecil Ballard Jnr collection","Bone china","","","","","","","","https://collectionsearch.nma.gov.au/s/hw/EMU.EMUIRN/67083","2026-08-10","Unknown","Other","Ceramic"
"67082","2002.0021.0124","Souvenir beaker - Queen Mother","Commemorative mugs","Cecil Ballard Jnr collection","Cecil Ballard Jnr collection","Bone china","","","","","","","","https://collectionsearch.nma.gov.au/s/hw/EMU.EMUIRN/67082","2026-08-10","Unknown","Other","Ceramic"
"67092","2002.0021.0127","Souvenir beaker - Queen Mother","Commemorative mugs","Cecil Ballard Jnr collection","Cecil Ballard Jnr collection","Bone china","","","","","","","","https://collectionsearch.nma.gov.au/s/hw/EMU.EMUIRN/67092","2026-08-10","Unknown","Other","Ceramic"
"62150","2002.0021.0097","Souvenir beaker celebrating the 40th Anniversary of the Coronation of Her Majesty Queen Elizabeth II","Commemorative mugs","Cecil Ballard Jnr collection","Cecil Ballard Jnr collection","Bone china","","","","","","","","https://collectionsearch.nma.gov.au/s/hw/EMU.EMUIRN/62150","2026-08-10","Unknown","Other","Ceramic"
"62149","2002.0021.0096","Souvenir beaker celebrating the 40th anniversary of the accession to the throne of Queen Elizabeth II","Commemorative mugs","Cecil Ballard Jnr collection","Cecil Ballard Jnr collection","Bone china","","","","","","","","https://collectionsearch.nma.gov.au/s/hw/EMU.EMUIRN/62149","2026-08-10","Unknown","Other","Ceramic"
"62148","2002.0021.0095","Souvenir beaker celebrating the 70th Birthday of Queen Elizabeth II","Commemorative mugs","Cecil Ballard Jnr collection","Cecil Ballard Jnr collection","Bone china","","","","","","","","https://collectionsearch.nma.gov.au/s/hw/EMU.EMUIRN/62148","2026-08-10","Unknown","Other","Ceramic"
"62058","2002.0021.0009","Souvenir beaker to Celebrate The Marriage of the Prince of Wales and Lady Diana Spencer","Commemorative mugs","Cecil Ballard Jnr collection","Cecil Ballard Jnr collection","Ceramic","","","","","","","","https://collectionsearch.nma.gov.au/s/hw/EMU.EMUIRN/62058","2026-08-10","Unknown","Other","Ceramic"
"62052","2002.0021.0004","Souvenir beaker to celebrate the 40th Birthday of Princess Anne","Commemorative mugs","Cecil Ballard Jnr collection","Cecil Ballard Jnr collection","Bone china","","","","","","","","https://collectionsearch.nma.gov.au/s/hw/EMU.EMUIRN/62052","2026-08-10","Unknown","Other","Ceramic"
"67062","2002.0021.0130","Souvenir beaker to celebrate the Eighty-Fifth Birthday of Her Majesty Queen Elizabeth The Queen Mother","Commemorative mugs","Cecil Ballard Jnr collection","Cecil Ballard Jnr collection","Porcelain","","","","","","","","https://collectionsearch.nma.gov.au/s/hw/EMU.EMUIRN/67062","2026-08-10","Unknown","Other","Ceramic"
"62080","2002.0021.0030","Souvenir coffee mug commemorating the Marriage of HRH Prince Charles to Lady Diana Spencer","Commemorative mugs","Cecil Ballard Jnr collection","Cecil Ballard Jnr collection","China","","","","","","","","https://collectionsearch.nma.gov.au/s/hw/EMU.EMUIRN/62080","2026-08-14","Unknown","Other","Ceramic"
"62094","2002.0021.0044","Souvenir lidded tankard - Prince & Princess of Wales","Commemorative mugs","Cecil Ballard Jnr collection","Cecil Ballard Jnr collection","China","","","","","","","","https://collectionsearch.nma.gov.au/s/hw/EMU.EMUIRN/62094","2026-08-10","Unknown","Other","Ceramic"
"62174","2002.0021.0142","Souvenir mug - Bicentenary of Australia","Commemorative mugs","Cecil Ballard Jnr collection","Cecil Ballard Jnr collection","Porcelain","","","Australia","","Australia","","","https://collectionsearch.nma.gov.au/s/hw/EMU.EMUIRN/62174","2026-08-10","Unknown","Other","Ceramic"
"62073","2002.0021.0024","Souvenir mug - Diana Princess of Wales","Commemorative mugs","Cecil Ballard Jnr collection","Cecil Ballard Jnr collection","China","","","","","","","","https://collectionsearch.nma.gov.au/s/hw/EMU.EMUIRN/62073","2026-07-10","Unknown","Other","Ceramic"
"62070","2002.0021.0021","Souvenir mug - Diana Princess of Wales","Commemorative mugs","Cecil Ballard Jnr collection","Cecil Ballard Jnr collection","Bone china","","","","","","","","https://collectionsearch.nma.gov.au/s/hw/EMU.EMUIRN/62070","2026-08-10","Unknown","Other","Ceramic"
"62090","2002.0021.0040","Souvenir mug - Prince & Princess of Wales","Commemorative mugs","Cecil Ballard Jnr collection","Cecil Ballard Jnr collection","China","","","","","","","","https://collectionsearch.nma.gov.au/s/hw/EMU.EMUIRN/62090","2026-07-10","Unknown","Other","Ceramic"
"62081","2002.0021.0031","Souvenir mug - Prince & Princess of Wales","Commemorative mugs","Cecil Ballard Jnr collection","Cecil Ballard Jnr collection","China","","","","","","","","https://collectionsearch.nma.gov.au/s/hw/EMU.EMUIRN/62081","2026-08-14","Unknown","Other","Ceramic"
"62085","2002.0021.0035","Souvenir mug - Prince & Princess of Wales","Commemorative mugs","Cecil Ballard Jnr collection","Cecil Ballard Jnr collection","China","","","","","","","","https://collectionsearch.nma.gov.au/s/hw/EMU.EMUIRN/62085","2026-08-10","Unknown","Other","Ceramic"
"62086","2002.0021.0036","Souvenir mug - Prince & Princess of Wales","Commemorative mugs","Cecil Ballard Jnr collection","Cecil Ballard Jnr collection","China","","","","","","","","https://collectionsearch.nma.gov.au/s/hw/EMU.EMUIRN/62086","2026-08-10","Unknown","Other","Ceramic"
"62065","2002.0021.0016","Souvenir mug - Prince Andrew","Commemorative mugs","Cecil Ballard Jnr collection","Cecil Ballard Jnr collection","Bone china","","","","","","","","https://collectionsearch.nma.gov.au/s/hw/EMU.EMUIRN/62065","2026-08-10","Unknown","Other","Ceramic"
"62060","2002.0021.0011","Souvenir mug - Prince Charles","Commemorative mugs","Cecil Ballard Jnr collection","Cecil Ballard Jnr collection","Bone china","","","","","","","","https://collectionsearch.nma.gov.au/s/hw/EMU.EMUIRN/62060","2026-08-10","Unknown","Other","Ceramic"
"62105","2002.0021.0053","Souvenir mug - Prince Edward","Commemorative mugs","Cecil Ballard Jnr collection","Cecil Ballard Jnr collection","Bone china","","","","","","","","https://collectionsearch.nma.gov.au/s/hw/EMU.EMUIRN/62105","2026-08-14","Unknown","Other","Ceramic"
"62055","2002.0021.0006","Souvenir mug - Princess Beatrice","Commemorative mugs","Cecil Ballard Jnr collection","Cecil Ballard Jnr collection","Bone china","","","","","","","","https://collectionsearch.nma.gov.au/s/hw/EMU.EMUIRN/62055","2026-08-10","Unknown","Other","Ceramic"
"62156","2002.0021.0103","Souvenir mug - Queen Elizabeth II","Commemorative mugs","Cecil Ballard Jnr collection","Cecil Ballard Jnr collection","Porcelain","","","","","","","","https://collectionsearch.nma.gov.au/s/hw/EMU.EMUIRN/62156","2026-08-10","Unknown","Other","Ceramic"
"62151","2002.0021.0098","Souvenir mug - Queen Elizabeth II","Commemorative mugs","Cecil Ballard Jnr collection","Cecil Ballard Jnr collection","Bone china","","","","","","","","https://collectionsearch.nma.gov.au/s/hw/EMU.EMUIRN/62151","2026-08-10","Unknown","Other","Ceramic"
"62136","2002.0021.0083","Souvenir mug - Queen Elizabeth II","Commemorative mugs","Cecil Ballard Jnr collection","Cecil Ballard Jnr collection","Bone china","","","","","","","","https://collectionsearch.nma.gov.au/s/hw/EMU.EMUIRN/62136","2026-08-10","Unknown","Other","Ceramic"
"62137","2002.0021.0084","Souvenir mug - Queen Elizabeth II","Commemorative mugs","Cecil Ballard Jnr collection","Cecil Ballard Jnr collection","Bone china","","","","","","","","https://collectionsearch.nma.gov.au/s/hw/EMU.EMUIRN/62137","2026-08-10","Unknown","Other","Ceramic"
"67100","2002.0021.0129","Souvenir mug - Queen Mother","Commemorative mugs","Cecil Ballard Jnr collection","Cecil Ballard Jnr collection","Porcelain","","","","","","","","https://collectionsearch.nma.gov.au/s/hw/EMU.EMUIRN/67100","2026-08-10","Unknown","Other","Ceramic"
"67101","2002.0021.0152","Souvenir mug - Royal Family","Commemorative mugs","Cecil Ballard Jnr collection","Cecil Ballard Jnr collection","Bone china","","","","","","","","https://collectionsearch.nma.gov.au/s/hw/EMU.EMUIRN/67101","2026-08-10","Unknown","Other","Ceramic"
"67104","2002.0021.0156","Souvenir mug - Royal Family","Commemorative mugs","Cecil Ballard Jnr collection","Cecil Ballard Jnr collection","Bone china","","","","","","","","https://collectionsearch.nma.gov.au/s/hw/EMU.EMUIRN/67104","2026-08-10","Unknown","Other","Ceramic"
"106323","2006.0031.0080","White ceramic mug to celebrate the Marriage of Prince Charles and Lady Diana Spencer","Commemorative mugs","Professor Peter Spearritt collection no. 2","Other Collections","Ceramic","","","","","","","","https://collectionsearch.nma.gov.au/s/hw/EMU.EMUIRN/106323","2026-07-10","Unknown","Other","Ceramic"
"67071","2002.0021.0150","Boxed set of Royal Family souvenir thimbles","Commemorative objects","Cecil Ballard Jnr collection","Cecil Ballard Jnr collection","Bone china","","","","","","","","https://collectionsearch.nma.gov.au/s/hw/EMU.EMUIRN/67071","2026-08-14","Unknown","Other","Ceramic"
"67070","2002.0021.0149","Boxed set of Royal Family souvenir thimbles","Commemorative objects","Cecil Ballard Jnr collection","Cecil Ballard Jnr collection","Bone china; Cardboard; Plastic","","","","","","","","https://collectionsearch.nma.gov.au/s/hw/EMU.EMUIRN/67070","2026-08-14","Unknown","Other","Paper"
"73456","2010.0011.0002.001","Federation-era bunting","Commemorative objects","George and Sylvia Milne collection","Other Collections","Textile - non specific","","","","","","","","https://collectionsearch.nma.gov.au/s/hw/EMU.EMUIRN/73456","2025-03-20","Unknown","Other","Textile"
"73457","2010.0011.0003","Federation-era bunting","Commemorative objects","George and Sylvia Milne collection","Other Collections","Acrylic; Adhesive tape; Card; Textile - non specific; Wood","","","","","","","","https://collectionsearch.nma.gov.au/s/hw/EMU.EMUIRN/73457","2025-02-23","Unknown","Other","Paper"
"76798","2006.0009.0005.001","Key to the city of Bellflower presented to Joan Stanbury","Commemorative objects","Joan Stanbury collection","Other Collections","Brass; Leather; Textile - non specific","","","","","","","","https://collectionsearch.nma.gov.au/s/hw/EMU.EMUIRN/76798","2025-02-17","Unknown","Other","Metal"
"221967","2007.0084.0303.001","Large wooden commemorative key presented to John Warren","Commemorative objects","John 'Johnny' Warren collection","Other Collections","Metal - non specific; Paper; Plastic - non specific; Wood","","","","","","","","https://collectionsearch.nma.gov.au/s/hw/EMU.EMUIRN/221967","2022-03-30","Unknown","Other","Metal"
"112225","2007.0084.0303","Large wooden commemorative key presented to John Warren in cardboard box base","Commemorative objects","John 'Johnny' Warren collection","Other Collections","","","","","","","","","https://collectionsearch.nma.gov.au/s/hw/EMU.EMUIRN/112225","2026-09-08","Unknown","Other","Unspecified"
"67046","2002.0021.0164","Matchbox Models of Yesteryear Gold State Coach","Commemorative objects","Cecil Ballard Jnr collection","Cecil Ballard Jnr collection","","","","","","","","","https://collectionsearch.nma.gov.au/s/hw/EMU.EMUIRN/67046","2026-08-14","Unknown","Other","Unspecified"
"22385","1986.0009.0004.001","Metal globe of the world studded with stones marking the flight paths of the Southern Cross aeroplane, inscribed 'Atlantic'","Commemorative objects","Austin Byrne collection no. 1","Other Collections","","","","","","","","","https://collectionsearch.nma.gov.au/s/hw/EMU.EMUIRN/22385","2026-07-20","Unknown","Other","Unspecified"
"22388","1986.0009.0005.001","Metal globe studded with stones marking the flight paths of the Southern Cross aeroplane, inscribed 'Pacific'","Commemorative objects","Austin Byrne collection no. 1","Other Collections","","","","","","","","","https://collectionsearch.nma.gov.au/s/hw/EMU.EMUIRN/22388","2021-07-01","Unknown","Other","Unspecified"
"211200","1999.0049.0019","Model of railway line cross section, souvenir","Commemorative objects","Australian Government Publishing Service collection no. 2","Other Collections","Metal - non specific","","","Canberra, Australian Capital Territory, Australia","Australian Capital Territory","Australia","-35.2809","149.13","https://collectionsearch.nma.gov.au/s/hw/EMU.EMUIRN/211200","2025-02-17","Unknown","Other","Metal"
"233477","2013.0063.0015","Printed souvenir of British Military Cemetery at Trois Arbes featuring details of Lieutenant Vincent Burns service","Commemorative objects","Vincent Burns collection","Other Collections","Glue; Ink; Paper","","","Lille, Steenwerck, France","","International","","","https://collectionsearch.nma.gov.au/s/hw/EMU.EMUIRN/233477","2025-02-24","Unknown","Other","Paper"
"113098","2007.0084.0298","Queensland Lions Soccer Club plaque awarded to Johnny Warren","Commemorative objects","John 'Johnny' Warren collection","Other Collections","Glass; Metal - non specific","","","","","","","","https://collectionsearch.nma.gov.au/s/hw/EMU.EMUIRN/113098","2025-02-17","Unknown","Other","Metal"
"233489","2013.0063.0017","Section of commemmorative letter, issued to Edith Burns, mother of Lieutenant Vincent Burns","Commemorative objects","Vincent Burns collection","Other Collections","Ink; Paper","","","","","","","","https://collectionsearch.nma.gov.au/s/hw/EMU.EMUIRN/233489","2025-02-24","Unknown","Other","Paper"
"62128","2002.0021.0075","Souvenir dinner bell - Queen Elizabeth II","Commemorative objects","Cecil Ballard Jnr collection","Cecil Ballard Jnr collection","Bone china","","","","","","","","https://collectionsearch.nma.gov.au/s/hw/EMU.EMUIRN/62128","2026-08-14","Unknown","Other","Ceramic"
"67048","2002.0021.0116","Souvenir dinner bell - Queen Mother","Commemorative objects","Cecil Ballard Jnr collection","Cecil Ballard Jnr collection","Bone china","","","","","","","","https://collectionsearch.nma.gov.au/s/hw/EMU.EMUIRN/67048","2026-08-14","Unknown","Other","Ceramic"
"62147","2002.0021.0094","Souvenir lidded dish - Queen Elizabeth II","Commemorative objects","Cecil Ballard Jnr collection","Cecil Ballard Jnr collection","Ceramic","","","","","","","","https://collectionsearch.nma.gov.au/s/hw/EMU.EMUIRN/62147","2026-08-17","Unknown","Other","Ceramic"
"62129","2002.0021.0076","Souvenir lidded dish - Queen Elizabeth II","Commemorative objects","Cecil Ballard Jnr collection","Cecil Ballard Jnr collection","Bone china","","","","","","","","https://collectionsearch.nma.gov.au/s/hw/EMU.EMUIRN/62129","2026-08-17","Unknown","Other","Ceramic"
"67051","2002.0021.0145","Souvenir mirror - Royal Family","Commemorative objects","Cecil Ballard Jnr collection","Cecil Ballard Jnr collection","","","","","","","","","https://collectionsearch.nma.gov.au/s/hw/EMU.EMUIRN/67051","2026-08-17","Unknown","Other","Unspecified"
"62087","2002.0021.0037","Souvenir thimbles of Prince & Princess of Wales","Commemorative objects","Cecil Ballard Jnr collection","Cecil Ballard Jnr collection","Bone china","","","","","","","","https://collectionsearch.nma.gov.au/s/hw/EMU.EMUIRN/62087","2026-08-14","Unknown","Other","Ceramic"
"109440","2006.0031.0038","Tin with portraits of Queen Elizabeth II and Prince Phillip","Commemorative objects","Professor Peter Spearritt collection no. 2","Other Collections","Tin","","","","","","","","https://collectionsearch.nma.gov.au/s/hw/EMU.EMUIRN/109440","2026-09-08","Unknown","Other","Metal"
"232024","2015.0017.0001","Printed cotton Australian Red Ensign flag used as bunting during World War 1","Commemorative objects; National flags","Alice Eaton collection","Other Collections","Cotton cloth","","","","","","","","https://collectionsearch.nma.gov.au/s/hw/EMU.EMUIRN/232024","2026-01-16","Unknown","Other","Textile"
"62082","2002.0021.0032","Souvenir paperweight commemorating the wedding of Prince Charles and Lady Diana Spencer","Commemorative objects; Paperweights","Cecil Ballard Jnr collection","Cecil Ballard Jnr collection","Glass","","","","","","","","https://collectionsearch.nma.gov.au/s/hw/EMU.EMUIRN/62082","2026-08-17","Unknown","Other","Glass"
"202853","1989.0009.0076","25th Anniversary of the International Air Rally at Jersey, England, Commemorative set of stamps in folder","Commemorative objects; Postage stamps","Dr Robert C Percival collection","Other Collections","Paper; Plastic - non specific; String","","","","","","","","https://collectionsearch.nma.gov.au/s/hw/EMU.EMUIRN/202853","2025-02-17","Unknown","Stamps","Paper"
"230923","2013.0036.0015","Radweltcup St. Johann in Tirol Masters Cycling Classic commemorative trophy won by Jim Coyle","Commemorative objects; Trophies","Jim Coyle collection","Other Collections","Bronze; Metal - non specific; Wood","","","","","","","","https://collectionsearch.nma.gov.au/s/hw/EMU.EMUIRN/230923","2025-02-17","Unknown","Other","Metal"
"152796","MU00029.004","New South Wales Sesquicentenary commemorative plate","Commemorative plates","Roslyn Russell collection","Other Collections","Ceramic","","","","","","","","https://collectionsearch.nma.gov.au/s/hw/EMU.EMUIRN/152796","2025-02-18","Unknown","Other","Ceramic"
"62126","2002.0021.0073","Queen Elizabeth II Silver Jubilee","Commemorative plates","Cecil Ballard Jnr collection","Cecil Ballard Jnr collection","Bone china","","","","","","","","https://collectionsearch.nma.gov.au/s/hw/EMU.EMUIRN/62126","2025-02-17","Unknown","Other","Ceramic"
"62096","2002.0021.0045.002","Souvenir Wedgewood Jasperware plate - Prince & Princess of Wales","Commemorative plates","Cecil Ballard Jnr collection","Cecil Ballard Jnr collection","Ceramic","","","","","","","","https://collectionsearch.nma.gov.au/s/hw/EMU.EMUIRN/62096","2026-07-10","Unknown","Other","Ceramic"
"62095","2002.0021.0045.001","Souvenir Wedgewood Jasperware plate - Prince & Princess of Wales","Commemorative plates","Cecil Ballard Jnr collection","Cecil Ballard Jnr collection","Ceramic","","","","","","","","https://collectionsearch.nma.gov.au/s/hw/EMU.EMUIRN/62095","2026-07-10","Unknown","Other","Ceramic"
"62122","2002.0021.0069","Souvenir Wedgewood Jasperware plate - Queen Elizabeth II","Commemorative plates","Cecil Ballard Jnr collection","Cecil Ballard Jnr collection","Ceramic","","","","","","","","https://collectionsearch.nma.gov.au/s/hw/EMU.EMUIRN/62122","2026-07-08","Unknown","Other","Ceramic"
"62173","2002.0021.0141","Souvenir plate - Bicentenary of Australia","Commemorative plates","Cecil Ballard Jnr collection","Cecil Ballard Jnr collection","Bone china","","","Australia","","Australia","","","https://collectionsearch.nma.gov.au/s/hw/EMU.EMUIRN/62173","2026-07-08","Unknown","Other","Ceramic"
"62076","2002.0021.0027","Souvenir plate - Birth of Prince William","Commemorative plates","Cecil Ballard Jnr collection","Cecil Ballard Jnr collection","Bone china","","","","","","","","https://collectionsearch.nma.gov.au/s/hw/EMU.EMUIRN/62076","2026-07-08","Unknown","Other","Ceramic"
"62071","2002.0021.0022","Souvenir plate - Diana Princess of Wales","Commemorative plates","Cecil Ballard Jnr collection","Cecil Ballard Jnr collection","Porcelain","","","","","","","","https://collectionsearch.nma.gov.au/s/hw/EMU.EMUIRN/62071","2026-07-08","Unknown","Other","Ceramic"
"62072","2002.0021.0023","Souvenir plate - Diana Princess of Wales","Commemorative plates","Cecil Ballard Jnr collection","Cecil Ballard Jnr collection","Porcelain","","","","","","","","https://collectionsearch.nma.gov.au/s/hw/EMU.EMUIRN/62072","2026-07-08","Unknown","Other","Ceramic"
"62064","2002.0021.0015","Souvenir plate - Duke & Duchess of York","Commemorative plates","Cecil Ballard Jnr collection","Cecil Ballard Jnr collection","Bone china","","","","","","","","https://collectionsearch.nma.gov.au/s/hw/EMU.EMUIRN/62064","2026-07-10","Unknown","Other","Ceramic"
"62062","2002.0021.0013","Souvenir plate - Duke & Duchess of York","Commemorative plates","Cecil Ballard Jnr collection","Cecil Ballard Jnr collection","Bone china","","","","","","","","https://collectionsearch.nma.gov.au/s/hw/EMU.EMUIRN/62062","2026-07-10","Unknown","Other","Ceramic"
"62066","2002.0021.0017","Souvenir plate - Lady Diana Spencer","Commemorative plates","Cecil Ballard Jnr collection","Cecil Ballard Jnr collection","Porcelain","","","","","","","","https://collectionsearch.nma.gov.au/s/hw/EMU.EMUIRN/62066","2026-07-08","Unknown","Other","Ceramic"
"62093","2002.0021.0043","Souvenir plate - Prince & Princess of Wales","Commemorative plates","Cecil Ballard Jnr collection","Cecil Ballard Jnr collection","Porcelain","","","","","","","","https://collectionsearch.nma.gov.au/s/hw/EMU.EMUIRN/62093","2026-07-02","Unknown","Other","Ceramic"
"62077","2002.0021.0028","Souvenir plate - Prince & Princess of Wales","Commemorative plates","Cecil Ballard Jnr collection","Cecil Ballard Jnr collection","Bone china","","","","","","","","https://collectionsearch.nma.gov.au/s/hw/EMU.EMUIRN/62077","2026-07-08","Unknown","Other","Ceramic"
"62061","2002.0021.0012","Souvenir plate - Prince Charles","Commemorative plates","Cecil Ballard Jnr collection","Cecil Ballard Jnr collection","Bone china","","","","","","","","https://collectionsearch.nma.gov.au/s/hw/EMU.EMUIRN/62061","2026-07-10","Unknown","Other","Ceramic"
"62079","2002.0021.0029.002","Souvenir plate - Prince Charles","Commemorative plates","Cecil Ballard Jnr collection","Cecil Ballard Jnr collection","Bone china","","","","","","","","https://collectionsearch.nma.gov.au/s/hw/EMU.EMUIRN/62079","2026-07-02","Unknown","Other","Ceramic"
"62103","2002.0021.0051","Souvenir plate - Prince Edward & Sophie Rhys-Jones","Commemorative plates","Cecil Ballard Jnr collection","Cecil Ballard Jnr collection","Bone china","","","","","","","","https://collectionsearch.nma.gov.au/s/hw/EMU.EMUIRN/62103","2026-07-02","Unknown","Other","Ceramic"
"62165","2002.0021.0113","Souvenir plate - Prince Philip","Commemorative plates","Cecil Ballard Jnr collection","Cecil Ballard Jnr collection","Porcelain","","","","","","","","https://collectionsearch.nma.gov.au/s/hw/EMU.EMUIRN/62165","2026-07-10","Unknown","Other","Ceramic"
"62049","2002.0021.0001","Souvenir plate - Princess Anne","Commemorative plates","Cecil Ballard Jnr collection","Cecil Ballard Jnr collection","Bone china","","","","","","","","https://collectionsearch.nma.gov.au/s/hw/EMU.EMUIRN/62049","2026-07-02","Unknown","Other","Ceramic"
"62050","2002.0021.0002","Souvenir plate - Princess Anne","Commemorative plates","Cecil Ballard Jnr collection","Cecil Ballard Jnr collection","Bone china","","","","","","","","https://collectionsearch.nma.gov.au/s/hw/EMU.EMUIRN/62050","2026-07-02","Unknown","Other","Ceramic"
"62078","2002.0021.0029.001","Souvenir plate - Princess Diana","Commemorative plates","Cecil Ballard Jnr collection","Cecil Ballard Jnr collection","Bone china","","","","","","","","https://collectionsearch.nma.gov.au/s/hw/EMU.EMUIRN/62078","2026-07-02","Unknown","Other","Ceramic"
"62051","2002.0021.0111","Souvenir plate - Princess Margaret","Commemorative plates","Cecil Ballard Jnr collection","Cecil Ballard Jnr collection","Bone china","","","","","","","","https://collectionsearch.nma.gov.au/s/hw/EMU.EMUIRN/62051","2026-07-02","Unknown","Other","Ceramic"
"67096","2002.0021.0134","Souvenir plate - Queen Anne","Commemorative plates","Cecil Ballard Jnr collection","Cecil Ballard Jnr collection","Porcelain","","","","","","","","https://collectionsearch.nma.gov.au/s/hw/EMU.EMUIRN/67096","2026-07-08","Unknown","Other","Ceramic"
"67068","2002.0021.0132","Souvenir plate - Queen Elizabeth I","Commemorative plates","Cecil Ballard Jnr collection","Cecil Ballard Jnr collection","Porcelain","","","","","","","","https://collectionsearch.nma.gov.au/s/hw/EMU.EMUIRN/67068","2026-07-08","Unknown","Other","Ceramic"
"62160","2002.0021.0107","Souvenir plate - Queen Elizabeth II","Commemorative plates","Cecil Ballard Jnr collection","Cecil Ballard Jnr collection","Porcelain","","","","","","","","https://collectionsearch.nma.gov.au/s/hw/EMU.EMUIRN/62160","2026-07-08","Unknown","Other","Ceramic"
"62159","2002.0021.0106","Souvenir plate - Queen Elizabeth II","Commemorative plates","Cecil Ballard Jnr collection","Cecil Ballard Jnr collection","Porcelain","","","","","","","","https://collectionsearch.nma.gov.au/s/hw/EMU.EMUIRN/62159","2026-07-02","Unknown","Other","Ceramic"
"62110","2002.0021.0058","Souvenir plate - Queen Elizabeth II","Commemorative plates","Cecil Ballard Jnr collection","Cecil Ballard Jnr collection","Porcelain","","","","","","","","https://collectionsearch.nma.gov.au/s/hw/EMU.EMUIRN/62110","2026-07-08","Unknown","Other","Ceramic"
"62130","2002.0021.0077","Souvenir plate - Queen Elizabeth II","Commemorative plates","Cecil Ballard Jnr collection","Cecil Ballard Jnr collection","Porcelain","","","","","","","","https://collectionsearch.nma.gov.au/s/hw/EMU.EMUIRN/62130","2026-07-10","Unknown","Other","Ceramic"
"62140","2002.0021.0087","Souvenir plate - Queen Elizabeth II","Commemorative plates","Cecil Ballard Jnr collection","Cecil Ballard Jnr collection","Bone china","","","","","","","","https://collectionsearch.nma.gov.au/s/hw/EMU.EMUIRN/62140","2026-07-02","Unknown","Other","Ceramic"
"62107","2002.0021.0055","Souvenir plate - Queen Elizabeth II","Commemorative plates","Cecil Ballard Jnr collection","Cecil Ballard Jnr collection","Bone china","","","","","","","","https://collectionsearch.nma.gov.au/s/hw/EMU.EMUIRN/62107","2026-07-02","Unknown","Other","Ceramic"
"62123","2002.0021.0070","Souvenir plate - Queen Elizabeth II","Commemorative plates","Cecil Ballard Jnr collection","Cecil Ballard Jnr collection","Bone china","","","","","","","","https://collectionsearch.nma.gov.au/s/hw/EMU.EMUIRN/62123","2026-07-08","Unknown","Other","Ceramic"
"62120","2002.0021.0067","Souvenir plate - Queen Elizabeth II","Commemorative plates","Cecil Ballard Jnr collection","Cecil Ballard Jnr collection","Bone china","","","","","","","","https://collectionsearch.nma.gov.au/s/hw/EMU.EMUIRN/62120","2026-07-08","Unknown","Other","Ceramic"
"62152","2002.0021.0099","Souvenir plate - Queen Elizabeth II","Commemorative plates","Cecil Ballard Jnr collection","Cecil Ballard Jnr collection","Bone china","","","","","","","","https://collectionsearch.nma.gov.au/s/hw/EMU.EMUIRN/62152","2026-07-10","Unknown","Other","Ceramic"
"62135","2002.0021.0082","Souvenir plate - Queen Elizabeth II","Commemorative plates","Cecil Ballard Jnr collection","Cecil Ballard Jnr collection","Bone china","","","","","","","","https://collectionsearch.nma.gov.au/s/hw/EMU.EMUIRN/62135","2026-07-02","Unknown","Other","Ceramic"
"62138","2002.0021.0085","Souvenir plate - Queen Elizabeth II","Commemorative plates","Cecil Ballard Jnr collection","Cecil Ballard Jnr collection","Bone china","","","","","","","","https://collectionsearch.nma.gov.au/s/hw/EMU.EMUIRN/62138","2026-07-10","Unknown","Other","Ceramic"
"62133","2002.0021.0080","Souvenir plate - Queen Elizabeth II","Commemorative plates","Cecil Ballard Jnr collection","Cecil Ballard Jnr collection","Bone china","","","","","","","","https://collectionsearch.nma.gov.au/s/hw/EMU.EMUIRN/62133","2026-07-02","Unknown","Other","Ceramic"
"62139","2002.0021.0086","Souvenir plate - Queen Elizabeth II","Commemorative plates","Cecil Ballard Jnr collection","Cecil Ballard Jnr collection","Bone china","","","Moscow, Russia; Saint Petersburg, Russia","","International","","","https://collectionsearch.nma.gov.au/s/hw/EMU.EMUIRN/62139","2026-07-02","Unknown","Other","Ceramic"
"62153","2002.0021.0100","Souvenir plate - Queen Elizabeth II and Prince Philip","Commemorative plates","Cecil Ballard Jnr collection","Cecil Ballard Jnr collection","Bone china","","","","","","","","https://collectionsearch.nma.gov.au/s/hw/EMU.EMUIRN/62153","2026-07-10","Unknown","Other","Ceramic"
"62131","2002.0021.0078","Souvenir plate - Queen Elizabeth II and the Duke of Edinburgh","Commemorative plates","Cecil Ballard Jnr collection","Cecil Ballard Jnr collection","Porcelain","","","","","","","","https://collectionsearch.nma.gov.au/s/hw/EMU.EMUIRN/62131","2026-07-10","Unknown","Other","Ceramic"
"67067","2002.0021.0119","Souvenir plate - Queen Mother","Commemorative plates","Cecil Ballard Jnr collection","Cecil Ballard Jnr collection","Porcelain","","","","","","","","https://collectionsearch.nma.gov.au/s/hw/EMU.EMUIRN/67067","2026-07-02","Unknown","Other","Ceramic"
"67059","2002.0021.0117","Souvenir plate - Queen Mother","Commemorative plates","Cecil Ballard Jnr collection","Cecil Ballard Jnr collection","Bone china","","","","","","","","https://collectionsearch.nma.gov.au/s/hw/EMU.EMUIRN/67059","2026-07-02","Unknown","Other","Ceramic"
"67106","2002.0021.0118","Souvenir plate - Queen Mother","Commemorative plates","Cecil Ballard Jnr collection","Cecil Ballard Jnr collection","Bone china","","","","","","","","https://collectionsearch.nma.gov.au/s/hw/EMU.EMUIRN/67106","2026-07-10","Unknown","Other","Ceramic"
"67094","2002.0021.0128","Souvenir plate - Queen Mother","Commemorative plates","Cecil Ballard Jnr collection","Cecil Ballard Jnr collection","Bone china","","","","","","","","https://collectionsearch.nma.gov.au/s/hw/EMU.EMUIRN/67094","2026-08-14","Unknown","Other","Ceramic"
"67076","2002.0021.0121","Souvenir plate - Queen Mother","Commemorative plates","Cecil Ballard Jnr collection","Cecil Ballard Jnr collection","Bone china","","","","","","","","https://collectionsearch.nma.gov.au/s/hw/EMU.EMUIRN/67076","2026-07-02","Unknown","Other","Ceramic"
"67060","2002.0021.0161","Souvenir plate - Queen Victoria","Commemorative plates","Cecil Ballard Jnr collection","Cecil Ballard Jnr collection","Porcelain","","","","","","","","https://collectionsearch.nma.gov.au/s/hw/EMU.EMUIRN/67060","2026-07-08","Unknown","Other","Ceramic"
"67095","2002.0021.0153","Souvenir plate - Royal Family","Commemorative plates","Cecil Ballard Jnr collection","Cecil Ballard Jnr collection","Bone china","","","","","","","","https://collectionsearch.nma.gov.au/s/hw/EMU.EMUIRN/67095","2026-07-02","Unknown","Other","Ceramic"
"67109","2002.0021.0158","Souvenir plate commemorating the birth of H.R.H. Prince William of Wales","Commemorative plates","Cecil Ballard Jnr collection","Cecil Ballard Jnr collection","Porcelain","","","","","","","","https://collectionsearch.nma.gov.au/s/hw/EMU.EMUIRN/67109","2026-07-02","Unknown","Other","Ceramic"
"67038","2002.0021.0143","Souvenir plate or dish - Royal Family","Commemorative plates","Cecil Ballard Jnr collection","Cecil Ballard Jnr collection","Bone china","","","","","","","","https://collectionsearch.nma.gov.au/s/hw/EMU.EMUIRN/67038","2026-07-02","Unknown","Other","Ceramic"
"67075","2002.0021.0151","Souvenir plate or dish - Royal Family","Commemorative plates","Cecil Ballard Jnr collection","Cecil Ballard Jnr collection","Bone china","","","","","","","","https://collectionsearch.nma.gov.au/s/hw/EMU.EMUIRN/67075","2026-07-10","Unknown","Other","Ceramic"
"62142","2002.0021.0089","Souvenir plate or dish to Commemorate Her Majesty the Queen's 40th anniversary","Commemorative plates","Cecil Ballard Jnr collection","Cecil Ballard Jnr collection","Bone china","","","","","","","","https://collectionsearch.nma.gov.au/s/hw/EMU.EMUIRN/62142","2026-07-02","Unknown","Other","Ceramic"
"62084","2002.0021.0034","Souvenir side plate - Prince & Princess of Wales","Commemorative plates","Cecil Ballard Jnr collection","Cecil Ballard Jnr collection","Porcelain","","","","","","","","https://collectionsearch.nma.gov.au/s/hw/EMU.EMUIRN/62084","2026-08-17","Unknown","Other","Ceramic"
"152795","MU00029.006","Victoria Centenary commemorative plate","Commemorative plates","Roslyn Russell collection","Other Collections","Ceramic","","","","","","","","https://collectionsearch.nma.gov.au/s/hw/EMU.EMUIRN/152795","2025-02-18","Unknown","Other","Ceramic"
"252863","2018.0007.0005","Western Australia","Commemorative plates","Dawn Waterhouse collection","Other Collections","Adhesive - non specific; Ink; Porcelain; paint","","","","","","","","https://collectionsearch.nma.gov.au/s/hw/EMU.EMUIRN/252863","2025-02-17","Unknown","Other","Paper"
"152794","MU00029.005","Western Australia Centenary commemorative plate","Commemorative plates","Roslyn Russell collection","Other Collections","Ceramic","","","","","","","","https://collectionsearch.nma.gov.au/s/hw/EMU.EMUIRN/152794","2025-02-18","Unknown","Other","Ceramic"
"38905","1989.0074.0139.003","Teaspoon for Australian Bicentennial Exhibition","Commemorative teaspoons","Australian Bicentennial Authority collection","Other Collections","Metal - non specific; Plastic - non specific","","","","","","","","https://collectionsearch.nma.gov.au/s/hw/EMU.EMUIRN/38905","2024-07-11","Unknown","Other","Metal"
"46444","1991.0024.4371","Miniature wooden container with incised decoration","Containers","Aboriginal Arts Board collection no. 2","Other Collections","Wood","","","","","","","","https://collectionsearch.nma.gov.au/s/hw/EMU.EMUIRN/46444","2025-02-18","Unknown","Other","Wood"
"46205","1991.0024.4143","Miniature wooden container with pokerwork decoration","Containers","Aboriginal Arts Board collection no. 2","Other Collections","Wood","","","","","","","","https://collectionsearch.nma.gov.au/s/hw/EMU.EMUIRN/46205","2025-02-18","Unknown","Other","Wood"
"130151","2007.0050.0002","Convict love token","Convict love tokens","Convict Love Token collection no. 2","Other Collections","Metal - non specific","","","","","","","","https://collectionsearch.nma.gov.au/s/hw/EMU.EMUIRN/130151","2025-09-03","Unknown","Tokens","Metal"
"163561","2008.0039.0299","Convict love token captioned ""When this you se""","Convict love tokens","Timothy Millett collection","Timothy Millett collection","Metal - non specific","","","","","","","","https://collectionsearch.nma.gov.au/s/hw/EMU.EMUIRN/163561","2026-08-10","Unknown","Tokens","Metal"
"163661","2008.0039.0303","Convict love token captioned ""When this you see""","Convict love tokens","Timothy Millett collection","Timothy Millett collection","Metal - non specific","","","","","","","","https://collectionsearch.nma.gov.au/s/hw/EMU.EMUIRN/163661","2026-08-10","Unknown","Tokens","Metal"
"162804","2008.0039.0267","Convict love token engraved with the initials E.M. and B.M.","Convict love tokens","Timothy Millett collection","Timothy Millett collection","Metal - non specific","","","","","","","","https://collectionsearch.nma.gov.au/s/hw/EMU.EMUIRN/162804","2026-08-10","Unknown","Tokens","Metal"
"162818","2008.0039.0274","Convict love token engraved with the initials H.D. and S.S.","Convict love tokens","Timothy Millett collection","Timothy Millett collection","Metal - non specific","","","","","","","","https://collectionsearch.nma.gov.au/s/hw/EMU.EMUIRN/162818","2026-08-10","Unknown","Tokens","Metal"
"162602","2008.0039.0209","Convict love token engraved with the name Frost","Convict love tokens","Timothy Millett collection","Timothy Millett collection","Metal - non specific","","","","","","","","https://collectionsearch.nma.gov.au/s/hw/EMU.EMUIRN/162602","2026-08-10","Unknown","Tokens","Metal"
"163670","2008.0039.0312","Convict love token engraved with the name Jane Jones","Convict love tokens","Timothy Millett collection","Timothy Millett collection","Metal - non specific","","","","","","","","https://collectionsearch.nma.gov.au/s/hw/EMU.EMUIRN/163670","2026-08-10","Unknown","Tokens","Metal"
"162601","2008.0039.0208","Convict love token engraved with the name Maule Fox","Convict love tokens","Timothy Millett collection","Timothy Millett collection","Metal - non specific","","","","","","","","https://collectionsearch.nma.gov.au/s/hw/EMU.EMUIRN/162601","2026-08-10","Unknown","Tokens","Metal"
"162813","2008.0039.0270","Convict love token engraved with the names E. Frost, M. Throne, S. Noon","Convict love tokens","Timothy Millett collection","Timothy Millett collection","Metal - non specific","","","","","","","","https://collectionsearch.nma.gov.au/s/hw/EMU.EMUIRN/162813","2026-08-10","Unknown","Tokens","Metal"
"161094","2008.0039.0101","Convict love token engraved with the names H. Orum and H. Cutler","Convict love tokens","Timothy Millett collection","Timothy Millett collection","Metal - non specific","","","","","","","","https://collectionsearch.nma.gov.au/s/hw/EMU.EMUIRN/161094","2026-08-10","Unknown","Tokens","Metal"
"162603","2008.0039.0210","Convict love token engraved with the text WELSH MARTYRS","Convict love tokens","Timothy Millett collection","Timothy Millett collection","Metal - non specific","","","","","","","","https://collectionsearch.nma.gov.au/s/hw/EMU.EMUIRN/162603","2026-08-10","Unknown","Tokens","Metal"
"163663","2008.0039.0305","Convict love token for Martha Tarlton","Convict love tokens","Timothy Millett collection","Timothy Millett collection","Metal - non specific","","","","","","","","https://collectionsearch.nma.gov.au/s/hw/EMU.EMUIRN/163663","2026-08-10","Unknown","Tokens","Metal"
"162793","2008.0039.0258","Convict love token from A.B.","Convict love tokens","Timothy Millett collection","Timothy Millett collection","Metal - non specific","","","","","","","","https://collectionsearch.nma.gov.au/s/hw/EMU.EMUIRN/162793","2026-08-10","Unknown","Tokens","Metal"
"162796","2008.0039.0261","Convict love token from Birmingham Bill","Convict love tokens","Timothy Millett collection","Timothy Millett collection","Metal - non specific","","","","","","","","https://collectionsearch.nma.gov.au/s/hw/EMU.EMUIRN/162796","2026-08-10","Unknown","Tokens","Metal"
"162820","2008.0039.0276","Convict love token from E. Haddon","Convict love tokens","Timothy Millett collection","Timothy Millett collection","Metal - non specific","","","","","","","","https://collectionsearch.nma.gov.au/s/hw/EMU.EMUIRN/162820","2026-08-10","Unknown","Tokens","Metal"
"162802","2008.0039.0265","Convict love token from E.A.","Convict love tokens","Timothy Millett collection","Timothy Millett collection","Metal - non specific","","","","","","","","https://collectionsearch.nma.gov.au/s/hw/EMU.EMUIRN/162802","2025-09-03","Unknown","Tokens","Metal"
"162803","2008.0039.0266","Convict love token from E.B.","Convict love tokens","Timothy Millett collection","Timothy Millett collection","Metal - non specific","","","","","","","","https://collectionsearch.nma.gov.au/s/hw/EMU.EMUIRN/162803","2026-08-10","Unknown","Tokens","Metal"
"162805","2008.0039.0268","Convict love token from E.H. Elliot","Convict love tokens","Timothy Millett collection","Timothy Millett collection","Metal - non specific","","","","","","","","https://collectionsearch.nma.gov.au/s/hw/EMU.EMUIRN/162805","2026-08-10","Unknown","Tokens","Metal"
"162794","2008.0039.0259","Convict love token from G. Barker","Convict love tokens","Timothy Millett collection","Timothy Millett collection","Metal - non specific","","","","","","","","https://collectionsearch.nma.gov.au/s/hw/EMU.EMUIRN/162794","2026-08-10","Unknown","Tokens","Metal"
"162815","2008.0039.0272","Convict love token from G. Green","Convict love tokens","Timothy Millett collection","Timothy Millett collection","Metal - non specific","","","","","","","","https://collectionsearch.nma.gov.au/s/hw/EMU.EMUIRN/162815","2026-08-10","Unknown","Tokens","Metal"
"163422","2008.0039.0286","Convict love token from George Norman","Convict love tokens","Timothy Millett collection","Timothy Millett collection","Metal - non specific","","","","","","","","https://collectionsearch.nma.gov.au/s/hw/EMU.EMUIRN/163422","2026-08-10","Unknown","Tokens","Metal"
"162819","2008.0039.0275","Convict love token from H.H.","Convict love tokens","Timothy Millett collection","Timothy Millett collection","Metal - non specific","","","","","","","","https://collectionsearch.nma.gov.au/s/hw/EMU.EMUIRN/162819","2026-08-10","Unknown","Tokens","Metal"
"163413","2008.0039.0284","Convict love token from Henry Ledger","Convict love tokens","Timothy Millett collection","Timothy Millett collection","Metal - non specific","","","","","","","","https://collectionsearch.nma.gov.au/s/hw/EMU.EMUIRN/163413","2026-08-10","Unknown","Tokens","Metal"
"162814","2008.0039.0271","Convict love token from I. Gardinner","Convict love tokens","Timothy Millett collection","Timothy Millett collection","Metal - non specific","","","","","","","","https://collectionsearch.nma.gov.au/s/hw/EMU.EMUIRN/162814","2026-08-10","Unknown","Tokens","Metal"
"163435","2008.0039.0296","Convict love token from I. Worner","Convict love tokens","Timothy Millett collection","Timothy Millett collection","Metal - non specific","","","","","","","","https://collectionsearch.nma.gov.au/s/hw/EMU.EMUIRN/163435","2026-08-10","Unknown","Tokens","Metal"
"162109","2008.0039.0194","Convict love token from J. Day","Convict love tokens","Timothy Millett collection","Timothy Millett collection","Metal - non specific","","","","","","","","https://collectionsearch.nma.gov.au/s/hw/EMU.EMUIRN/162109","2025-02-23","Unknown","Tokens","Metal"
"162806","2008.0039.0269","Convict love token from J. Fletcher","Convict love tokens","Timothy Millett collection","Timothy Millett collection","Metal - non specific","","","","","","","","https://collectionsearch.nma.gov.au/s/hw/EMU.EMUIRN/162806","2026-08-10","Unknown","Tokens","Metal"
"162822","2008.0039.0278","Convict love token from J. Hooper","Convict love tokens","Timothy Millett collection","Timothy Millett collection","Metal - non specific","","","","","","","","https://collectionsearch.nma.gov.au/s/hw/EMU.EMUIRN/162822","2025-09-03","Unknown","Tokens","Metal"
"163410","2008.0039.0282","Convict love token from J. Jordan","Convict love tokens","Timothy Millett collection","Timothy Millett collection","Metal - non specific","","","","","","","","https://collectionsearch.nma.gov.au/s/hw/EMU.EMUIRN/163410","2026-08-10","Unknown","Tokens","Metal"
"163433","2008.0039.0294","Convict love token from J. Williams","Convict love tokens","Timothy Millett collection","Timothy Millett collection","Metal - non specific","","","","","","","","https://collectionsearch.nma.gov.au/s/hw/EMU.EMUIRN/163433","2026-08-10","Unknown","Tokens","Metal"
"163434","2008.0039.0295","Convict love token from J. Winterson","Convict love tokens","Timothy Millett collection","Timothy Millett collection","Metal - non specific","","","","","","","","https://collectionsearch.nma.gov.au/s/hw/EMU.EMUIRN/163434","2026-08-10","Unknown","Tokens","Metal"
"162824","2008.0039.0280","Convict love token from J.B.H.","Convict love tokens","Timothy Millett collection","Timothy Millett collection","Metal - non specific","","","","","","","","https://collectionsearch.nma.gov.au/s/hw/EMU.EMUIRN/162824","2026-08-10","Unknown","Tokens","Metal"
"162823","2008.0039.0279","Convict love token from J.E.","Convict love tokens","Timothy Millett collection","Timothy Millett collection","Metal - non specific","","","","","","","","https://collectionsearch.nma.gov.au/s/hw/EMU.EMUIRN/162823","2025-09-03","Unknown","Tokens","Metal"
"163409","2008.0039.0281","Convict love token from J.P.","Convict love tokens","Timothy Millett collection","Timothy Millett collection","Metal - non specific","","","","","","","","https://collectionsearch.nma.gov.au/s/hw/EMU.EMUIRN/163409","2026-08-10","Unknown","Tokens","Metal"
"162797","2008.0039.0262","Convict love token from James Blanch","Convict love tokens","Timothy Millett collection","Timothy Millett collection","Metal - non specific","","","","","","","","https://collectionsearch.nma.gov.au/s/hw/EMU.EMUIRN/162797","2026-08-10","Unknown","Tokens","Metal"
"163411","2008.0039.0283","Convict love token from James Keen","Convict love tokens","Timothy Millett collection","Timothy Millett collection","Metal - non specific","","","","","","","","https://collectionsearch.nma.gov.au/s/hw/EMU.EMUIRN/163411","2026-08-10","Unknown","Tokens","Metal"
"162800","2008.0039.0263","Convict love token from Jn Cole","Convict love tokens","Timothy Millett collection","Timothy Millett collection","Metal - non specific","","","","","","","","https://collectionsearch.nma.gov.au/s/hw/EMU.EMUIRN/162800","2026-08-10","Unknown","Tokens","Metal"
"160343","2008.0039.0113","Convict love token from John Gardiner","Convict love tokens","Timothy Millett collection","Timothy Millett collection","Metal - non specific","","","","","","","","https://collectionsearch.nma.gov.au/s/hw/EMU.EMUIRN/160343","2026-08-10","Unknown","Tokens","Metal"
"162816","2008.0039.0273","Convict love token from John Giddens","Convict love tokens","Timothy Millett collection","Timothy Millett collection","Metal - non specific","","","","","","","","https://collectionsearch.nma.gov.au/s/hw/EMU.EMUIRN/162816","2026-08-10","Unknown","Tokens","Metal"
"163662","2008.0039.0304","Convict love token from John Morris","Convict love tokens","Timothy Millett collection","Timothy Millett collection","Metal - non specific","","","","","","","","https://collectionsearch.nma.gov.au/s/hw/EMU.EMUIRN/163662","2026-08-10","Unknown","Tokens","Metal"
"162801","2008.0039.0264","Convict love token from R. Cooper","Convict love tokens","Timothy Millett collection","Timothy Millett collection","Metal - non specific","","","","","","","","https://collectionsearch.nma.gov.au/s/hw/EMU.EMUIRN/162801","2026-08-10","Unknown","Tokens","Metal"
"163427","2008.0039.0288","Convict love token from R.S.","Convict love tokens","Timothy Millett collection","Timothy Millett collection","Metal - non specific","","","","","","","","https://collectionsearch.nma.gov.au/s/hw/EMU.EMUIRN/163427","2026-08-10","Unknown","Tokens","Metal"
"163429","2008.0039.0290","Convict love token from Scott","Convict love tokens","Timothy Millett collection","Timothy Millett collection","Metal - non specific","","","","","","","","https://collectionsearch.nma.gov.au/s/hw/EMU.EMUIRN/163429","2026-08-10","Unknown","Tokens","Metal"
"163428","2008.0039.0289","Convict love token from T.B.","Convict love tokens","Timothy Millett collection","Timothy Millett collection","Metal - non specific","","","","","","","","https://collectionsearch.nma.gov.au/s/hw/EMU.EMUIRN/163428","2026-08-10","Unknown","Tokens","Metal"
"163431","2008.0039.0292","Convict love token from T.N.","Convict love tokens","Timothy Millett collection","Timothy Millett collection","Metal - non specific","","","","","","","","https://collectionsearch.nma.gov.au/s/hw/EMU.EMUIRN/163431","2026-08-10","Unknown","Tokens","Metal"
"160511","2008.0039.0131","Convict love token from Thomas King","Convict love tokens","Timothy Millett collection","Timothy Millett collection","Metal - non specific","","","","","","","","https://collectionsearch.nma.gov.au/s/hw/EMU.EMUIRN/160511","2026-08-10","Unknown","Tokens","Metal"
"162795","2008.0039.0260","Convict love token from W. Barnett","Convict love tokens","Timothy Millett collection","Timothy Millett collection","Metal - non specific","","","","","","","","https://collectionsearch.nma.gov.au/s/hw/EMU.EMUIRN/162795","2026-08-10","Unknown","Tokens","Metal"
"163426","2008.0039.0287","Convict love token from W. Palmer","Convict love tokens","Timothy Millett collection","Timothy Millett collection","Metal - non specific","","","","","","","","https://collectionsearch.nma.gov.au/s/hw/EMU.EMUIRN/163426","2026-08-10","Unknown","Tokens","Metal"
"162821","2008.0039.0277","Convict love token from William Holland","Convict love tokens","Timothy Millett collection","Timothy Millett collection","Metal - non specific","","","","","","","","https://collectionsearch.nma.gov.au/s/hw/EMU.EMUIRN/162821","2026-08-10","Unknown","Tokens","Metal"
"163418","2008.0039.0285","Convict love token from William Maycock","Convict love tokens","Timothy Millett collection","Timothy Millett collection","Metal - non specific","","","","","","","","https://collectionsearch.nma.gov.au/s/hw/EMU.EMUIRN/163418","2026-08-10","Unknown","Tokens","Metal"
"163430","2008.0039.0291","Convict love token from William Taffs","Convict love tokens","Timothy Millett collection","Timothy Millett collection","Metal - non specific","","","","","","","","https://collectionsearch.nma.gov.au/s/hw/EMU.EMUIRN/163430","2026-08-10","Unknown","Tokens","Metal"
"163432","2008.0039.0293","Convict love token from William Weir","Convict love tokens","Timothy Millett collection","Timothy Millett collection","Metal - non specific","","","","","","","","https://collectionsearch.nma.gov.au/s/hw/EMU.EMUIRN/163432","2026-08-10","Unknown","Tokens","Metal"
"163667","2008.0039.0309","Convict love token showing a couple in elegant dress","Convict love tokens","Timothy Millett collection","Timothy Millett collection","Metal - non specific","","","","","","","","https://collectionsearch.nma.gov.au/s/hw/EMU.EMUIRN/163667","2026-08-10","Unknown","Tokens","Metal"
"163562","2008.0039.0300","Convict love token to Maria","Convict love tokens","Timothy Millett collection","Timothy Millett collection","Metal - non specific","","","","","","","","https://collectionsearch.nma.gov.au/s/hw/EMU.EMUIRN/163562","2025-02-23","Unknown","Tokens","Metal"
"163559","2008.0039.0297","Convict love token with a cross on a stand","Convict love tokens","Timothy Millett collection","Timothy Millett collection","Metal - non specific","","","","","","","","https://collectionsearch.nma.gov.au/s/hw/EMU.EMUIRN/163559","2026-08-10","Unknown","Tokens","Metal"
"163565","2008.0039.0302","Convict love token with a woman with an anchor","Convict love tokens","Timothy Millett collection","Timothy Millett collection","Metal - non specific","","","","","","","","https://collectionsearch.nma.gov.au/s/hw/EMU.EMUIRN/163565","2026-08-10","Unknown","Tokens","Metal"
"163563","2008.0039.0301","Convict love token with the initials E.I., M.I., G.N. and S.O.","Convict love tokens","Timothy Millett collection","Timothy Millett collection","Metal - non specific","","","","","","","","https://collectionsearch.nma.gov.au/s/hw/EMU.EMUIRN/163563","2026-08-10","Unknown","Tokens","Metal"
"163560","2008.0039.0298","Convict love token with the name and date removed","Convict love tokens","Timothy Millett collection","Timothy Millett collection","Metal - non specific","","","","","","","","https://collectionsearch.nma.gov.au/s/hw/EMU.EMUIRN/163560","2026-08-10","Unknown","Tokens","Metal"
"72760","2002.0078.0004","Australian Women's Weekly Cookery for Parties - Catering, Organising, Decoration - Prize Recipes in £3000 Competition","Cookbooks","Cookbook Collection","Other Collections","Paper","","","","","","","","https://collectionsearch.nma.gov.au/s/hw/EMU.EMUIRN/72760","2025-02-24","Unknown","Other","Paper"
"56825","1995.0036.0066.001","Cufflink with building and compass decoration","Cufflinks","Ronald L Gale Masonic collection no. 1","Other Collections","Metal - non specific","","","","","","","","https://collectionsearch.nma.gov.au/s/hw/EMU.EMUIRN/56825","2021-05-11","Unknown","Other","Metal"
"56826","1995.0036.0066.002","Cufflink with building and compass decoration","Cufflinks","Ronald L Gale Masonic collection no. 1","Other Collections","Metal - non specific","","","","","","","","https://collectionsearch.nma.gov.au/s/hw/EMU.EMUIRN/56826","2021-05-11","Unknown","Other","Metal"
"56821","1995.0036.0065","Pair of cufflinks with masonic temple and compass decoration","Cufflinks","Ronald L Gale Masonic collection no. 1","Other Collections","Metal - non specific","","","","","","","","https://collectionsearch.nma.gov.au/s/hw/EMU.EMUIRN/56821","2026-09-09","Unknown","Other","Metal"
"109287","2006.0031.0121","Commemorative book","Cut-out books","Professor Peter Spearritt collection no. 2","Other Collections","Cardboard","","","","","","","","https://collectionsearch.nma.gov.au/s/hw/EMU.EMUIRN/109287","2025-02-24","Unknown","Other","Paper"
"120229","2005.0005.1381.032","Blue and gold coloured dance program with a cherub decoration on the front and a green ribbon attached","Dance programs","Springfield - Faithfull Family collection","Springfield - Faithfull Family collection","Paper","","","","","","","","https://collectionsearch.nma.gov.au/s/hw/EMU.EMUIRN/120229","2025-02-24","Unknown","Other","Paper"
"271977","2021.0011.0047","Commemorative sweet dish featuring King Edward VIII, Radford","Dessert dishes","Gary Whipp collection","Gary Whipp collection","Glazed ceramic; Paint - non specific","","","","","","","","https://collectionsearch.nma.gov.au/s/hw/EMU.EMUIRN/271977","2026-09-08","Unknown","Other","Ceramic"
"221968","2007.0084.0303.002","Cardboard box base for large wooden commemorative key presented to John Warren","Display boxes","John 'Johnny' Warren collection","Other Collections","Cardboard; Silk cloth","","","","","","","","https://collectionsearch.nma.gov.au/s/hw/EMU.EMUIRN/221968","2022-03-30","Unknown","Other","Paper"
"111060","2005.0005.0197.003","Glass dome for a white ceramic urn-shaped vase with gold-plated exterior and hand painted decoration","Display domes","Springfield - Faithfull Family collection","Springfield - Faithfull Family collection","Glass; Wool - non specific","","","","","","","","https://collectionsearch.nma.gov.au/s/hw/EMU.EMUIRN/111060","2025-03-03","Unknown","Other","Textile"
"120079","2005.0005.1456","Envelope containing handwritten notes and postage stamps","Documents","Springfield - Faithfull Family collection","Springfield - Faithfull Family collection","","","","","","","","","https://collectionsearch.nma.gov.au/s/hw/EMU.EMUIRN/120079","2026-09-08","Unknown","Other","Unspecified"
"231467","AR00237.002","Paperwork associated with commemorative airmail box","Documents","Glenn Piper collection","Other Collections","Paper","","","","","","","","https://collectionsearch.nma.gov.au/s/hw/EMU.EMUIRN/231467","2021-05-11","Unknown","Other","Paper"
"42731","1991.0024.0674","Child's drawing - This is all the Gurindji mob walking down to Wattie Creek because the man didn't give them money by Jerry Jangala King, Wattie Creek NT","Drawings","Aboriginal Arts Board collection no. 2","Other Collections","Ink; Paint - non specific; Paper","","","Wattie Creek, Northern Territory, Australia","Northern Territory","Australia","-12.4634","130.8456","https://collectionsearch.nma.gov.au/s/hw/EMU.EMUIRN/42731","2025-02-26","Unknown","Other","Paper"
"128385","1986.0009.0614","Commemorative envelopes","Envelopes","Austin Byrne collection no. 1","Other Collections","Ink; Paper","","","London, England; Melbourne, Victoria, Australia","Victoria","Australia","-37.8136","144.9631","https://collectionsearch.nma.gov.au/s/hw/EMU.EMUIRN/128385","2025-02-23","Unknown","Stamps","Paper"
"36687","1987.0085.0030","Green envelope with red postage stamp","Envelopes","Adam Warzel collection","Other Collections","","","","","","","","","https://collectionsearch.nma.gov.au/s/hw/EMU.EMUIRN/36687","2025-02-24","Unknown","Stamps","Unspecified"
"128017","2007.0018.0016","Tax Stamps sheet","Financial records","Carmelo Mirabelli collection no. 1","Other Collections","Paper","","","Shepparton, Goulburn Valley, Victoria, Australia","Victoria","Australia","-37.8136","144.9631","https://collectionsearch.nma.gov.au/s/hw/EMU.EMUIRN/128017","2025-02-24","Unknown","Other","Paper"
"262715","2020.0002.0270","Gold fob chain with two medals","Fobs","Trevor Kennedy collection","Other Collections","Gold; Metal - non specific","","","","","","","","https://collectionsearch.nma.gov.au/s/hw/EMU.EMUIRN/262715","2025-11-18","Unknown","Other","Metal"
"143924","1988.0083.0132","Manilla folder titled ""Incoming money for Peace Bus""","Folders","People for Nuclear Disarmament collection no. 1","Other Collections","Ink; Paper","","","","","","","","https://collectionsearch.nma.gov.au/s/hw/EMU.EMUIRN/143924","2025-02-25","Unknown","Other","Paper"
"108495","2007.0101.0017","Aeroplane wedding cake decoration","Food decorations","Parsons collection","Other Collections","Paint - non specific","","","","","","","","https://collectionsearch.nma.gov.au/s/hw/EMU.EMUIRN/108495","2025-02-17","Unknown","Medals","Other / unclear"
"220760","2007.0101.0016.003","Dove-shaped wedding cake decoration","Food decorations","Parsons collection","Other Collections","Metal - non specific","","","","","","","","https://collectionsearch.nma.gov.au/s/hw/EMU.EMUIRN/220760","2022-01-20","Unknown","Medals","Metal"
"220759","2007.0101.0016.002","Dove-shaped wedding cake decoration","Food decorations","Parsons collection","Other Collections","Metal - non specific","","","","","","","","https://collectionsearch.nma.gov.au/s/hw/EMU.EMUIRN/220759","2022-01-20","Unknown","Medals","Metal"
"220758","2007.0101.0016.001","Dove-shaped wedding cake decoration","Food decorations","Parsons collection","Other Collections","Metal - non specific","","","","","","","","https://collectionsearch.nma.gov.au/s/hw/EMU.EMUIRN/220758","2022-01-20","Unknown","Medals","Metal"
"120935","2005.0005.1073.016","Lace-edged drawer liner featuring a paper cut-out rose decoration over a white satin insert","Furniture accessories","Springfield - Faithfull Family collection","Springfield - Faithfull Family collection","Paper; Satin; Textile - non specific","","","","","","","","https://collectionsearch.nma.gov.au/s/hw/EMU.EMUIRN/120935","2025-02-24","Unknown","Other","Metal"
"140124","1989.0012.0003","Lake Pedder Penny","Geological specimens","John Dean collection","Other Collections","Stone - non specific","","","Franklin River, Tasmania, Australia; Gordon River, Tasmania, Australia; Lake Pedder, Tasmania, Australia","Tasmania","Australia","-43.0","146.13","https://collectionsearch.nma.gov.au/s/hw/EMU.EMUIRN/140124","2025-02-17","Unknown","Other","Stone / mineral"
"140123","1989.0012.0002","Lake Pedder Penny","Geological specimens","John Dean collection","Other Collections","Stone - non specific","","","Franklin River, Tasmania, Australia; Gordon River, Tasmania, Australia; Lake Pedder, Tasmania, Australia","Tasmania","Australia","-43.0","146.13","https://collectionsearch.nma.gov.au/s/hw/EMU.EMUIRN/140123","2025-02-17","Unknown","Other","Stone / mineral"
"140120","1989.0012.0001","Lake Pedder Penny","Geological specimens","John Dean collection","Other Collections","Stone - non specific","","","Franklin River, Tasmania, Australia; Gordon River, Tasmania, Australia; Lake Pedder, Tasmania, Australia","Tasmania","Australia","-43.0","146.13","https://collectionsearch.nma.gov.au/s/hw/EMU.EMUIRN/140120","2025-02-17","Unknown","Other","Stone / mineral"
"51985","1993.0002.0300.005","Pebble from Lake Pedder, referred to as a Pedder Penny","Geological specimens","Bob Brown collection no. 1","Other Collections","Stone - non specific","","","Lake Pedder, Tasmania, Australia","Tasmania","Australia","-42.8821","147.3272","https://collectionsearch.nma.gov.au/s/hw/EMU.EMUIRN/51985","2019-01-21","Unknown","Other","Stone / mineral"
"51983","1993.0002.0300.003","Pebble from Lake Pedder, referred to as a Pedder Penny","Geological specimens","Bob Brown collection no. 1","Other Collections","Stone - non specific","","","Lake Pedder, Tasmania, Australia","Tasmania","Australia","-42.8821","147.3272","https://collectionsearch.nma.gov.au/s/hw/EMU.EMUIRN/51983","2019-01-21","Unknown","Other","Stone / mineral"
"51815","1993.0002.0136","Pebble from Lake Pedder, referred to as a Pedder Penny","Geological specimens","Bob Brown collection no. 1","Other Collections","Stone - non specific","","","Lake Pedder, Tasmania, Australia; South West Tasmania, Tasmania, Australia","Tasmania","Australia","-42.8821","147.3272","https://collectionsearch.nma.gov.au/s/hw/EMU.EMUIRN/51815","2025-02-23","Unknown","Other","Stone / mineral"
"51816","1993.0002.0137","Pebble from Lake Pedder, referred to as a Pedder Penny","Geological specimens","Bob Brown collection no. 1","Other Collections","Stone - non specific","","","Lake Pedder, Tasmania, Australia; South West Tasmania, Tasmania, Australia","Tasmania","Australia","-42.8821","147.3272","https://collectionsearch.nma.gov.au/s/hw/EMU.EMUIRN/51816","2025-02-23","Unknown","Other","Stone / mineral"
"51817","1993.0002.0138","Pebble from Lake Pedder, referred to as a Pedder Penny","Geological specimens","Bob Brown collection no. 1","Other Collections","Stone - non specific","","","Lake Pedder, Tasmania, Australia; South West Tasmania, Tasmania, Australia","Tasmania","Australia","-42.8821","147.3272","https://collectionsearch.nma.gov.au/s/hw/EMU.EMUIRN/51817","2025-02-23","Unknown","Other","Stone / mineral"
"51814","1993.0002.0135","Pebble from Lake Pedder, referred to as a Pedder Penny","Geological specimens","Bob Brown collection no. 1","Other Collections","Stone - non specific","","","Lake Pedder, Tasmania, Australia; South West Tasmania, Tasmania, Australia","Tasmania","Australia","-42.8821","147.3272","https://collectionsearch.nma.gov.au/s/hw/EMU.EMUIRN/51814","2025-02-23","Unknown","Other","Stone / mineral"
"51869","1993.0002.0190","Pebble from Lake Pedder, referred to as a Pedder Penny","Geological specimens","Bob Brown collection no. 1","Other Collections","Stone - non specific","","","Lake Pedder, Tasmania, Australia; South West Tasmania, Tasmania, Australia","Tasmania","Australia","-42.8821","147.3272","https://collectionsearch.nma.gov.au/s/hw/EMU.EMUIRN/51869","2025-02-23","Unknown","Other","Stone / mineral"
"51876","1993.0002.0197","Pebble from Lake Pedder, referred to as a Pedder Penny","Geological specimens","Bob Brown collection no. 1","Other Collections","Stone - non specific","","","Lake Pedder, Tasmania, Australia; South West Tasmania, Tasmania, Australia","Tasmania","Australia","-42.8821","147.3272","https://collectionsearch.nma.gov.au/s/hw/EMU.EMUIRN/51876","2025-02-23","Unknown","Other","Stone / mineral"
"51870","1993.0002.0191","Pebble from Lake Pedder, referred to as a Pedder Penny","Geological specimens","Bob Brown collection no. 1","Other Collections","Stone - non specific","","","Lake Pedder, Tasmania, Australia; South West Tasmania, Tasmania, Australia","Tasmania","Australia","-42.8821","147.3272","https://collectionsearch.nma.gov.au/s/hw/EMU.EMUIRN/51870","2025-02-23","Unknown","Other","Stone / mineral"
"51871","1993.0002.0192","Pebble from Lake Pedder, referred to as a Pedder Penny","Geological specimens","Bob Brown collection no. 1","Other Collections","Stone - non specific","","","Lake Pedder, Tasmania, Australia; South West Tasmania, Tasmania, Australia","Tasmania","Australia","-42.8821","147.3272","https://collectionsearch.nma.gov.au/s/hw/EMU.EMUIRN/51871","2025-02-23","Unknown","Other","Stone / mineral"
"51827","1993.0002.0148","Pebble from Lake Pedder, referred to as a Pedder Penny","Geological specimens","Bob Brown collection no. 1","Other Collections","Stone - non specific","","","Lake Pedder, Tasmania, Australia; South West Tasmania, Tasmania, Australia","Tasmania","Australia","-42.8821","147.3272","https://collectionsearch.nma.gov.au/s/hw/EMU.EMUIRN/51827","2025-02-23","Unknown","Other","Stone / mineral"
"51872","1993.0002.0193","Pebble from Lake Pedder, referred to as a Pedder Penny","Geological specimens","Bob Brown collection no. 1","Other Collections","Stone - non specific","","","Lake Pedder, Tasmania, Australia; South West Tasmania, Tasmania, Australia","Tasmania","Australia","-42.8821","147.3272","https://collectionsearch.nma.gov.au/s/hw/EMU.EMUIRN/51872","2025-02-23","Unknown","Other","Stone / mineral"
"51875","1993.0002.0196","Pebble from Lake Pedder, referred to as a Pedder Penny","Geological specimens","Bob Brown collection no. 1","Other Collections","Stone - non specific","","","Lake Pedder, Tasmania, Australia; South West Tasmania, Tasmania, Australia","Tasmania","Australia","-42.8821","147.3272","https://collectionsearch.nma.gov.au/s/hw/EMU.EMUIRN/51875","2025-02-23","Unknown","Other","Stone / mineral"
"51832","1993.0002.0153","Pebble from Lake Pedder, referred to as a Pedder Penny","Geological specimens","Bob Brown collection no. 1","Other Collections","Stone - non specific","","","Lake Pedder, Tasmania, Australia; South West Tasmania, Tasmania, Australia","Tasmania","Australia","-42.8821","147.3272","https://collectionsearch.nma.gov.au/s/hw/EMU.EMUIRN/51832","2025-02-23","Unknown","Other","Stone / mineral"
"51800","1993.0002.0121","Pebble from Lake Pedder, referred to as a Pedder Penny","Geological specimens","Bob Brown collection no. 1","Other Collections","Stone - non specific","","","Lake Pedder, Tasmania, Australia; South West Tasmania, Tasmania, Australia","Tasmania","Australia","-42.8821","147.3272","https://collectionsearch.nma.gov.au/s/hw/EMU.EMUIRN/51800","2025-02-23","Unknown","Other","Stone / mineral"
"51804","1993.0002.0125","Pebble from Lake Pedder, referred to as a Pedder Penny","Geological specimens","Bob Brown collection no. 1","Other Collections","Stone - non specific","","","Lake Pedder, Tasmania, Australia; South West Tasmania, Tasmania, Australia","Tasmania","Australia","-42.8821","147.3272","https://collectionsearch.nma.gov.au/s/hw/EMU.EMUIRN/51804","2025-02-23","Unknown","Other","Stone / mineral"
"51809","1993.0002.0130","Pebble from Lake Pedder, referred to as a Pedder Penny","Geological specimens","Bob Brown collection no. 1","Other Collections","Stone - non specific","","","Lake Pedder, Tasmania, Australia; South West Tasmania, Tasmania, Australia","Tasmania","Australia","-42.8821","147.3272","https://collectionsearch.nma.gov.au/s/hw/EMU.EMUIRN/51809","2025-02-23","Unknown","Other","Stone / mineral"
"51799","1993.0002.0120","Pebble from Lake Pedder, referred to as a Pedder Penny","Geological specimens","Bob Brown collection no. 1","Other Collections","Stone - non specific","","","Lake Pedder, Tasmania, Australia; South West Tasmania, Tasmania, Australia","Tasmania","Australia","-42.8821","147.3272","https://collectionsearch.nma.gov.au/s/hw/EMU.EMUIRN/51799","2025-02-23","Unknown","Other","Stone / mineral"
"51808","1993.0002.0129","Pebble from Lake Pedder, referred to as a Pedder Penny","Geological specimens","Bob Brown collection no. 1","Other Collections","Stone - non specific","","","Lake Pedder, Tasmania, Australia; South West Tasmania, Tasmania, Australia","Tasmania","Australia","-42.8821","147.3272","https://collectionsearch.nma.gov.au/s/hw/EMU.EMUIRN/51808","2025-02-23","Unknown","Other","Stone / mineral"
"51807","1993.0002.0128","Pebble from Lake Pedder, referred to as a Pedder Penny","Geological specimens","Bob Brown collection no. 1","Other Collections","Stone - non specific","","","Lake Pedder, Tasmania, Australia; South West Tasmania, Tasmania, Australia","Tasmania","Australia","-42.8821","147.3272","https://collectionsearch.nma.gov.au/s/hw/EMU.EMUIRN/51807","2025-02-23","Unknown","Other","Stone / mineral"
"51797","1993.0002.0118","Pebble from Lake Pedder, referred to as a Pedder Penny","Geological specimens","Bob Brown collection no. 1","Other Collections","Stone - non specific","","","Lake Pedder, Tasmania, Australia; South West Tasmania, Tasmania, Australia","Tasmania","Australia","-42.8821","147.3272","https://collectionsearch.nma.gov.au/s/hw/EMU.EMUIRN/51797","2025-02-23","Unknown","Other","Stone / mineral"
"51813","1993.0002.0134","Pebble from Lake Pedder, referred to as a Pedder Penny","Geological specimens","Bob Brown collection no. 1","Other Collections","Stone - non specific","","","Lake Pedder, Tasmania, Australia; South West Tasmania, Tasmania, Australia","Tasmania","Australia","-42.8821","147.3272","https://collectionsearch.nma.gov.au/s/hw/EMU.EMUIRN/51813","2025-02-23","Unknown","Other","Stone / mineral"
"51868","1993.0002.0189","Pebble from Lake Pedder, referred to as a Pedder Penny","Geological specimens","Bob Brown collection no. 1","Other Collections","Stone - non specific","","","Lake Pedder, Tasmania, Australia; South West Tasmania, Tasmania, Australia","Tasmania","Australia","-42.8821","147.3272","https://collectionsearch.nma.gov.au/s/hw/EMU.EMUIRN/51868","2025-02-23","Unknown","Other","Stone / mineral"
"51867","1993.0002.0188","Pebble from Lake Pedder, referred to as a Pedder Penny","Geological specimens","Bob Brown collection no. 1","Other Collections","Stone - non specific","","","Lake Pedder, Tasmania, Australia; South West Tasmania, Tasmania, Australia","Tasmania","Australia","-42.8821","147.3272","https://collectionsearch.nma.gov.au/s/hw/EMU.EMUIRN/51867","2025-02-23","Unknown","Other","Stone / mineral"
"51787","1993.0002.0108","Small pebble from Lake Pedder, referred to as a Pedder Penny","Geological specimens","Bob Brown collection no. 1","Other Collections","Stone - non specific","","","Lake Pedder, Tasmania, Australia; South West Tasmania, Tasmania, Australia","Tasmania","Australia","-42.8821","147.3272","https://collectionsearch.nma.gov.au/s/hw/EMU.EMUIRN/51787","2025-02-23","Unknown","Other","Stone / mineral"
"51788","1993.0002.0109","Small pebble from Lake Pedder, referred to as a Pedder Penny","Geological specimens","Bob Brown collection no. 1","Other Collections","Stone - non specific","","","Lake Pedder, Tasmania, Australia; South West Tasmania, Tasmania, Australia","Tasmania","Australia","-42.8821","147.3272","https://collectionsearch.nma.gov.au/s/hw/EMU.EMUIRN/51788","2025-02-23","Unknown","Other","Stone / mineral"
"51789","1993.0002.0110","Small pebble from Lake Pedder, referred to as a Pedder Penny","Geological specimens","Bob Brown collection no. 1","Other Collections","Stone - non specific","","","Lake Pedder, Tasmania, Australia; South West Tasmania, Tasmania, Australia","Tasmania","Australia","-42.8821","147.3272","https://collectionsearch.nma.gov.au/s/hw/EMU.EMUIRN/51789","2025-02-23","Unknown","Other","Stone / mineral"
"51790","1993.0002.0111","Small pebble from Lake Pedder, referred to as a Pedder Penny","Geological specimens","Bob Brown collection no. 1","Other Collections","Stone - non specific","","","Lake Pedder, Tasmania, Australia; South West Tasmania, Tasmania, Australia","Tasmania","Australia","-42.8821","147.3272","https://collectionsearch.nma.gov.au/s/hw/EMU.EMUIRN/51790","2025-02-23","Unknown","Other","Stone / mineral"
"51793","1993.0002.0114","Small pebble from Lake Pedder, referred to as a Pedder Penny","Geological specimens","Bob Brown collection no. 1","Other Collections","Stone - non specific","","","Lake Pedder, Tasmania, Australia; South West Tasmania, Tasmania, Australia","Tasmania","Australia","-42.8821","147.3272","https://collectionsearch.nma.gov.au/s/hw/EMU.EMUIRN/51793","2025-02-23","Unknown","Other","Stone / mineral"
"51792","1993.0002.0113","Small pebble from Lake Pedder, referred to as a Pedder Penny","Geological specimens","Bob Brown collection no. 1","Other Collections","Stone - non specific","","","Lake Pedder, Tasmania, Australia; South West Tasmania, Tasmania, Australia","Tasmania","Australia","-42.8821","147.3272","https://collectionsearch.nma.gov.au/s/hw/EMU.EMUIRN/51792","2025-02-23","Unknown","Other","Stone / mineral"
"51786","1993.0002.0107","Small pebble from Lake Pedder, referred to as a Pedder Penny","Geological specimens","Bob Brown collection no. 1","Other Collections","Stone - non specific","","","Lake Pedder, Tasmania, Australia; South West Tasmania, Tasmania, Australia","Tasmania","Australia","-42.8821","147.3272","https://collectionsearch.nma.gov.au/s/hw/EMU.EMUIRN/51786","2025-02-23","Unknown","Other","Stone / mineral"
"119749","2005.0005.1288","The Penny Magazine","Journals","Springfield - Faithfull Family collection","Springfield - Faithfull Family collection","","","","","","","","","https://collectionsearch.nma.gov.au/s/hw/EMU.EMUIRN/119749","2025-02-24","Unknown","Other","Unspecified"
"138153","2006.0109.0223","Ceramic jug with blue and white decoration","Jugs","William and Jeanette Derham Family - Bendigo Pottery collection","William and Jeanette Derham Family - Bendigo Pottery collection","Ceramic","","","","","","","","https://collectionsearch.nma.gov.au/s/hw/EMU.EMUIRN/138153","2025-02-23","Unknown","Other","Ceramic"
"138417","2006.0109.0224","Ceramic wine jug with blue and white decoration","Jugs","William and Jeanette Derham Family - Bendigo Pottery collection","William and Jeanette Derham Family - Bendigo Pottery collection","Ceramic","","","","","","","","https://collectionsearch.nma.gov.au/s/hw/EMU.EMUIRN/138417","2025-02-23","Unknown","Other","Ceramic"
"224188","2012.0027.0008","Commemorative water bottle tag owned by Sister Annette Arnold","Labels","Sisters of St Joseph collection","Other Collections","Paper","","","Rome, Italy","","International","","","https://collectionsearch.nma.gov.au/s/hw/EMU.EMUIRN/224188","2025-02-24","Unknown","Other","Paper"
"110264","2005.0005.0052.002","Label reading 'Money Purse'","Labels","Springfield - Faithfull Family collection","Springfield - Faithfull Family collection","","","","","","","","","https://collectionsearch.nma.gov.au/s/hw/EMU.EMUIRN/110264","2025-02-24","Unknown","Other","Unspecified"
"39990","1990.0033.0042.006","Sticky postage label from Hotel Brunswick","Labels","Vienna Mozart Boys Choir collection no. 1","Other Collections","Adhesive - non specific; Paper","","","","","","","","https://collectionsearch.nma.gov.au/s/hw/EMU.EMUIRN/39990","2023-02-10","Unknown","Other","Paper"
"274316","2021.0012.0003","9/11 commemorative pin from Marsh McLennan on card","Lapel pins","Craig Neil Gibson & Dannielle Meredith collection","Other Collections","Cardboard; Ink; Metal - non specific","","","New York, New York, United States of America","","International","","","https://collectionsearch.nma.gov.au/s/hw/EMU.EMUIRN/274316","2025-02-25","Unknown","Other","Metal"
"236962","2013.0022.0008","ANZAC 75th Anniversary commemorative letter presented to James Pitkeathly","Letters","James Pitkeathly collection no. 1","Other Collections","Paper","","","","","","","","https://collectionsearch.nma.gov.au/s/hw/EMU.EMUIRN/236962","2026-09-08","Unknown","Other","Paper"
"282971","MU00108.001","Brisbane Stock Exchange Centenary commemorative bottle of Bundaberg Rum with box","Liqueur bottles","Bruce Phillips collection","Other Collections","Adhesive - non specific; Alcohol; Card; Glass; Ink; Paper","","","","","","","","https://collectionsearch.nma.gov.au/s/hw/EMU.EMUIRN/282971","2026-09-08","Unknown","Other","Paper"
"75906","2005.0005.0035","MEDALS FOR BRAVERY, Bushrangers","Lists","Springfield - Faithfull Family collection","Springfield - Faithfull Family collection","","","","","","","","","https://collectionsearch.nma.gov.au/s/hw/EMU.EMUIRN/75906","2025-02-24","Unknown","Other","Unspecified"
"120163","2005.0005.1427.009","The Penny Magazine of the Society for the Diffusion of Useful Knowledge, no. 126","Magazines","Springfield - Faithfull Family collection","Springfield - Faithfull Family collection","","","","","","","","","https://collectionsearch.nma.gov.au/s/hw/EMU.EMUIRN/120163","2025-02-24","Unknown","Other","Unspecified"
"120160","2005.0005.1427.006","The Penny Magazine of the Society for the Diffusion of Useful Knowledge, no. 127","Magazines","Springfield - Faithfull Family collection","Springfield - Faithfull Family collection","","","","","","","","","https://collectionsearch.nma.gov.au/s/hw/EMU.EMUIRN/120160","2025-02-24","Unknown","Other","Unspecified"
"120164","2005.0005.1427.010","The Penny Magazine of the Society for the Diffusion of Useful Knowledge, no. 128","Magazines","Springfield - Faithfull Family collection","Springfield - Faithfull Family collection","","","","","","","","","https://collectionsearch.nma.gov.au/s/hw/EMU.EMUIRN/120164","2025-02-24","Unknown","Other","Unspecified"
"120155","2005.0005.1427.001","The Penny Magazine of the Society for the Diffusion of Useful Knowledge, no. 36","Magazines","Springfield - Faithfull Family collection","Springfield - Faithfull Family collection","","","","","","","","","https://collectionsearch.nma.gov.au/s/hw/EMU.EMUIRN/120155","2025-02-24","Unknown","Other","Unspecified"
"120156","2005.0005.1427.002","The Penny Magazine of the Society for the Diffusion of Useful Knowledge, no. 37","Magazines","Springfield - Faithfull Family collection","Springfield - Faithfull Family collection","","","","","","","","","https://collectionsearch.nma.gov.au/s/hw/EMU.EMUIRN/120156","2025-02-24","Unknown","Other","Unspecified"
"120157","2005.0005.1427.003","The Penny Magazine of the Society for the Diffusion of Useful Knowledge, no. 58","Magazines","Springfield - Faithfull Family collection","Springfield - Faithfull Family collection","","","","","","","","","https://collectionsearch.nma.gov.au/s/hw/EMU.EMUIRN/120157","2025-02-24","Unknown","Other","Unspecified"
"120159","2005.0005.1427.005","The Penny Magazine of the Society for the Diffusion of Useful Knowledge, no. 65","Magazines","Springfield - Faithfull Family collection","Springfield - Faithfull Family collection","","","","","","","","","https://collectionsearch.nma.gov.au/s/hw/EMU.EMUIRN/120159","2025-02-24","Unknown","Other","Unspecified"
"120161","2005.0005.1427.007","The Penny Magazine of the Society for the Diffusion of Useful Knowledge, no. 67","Magazines","Springfield - Faithfull Family collection","Springfield - Faithfull Family collection","","","","","","","","","https://collectionsearch.nma.gov.au/s/hw/EMU.EMUIRN/120161","2025-02-24","Unknown","Other","Unspecified"
"120158","2005.0005.1427.004","The Penny Magazine of the Society for the Diffusion of Useful Knowledge, no. 69","Magazines","Springfield - Faithfull Family collection","Springfield - Faithfull Family collection","","","","","","","","","https://collectionsearch.nma.gov.au/s/hw/EMU.EMUIRN/120158","2025-02-24","Unknown","Other","Unspecified"
"120162","2005.0005.1427.008","The Penny Magazine of the Society for the Diffusion of Useful Knowledge, no. 79-80","Magazines","Springfield - Faithfull Family collection","Springfield - Faithfull Family collection","","","","","","","","","https://collectionsearch.nma.gov.au/s/hw/EMU.EMUIRN/120162","2025-02-24","Unknown","Other","Unspecified"
"74654","2005.0005.0923","Black netting mantilla with dark blue silk embroidered decoration.","Mantillas","Springfield - Faithfull Family collection","Springfield - Faithfull Family collection","Lace","","","","","","","","https://collectionsearch.nma.gov.au/s/hw/EMU.EMUIRN/74654","2026-05-26","Unknown","Other","Other / unclear"
"121933","2007.0013.0182","Film-script titled 'Penny Plain, Twopence Coloured'","Manuscripts","Everitt and George Family collection","Other Collections","Paper","","","","","","","","https://collectionsearch.nma.gov.au/s/hw/EMU.EMUIRN/121933","2025-02-23","Unknown","Other","Paper"
"184689","1981.0021.0019","Australian Bravery Decorations set, Bravery Medal","Medals","Governor-General collection","Governor-General collection","Leather; Metal - non specific; Plastic - non specific; Satin; Textile - non specific; Velvet","","","","","","","","https://collectionsearch.nma.gov.au/s/hw/EMU.EMUIRN/184689","2026-09-08","Unknown","Medals","Metal"
"184572","1981.0021.0017","Australian Bravery Decorations set, Cross of Valour","Medals","Governor-General collection","Governor-General collection","Leather; Metal - non specific; Plastic - non specific; Satin; Textile - non specific; Velvet","","","","","","","","https://collectionsearch.nma.gov.au/s/hw/EMU.EMUIRN/184572","2026-09-08","Unknown","Medals","Metal"
"184737","1981.0021.0020","Australian Bravery Decorations set, National Medal","Medals","Governor-General collection","Governor-General collection","Leather; Metal - non specific; Plastic - non specific; Satin; Textile - non specific; Velvet","","","","","","","","https://collectionsearch.nma.gov.au/s/hw/EMU.EMUIRN/184737","2026-09-08","Unknown","Medals","Metal"
"184612","1981.0021.0018","Australian Bravery Decorations set, Star of Courage","Medals","Governor-General collection","Governor-General collection","Leather; Metal - non specific; Plastic - non specific; Satin; Textile - non specific; Velvet","","","","","","","","https://collectionsearch.nma.gov.au/s/hw/EMU.EMUIRN/184612","2026-09-08","Unknown","Medals","Metal"
"128170","2007.0099.0001","Baudin Medal","Medals","Baudin Medal collection","Other Collections","Bronze","","","","","","","","https://collectionsearch.nma.gov.au/s/hw/EMU.EMUIRN/128170","2025-02-17","Unknown","Medals","Metal"
"219808","2011.0005.0048","Bowen Pastoral & Agricultural Society 'Best Fat Bullock'","Medals","David Allen medals collection","David Allen medals collection","Metal - non specific","","","","","","","","https://collectionsearch.nma.gov.au/s/hw/EMU.EMUIRN/219808","2025-02-23","Unknown","Medals","Metal"
"184690","1981.0021.0019.001","Bravery Medal with ribbon from Australian Bravery Decorations set","Medals","Governor-General collection","Governor-General collection","Metal - non specific; Textile - non specific","","","","","","","","https://collectionsearch.nma.gov.au/s/hw/EMU.EMUIRN/184690","2026-08-10","Unknown","Medals","Metal"
"262869","2020.0002.0099","Bronze Railways Travel Pass medal for Federal Parliament, Macquarie","Medals","Trevor Kennedy collection","Other Collections","Copper; Metal - non specific","","","","","","","","https://collectionsearch.nma.gov.au/s/hw/EMU.EMUIRN/262869","2025-11-18","Unknown","Medals","Metal"
"128689","2007.0079.0001","Bushranger medal - Faithfull family","Medals","Robert Faithfull collection no. 1","Other Collections","Gold; Textile - non specific","","","","","","","","https://collectionsearch.nma.gov.au/s/hw/EMU.EMUIRN/128689","2026-06-19","Unknown","Medals","Metal"
"262834","2020.0002.0127","Commonwealth Parliament Pass fob medal, Lowe","Medals","Trevor Kennedy collection","Other Collections","Gold; Metal - non specific","","","","","","","","https://collectionsearch.nma.gov.au/s/hw/EMU.EMUIRN/262834","2025-11-18","Unknown","Medals","Metal"
"219819","2011.0005.0038","Coonamble P & A Association 'Best Hogskin Saddle'","Medals","David Allen medals collection","David Allen medals collection","Metal - non specific","","","","","","","","https://collectionsearch.nma.gov.au/s/hw/EMU.EMUIRN/219819","2025-02-23","Unknown","Medals","Metal"
"184578","1981.0021.0017.001","Cross of Valour medal with ribbon from Australian Bravery Decorations set","Medals","Governor-General collection","Governor-General collection","Metal - non specific; Textile - non specific","","","","","","","","https://collectionsearch.nma.gov.au/s/hw/EMU.EMUIRN/184578","2026-08-10","Unknown","Medals","Metal"
"41924","1991.0020.0008","Cross shaped brass medal","Medals","Andrzej Jedrzejowski collection","Other Collections","Metal - non specific; Textile - non specific","","","","","","","","https://collectionsearch.nma.gov.au/s/hw/EMU.EMUIRN/41924","2026-09-08","Unknown","Medals","Metal"
"219820","2011.0005.0094","Crystal Brook Society 'Dampweather Stripper'","Medals","David Allen medals collection","David Allen medals collection","Metal - non specific","","","","","","","","https://collectionsearch.nma.gov.au/s/hw/EMU.EMUIRN/219820","2025-02-23","Unknown","Medals","Metal"
"221664","2007.0084.0267.001","FIFA Centennial Order of Merit medal","Medals","John 'Johnny' Warren collection","Other Collections","Metal - non specific","","","","","","","","https://collectionsearch.nma.gov.au/s/hw/EMU.EMUIRN/221664","2022-08-22","Unknown","Medals","Metal"
"221666","2007.0084.0268.001","FIFA Centennial Order of Merit medal","Medals","John 'Johnny' Warren collection","Other Collections","Metal - non specific; Textile - non specific","","","","","","","","https://collectionsearch.nma.gov.au/s/hw/EMU.EMUIRN/221666","2021-07-01","Unknown","Medals","Metal"
"221668","2007.0084.0268","FIFA Centennial Order of Merit medal and pin in presentation box","Medals","John 'Johnny' Warren collection","Other Collections","","","","","","","","","https://collectionsearch.nma.gov.au/s/hw/EMU.EMUIRN/221668","2025-02-17","Unknown","Medals","Unspecified"
"110400","2007.0084.0267","FIFA Centennial Order of Merit medal in presentation box","Medals","John 'Johnny' Warren collection","Other Collections","","","","","","","","","https://collectionsearch.nma.gov.au/s/hw/EMU.EMUIRN/110400","2026-09-08","Unknown","Medals","Unspecified"
"221696","2007.0084.0272.001","Football medal","Medals","John 'Johnny' Warren collection","Other Collections","Metal - non specific; Textile - non specific","","","","","","","","https://collectionsearch.nma.gov.au/s/hw/EMU.EMUIRN/221696","2022-05-13","Unknown","Medals","Metal"
"111059","2007.0084.0226","Football medal","Medals","John 'Johnny' Warren collection","Other Collections","Metal - non specific","","","","","","","","https://collectionsearch.nma.gov.au/s/hw/EMU.EMUIRN/111059","2025-02-17","Unknown","Medals","Metal"
"124304","2007.0084.0272","Football medal in presentation box","Medals","John 'Johnny' Warren collection","Other Collections","","","","","","","","","https://collectionsearch.nma.gov.au/s/hw/EMU.EMUIRN/124304","2026-09-08","Unknown","Medals","Unspecified"
"219824","2011.0005.0039","Gawler Agricultural Horticultural & Floricultural Society 'Reaper & Twine Binder'","Medals","David Allen medals collection","David Allen medals collection","Metal - non specific","","","","","","","","https://collectionsearch.nma.gov.au/s/hw/EMU.EMUIRN/219824","2025-02-23","Unknown","Medals","Metal"
"262835","2020.0002.0098","Gold Railways Travel Pass medal for Hon. W. McMahon","Medals","Trevor Kennedy collection","Other Collections","Gold; Metal - non specific","","","","","","","","https://collectionsearch.nma.gov.au/s/hw/EMU.EMUIRN/262835","2025-11-18","Unknown","Medals","Metal"
"73064","2004.0024.0004.001","Hubert Opperman's Australian Service Order medal","Medals","Sir Hubert Opperman collection no. 2","Other Collections","Metal - non specific","","","","","","","","https://collectionsearch.nma.gov.au/s/hw/EMU.EMUIRN/73064","2021-05-11","Unknown","Medals","Metal"
"78580","2004.0024.0004","Hubert Opperman's Australian Service Order medal","Medals","Sir Hubert Opperman collection no. 2","Other Collections","Metal - non specific; Textile - non specific","","","","","","","","https://collectionsearch.nma.gov.au/s/hw/EMU.EMUIRN/78580","2026-09-08","Unknown","Medals","Metal"
"172477","1981.0016.0004","Inauguration Solennelle de L'Institut International D'Agriculture A Rome awarded to Hon J.W. Taverner in a presentation case","Medals","Department of Capital Territory collection no. 3","Other Collections","Metal - non specific; Textile - non specific","","","Rome, Italy","","International","","","https://collectionsearch.nma.gov.au/s/hw/EMU.EMUIRN/172477","2025-02-17","Unknown","Medals","Metal"
"221672","2007.0084.0269.001","Johnny Warren's Member of the British Empire (MBE) medal","Medals","John 'Johnny' Warren collection","Other Collections","Metal - non specific; Textile - non specific","","","","","","","","https://collectionsearch.nma.gov.au/s/hw/EMU.EMUIRN/221672","2022-05-13","Unknown","Medals","Metal"
"110404","2007.0084.0269","Johnny Warren's Member of the British Empire (MBE) medal in presentation box","Medals","John 'Johnny' Warren collection","Other Collections","","","","","","","","","https://collectionsearch.nma.gov.au/s/hw/EMU.EMUIRN/110404","2026-09-08","Unknown","Medals","Unspecified"
"110416","2007.0084.0270","Johnny Warren's Order of Australia Medal set in presentation box","Medals","John 'Johnny' Warren collection","Other Collections","Leatherette; Metal - non specific; Silk cloth; Textile - non specific; Velvet","","","","","","","","https://collectionsearch.nma.gov.au/s/hw/EMU.EMUIRN/110416","2026-09-08","Unknown","Medals","Metal"
"66702","2003.0079.0002","KCMG Chest Decoration","Medals","Sir Frederick Holder collection","Other Collections","Metal - non specific","","","","","","","","https://collectionsearch.nma.gov.au/s/hw/EMU.EMUIRN/66702","2025-02-17","Unknown","Medals","Metal"
"66701","2003.0079.0001","KCMG medal neck decoration","Medals","Sir Frederick Holder collection","Other Collections","Metal - non specific; Textile - non specific","","","","","","","","https://collectionsearch.nma.gov.au/s/hw/EMU.EMUIRN/66701","2025-02-17","Unknown","Medals","Metal"
"221683","2007.0084.0270.001","Large medal from Johnny Warren's Order of Australia Medal set","Medals","John 'Johnny' Warren collection","Other Collections","Metal - non specific; Textile - non specific","","","","","","","","https://collectionsearch.nma.gov.au/s/hw/EMU.EMUIRN/221683","2022-07-05","Unknown","Medals","Metal"
"219844","2011.0005.0071","Mackay Agricultural Pastoral & Mining Association 'Beehive'","Medals","David Allen medals collection","David Allen medals collection","Metal - non specific","","","","","","","","https://collectionsearch.nma.gov.au/s/hw/EMU.EMUIRN/219844","2025-02-23","Unknown","Medals","Metal"
"113870","1996.0026.0216","Masonic medal","Medals","Colledge Family collection","Other Collections","Cuprous metal - non specific","","","","","","","","https://collectionsearch.nma.gov.au/s/hw/EMU.EMUIRN/113870","2025-02-17","Unknown","Medals","Metal"
"130180","2008.0004.0068","Medal","Medals","Woodleigh Shorthorn Stud collection","Other Collections","Metal - non specific; Textile - non specific","","","","","","","","https://collectionsearch.nma.gov.au/s/hw/EMU.EMUIRN/130180","2026-09-08","Unknown","Medals","Metal"
"227405","2012.0064.0004","Medal awarded to Vince Kelly on the locking of the arches of Sydney Harbour Bridge","Medals","Vincent Kelly collection","Other Collections","Metal - non specific","","","","","","","","https://collectionsearch.nma.gov.au/s/hw/EMU.EMUIRN/227405","2025-11-24","Unknown","Medals","Metal"
"172821","1981.0021.0002.001","Medal with ribbon bow from Order of Australia set, Companion - General Division, Female","Medals","Governor-General collection","Governor-General collection","Enamelled metal; Metal - non specific; Textile - non specific","","","","","","","","https://collectionsearch.nma.gov.au/s/hw/EMU.EMUIRN/172821","2026-08-10","Unknown","Medals","Metal"
"178247","1981.0021.0004.001","Medal with ribbon bow from Order of Australia set, Companion - Military Division, Female","Medals","Governor-General collection","Governor-General collection","Enamelled metal; Metal - non specific; Textile - non specific","","","","","","","","https://collectionsearch.nma.gov.au/s/hw/EMU.EMUIRN/178247","2024-11-29","Unknown","Medals","Metal"
"184251","1981.0021.0014.001","Medal with ribbon bow from Order of Australia set, Medal - General Division, Female","Medals","Governor-General collection","Governor-General collection","Metal - non specific; Textile - non specific","","","","","","","","https://collectionsearch.nma.gov.au/s/hw/EMU.EMUIRN/184251","2026-08-10","Unknown","Medals","Metal"
"184541","1981.0021.0016.001","Medal with ribbon bow from Order of Australia set, Medal - Military Division, Female","Medals","Governor-General collection","Governor-General collection","Metal - non specific; Textile - non specific","","","","","","","","https://collectionsearch.nma.gov.au/s/hw/EMU.EMUIRN/184541","2026-08-10","Unknown","Medals","Metal"
"181509","1981.0021.0010.001","Medal with ribbon bow from Order of Australia set, Member - General Division, Female","Medals","Governor-General collection","Governor-General collection","Enamelled metal; Metal - non specific; Textile - non specific","","","","","","","","https://collectionsearch.nma.gov.au/s/hw/EMU.EMUIRN/181509","2026-08-10","Unknown","Medals","Metal"
"184089","1981.0021.0012.001","Medal with ribbon bow from Order of Australia set, Member - Military Division, Female","Medals","Governor-General collection","Governor-General collection","Enamelled metal; Metal - non specific; Textile - non specific","","","","","","","","https://collectionsearch.nma.gov.au/s/hw/EMU.EMUIRN/184089","2026-08-10","Unknown","Medals","Metal"
"180408","1981.0021.0006.001","Medal with ribbon bow from Order of Australia set, Officer - General Division, Female","Medals","Governor-General collection","Governor-General collection","Enamelled metal; Metal - non specific; Textile - non specific","","","","","","","","https://collectionsearch.nma.gov.au/s/hw/EMU.EMUIRN/180408","2024-11-29","Unknown","Medals","Metal"
"181313","1981.0021.0008.001","Medal with ribbon bow from Order of Australia set, Officer - Military Division, Female","Medals","Governor-General collection","Governor-General collection","Enamelled metal; Metal - non specific; Textile - non specific","","","","","","","","https://collectionsearch.nma.gov.au/s/hw/EMU.EMUIRN/181313","2026-08-10","Unknown","Medals","Metal"
"172491","1981.0021.0001.001","Medal with ribbon from Order of Australia set, Companion - General Division, Male","Medals","Governor-General collection","Governor-General collection","Enamelled metal; Metal - non specific; Textile - non specific","","","","","","","","https://collectionsearch.nma.gov.au/s/hw/EMU.EMUIRN/172491","2026-08-10","Unknown","Medals","Metal"
"177640","1981.0021.0003.001","Medal with ribbon from Order of Australia set, Companion - Military Division, Male","Medals","Governor-General collection","Governor-General collection","Enamelled metal; Metal - non specific; Textile - non specific","","","","","","","","https://collectionsearch.nma.gov.au/s/hw/EMU.EMUIRN/177640","2026-08-10","Unknown","Medals","Metal"
"184113","1981.0021.0013.001","Medal with ribbon from Order of Australia set, Medal - General Division, Male","Medals","Governor-General collection","Governor-General collection","Metal - non specific; Textile - non specific","","","","","","","","https://collectionsearch.nma.gov.au/s/hw/EMU.EMUIRN/184113","2026-08-10","Unknown","Medals","Metal"
"184416","1981.0021.0015.001","Medal with ribbon from Order of Australia set, Medal - Military Division, Male","Medals","Governor-General collection","Governor-General collection","Metal - non specific; Textile - non specific","","","","","","","","https://collectionsearch.nma.gov.au/s/hw/EMU.EMUIRN/184416","2026-08-10","Unknown","Medals","Metal"
"181370","1981.0021.0009.001","Medal with ribbon from Order of Australia set, Member - General Division, Male","Medals","Governor-General collection","Governor-General collection","Enamelled metal; Metal - non specific; Textile - non specific","","","","","","","","https://collectionsearch.nma.gov.au/s/hw/EMU.EMUIRN/181370","2026-08-10","Unknown","Medals","Metal"
"184079","1981.0021.0011.001","Medal with ribbon from Order of Australia set, Member - Military Division, Male","Medals","Governor-General collection","Governor-General collection","Enamelled metal; Metal - non specific; Textile - non specific","","","","","","","","https://collectionsearch.nma.gov.au/s/hw/EMU.EMUIRN/184079","2026-08-10","Unknown","Medals","Metal"
"180025","1981.0021.0005.001","Medal with ribbon from Order of Australia set, Officer - General Division, Male","Medals","Governor-General collection","Governor-General collection","Enamelled metal; Metal - non specific; Textile - non specific","","","","","","","","https://collectionsearch.nma.gov.au/s/hw/EMU.EMUIRN/180025","2024-11-29","Unknown","Medals","Metal"
"180436","1981.0021.0007.001","Medal with ribbon from Order of Australia set, Officer - Military Division, Male","Medals","Governor-General collection","Governor-General collection","Enamelled metal; Metal - non specific; Textile - non specific","","","","","","","","https://collectionsearch.nma.gov.au/s/hw/EMU.EMUIRN/180436","2024-11-29","Unknown","Medals","Metal"
"126125","2007.0101.0051","Medals in box","Medals","Parsons collection","Other Collections","Cardboard; Ink; Metal - non specific; Paper; Textile - non specific","","","","","","","","https://collectionsearch.nma.gov.au/s/hw/EMU.EMUIRN/126125","2026-09-08","Unknown","Medals","Metal"
"184715","1981.0021.0019.002","Miniature Bravery Medal with ribbon from Australian Bravery Decorations set","Medals","Governor-General collection","Governor-General collection","Metal - non specific; Textile - non specific","","","","","","","","https://collectionsearch.nma.gov.au/s/hw/EMU.EMUIRN/184715","2026-08-10","Unknown","Medals","Metal"
"184588","1981.0021.0017.002","Miniature Cross of Valour medal with ribbon from Australian Bravery Decorations set","Medals","Governor-General collection","Governor-General collection","Metal - non specific; Textile - non specific","","","","","","","","https://collectionsearch.nma.gov.au/s/hw/EMU.EMUIRN/184588","2026-08-10","Unknown","Medals","Metal"
"184742","1981.0021.0020.003","Miniature National Medal with ribbon from Australian Bravery Decorations set","Medals","Governor-General collection","Governor-General collection","Metal - non specific; Textile - non specific","","","","","","","","https://collectionsearch.nma.gov.au/s/hw/EMU.EMUIRN/184742","2026-08-10","Unknown","Medals","Metal"
"184622","1981.0021.0018.002","Miniature Star of Courage medal with ribbon from Australian Bravery Decorations set","Medals","Governor-General collection","Governor-General collection","Metal - non specific; Textile - non specific","","","","","","","","https://collectionsearch.nma.gov.au/s/hw/EMU.EMUIRN/184622","2026-08-10","Unknown","Medals","Metal"
"172824","1981.0021.0002.002","Miniature medal with ribbon bow from Order of Australia set, Companion - General Division, Female","Medals","Governor-General collection","Governor-General collection","Metal - non specific; Textile - non specific","","","","","","","","https://collectionsearch.nma.gov.au/s/hw/EMU.EMUIRN/172824","2026-08-10","Unknown","Medals","Metal"
"180019","1981.0021.0004.002","Miniature medal with ribbon bow from Order of Australia set, Companion - Military Division, Female","Medals","Governor-General collection","Governor-General collection","Metal - non specific; Textile - non specific","","","","","","","","https://collectionsearch.nma.gov.au/s/hw/EMU.EMUIRN/180019","2024-11-29","Unknown","Medals","Metal"
"184253","1981.0021.0014.002","Miniature medal with ribbon bow from Order of Australia set, Medal - General Division, Female","Medals","Governor-General collection","Governor-General collection","Metal - non specific; Textile - non specific","","","","","","","","https://collectionsearch.nma.gov.au/s/hw/EMU.EMUIRN/184253","2026-08-10","Unknown","Medals","Metal"
"184542","1981.0021.0016.002","Miniature medal with ribbon bow from Order of Australia set, Medal - Military Division, Female","Medals","Governor-General collection","Governor-General collection","Metal - non specific; Textile - non specific","","","","","","","","https://collectionsearch.nma.gov.au/s/hw/EMU.EMUIRN/184542","2026-08-10","Unknown","Medals","Metal"
"181510","1981.0021.0010.002","Miniature medal with ribbon bow from Order of Australia set, Member - General Division, Female","Medals","Governor-General collection","Governor-General collection","Metal - non specific; Textile - non specific","","","","","","","","https://collectionsearch.nma.gov.au/s/hw/EMU.EMUIRN/181510","2026-08-10","Unknown","Medals","Metal"
"184091","1981.0021.0012.002","Miniature medal with ribbon bow from Order of Australia set, Member - Military Division, Female","Medals","Governor-General collection","Governor-General collection","Metal - non specific; Textile - non specific","","","","","","","","https://collectionsearch.nma.gov.au/s/hw/EMU.EMUIRN/184091","2026-08-10","Unknown","Medals","Metal"
"180409","1981.0021.0006.002","Miniature medal with ribbon bow from Order of Australia set, Officer - General Division, Female","Medals","Governor-General collection","Governor-General collection","Metal - non specific; Textile - non specific","","","","","","","","https://collectionsearch.nma.gov.au/s/hw/EMU.EMUIRN/180409","2024-11-29","Unknown","Medals","Metal"
"181328","1981.0021.0008.002","Miniature medal with ribbon bow from Order of Australia set, Officer - Military Division, Female","Medals","Governor-General collection","Governor-General collection","Metal - non specific; Textile - non specific","","","","","","","","https://collectionsearch.nma.gov.au/s/hw/EMU.EMUIRN/181328","2026-08-10","Unknown","Medals","Metal"
"172494","1981.0021.0001.004","Miniature medal with ribbon from Order of Australia set, Companion - General Division, Male","Medals","Governor-General collection","Governor-General collection","Metal - non specific; Textile - non specific","","","","","","","","https://collectionsearch.nma.gov.au/s/hw/EMU.EMUIRN/172494","2026-08-10","Unknown","Medals","Metal"
"178193","1981.0021.0003.004","Miniature medal with ribbon from Order of Australia set, Companion - Military Division, Male","Medals","Governor-General collection","Governor-General collection","Metal - non specific; Textile - non specific","","","","","","","","https://collectionsearch.nma.gov.au/s/hw/EMU.EMUIRN/178193","2026-08-10","Unknown","Medals","Metal"
"184241","1981.0021.0013.002","Miniature medal with ribbon from Order of Australia set, Medal - General Division, Male","Medals","Governor-General collection","Governor-General collection","Metal - non specific; Textile - non specific","","","","","","","","https://collectionsearch.nma.gov.au/s/hw/EMU.EMUIRN/184241","2026-08-10","Unknown","Medals","Metal"
"184418","1981.0021.0015.002","Miniature medal with ribbon from Order of Australia set, Medal - Military Division, Male","Medals","Governor-General collection","Governor-General collection","Metal - non specific; Textile - non specific","","","","","","","","https://collectionsearch.nma.gov.au/s/hw/EMU.EMUIRN/184418","2026-08-10","Unknown","Medals","Metal"
"181380","1981.0021.0009.002","Miniature medal with ribbon from Order of Australia set, Member - General Division, Male","Medals","Governor-General collection","Governor-General collection","Metal - non specific; Textile - non specific","","","","","","","","https://collectionsearch.nma.gov.au/s/hw/EMU.EMUIRN/181380","2026-08-10","Unknown","Medals","Metal"
"184080","1981.0021.0011.002","Miniature medal with ribbon from Order of Australia set, Member - Military Division, Male","Medals","Governor-General collection","Governor-General collection","Metal - non specific; Textile - non specific","","","","","","","","https://collectionsearch.nma.gov.au/s/hw/EMU.EMUIRN/184080","2026-08-10","Unknown","Medals","Metal"
"180028","1981.0021.0005.004","Miniature medal with ribbon from Order of Australia set, Officer - General Division, Male","Medals","Governor-General collection","Governor-General collection","Metal - non specific; Textile - non specific","","","","","","","","https://collectionsearch.nma.gov.au/s/hw/EMU.EMUIRN/180028","2024-11-29","Unknown","Medals","Metal"
"180442","1981.0021.0007.004","Miniature medal with ribbon from Order of Australia set, Officer - Military Division, Male","Medals","Governor-General collection","Governor-General collection","Metal - non specific; Textile - non specific","","","","","","","","https://collectionsearch.nma.gov.au/s/hw/EMU.EMUIRN/180442","2024-11-29","Unknown","Medals","Metal"
"277001","2022.0015.0005","Mounted collection of 12 medals owned by Lesley Thompson","Medals","Lesley Thompson collection","Other Collections","Bronze; Metal - non specific; Wood","","","London, England; Melbourne, Victoria, Australia","Victoria","Australia","-37.8136","144.9631","https://collectionsearch.nma.gov.au/s/hw/EMU.EMUIRN/277001","2025-02-25","Unknown","Medals","Metal"
"184739","1981.0021.0020.001","National Medal with ribbon from Australian Bravery Decorations set","Medals","Governor-General collection","Governor-General collection","Metal - non specific; Textile - non specific","","","","","","","","https://collectionsearch.nma.gov.au/s/hw/EMU.EMUIRN/184739","2026-08-10","Unknown","Medals","Metal"
"231920","2015.0021.0001","O'Dwyer patent tank scoop Special Prize medal","Medals","O'Dwyer tank scoop medal collection","Other Collections","Silver","","","Sydney, New South Wales, Australia","New South Wales","Australia","-33.85","151.2","https://collectionsearch.nma.gov.au/s/hw/EMU.EMUIRN/231920","2025-02-17","Unknown","Medals","Metal"
"267413","1988.0017.0018","Officer of the Order of the British Empire, Card, medal case, jar and lid","Medals"," Elizabeth Fabinyi collection","Other Collections","Metal - non specific; Textile - non specific","","","","","","","","https://collectionsearch.nma.gov.au/s/hw/EMU.EMUIRN/267413","2026-09-08","Unknown","Medals","Metal"
"210542","2005.0092.0053","Order of Australia Bow and miniature medal with bow, awarded to Nova Peris","Medals","Nova Peris collection","Other Collections","Metal - non specific; Textile - non specific","","","","","","","","https://collectionsearch.nma.gov.au/s/hw/EMU.EMUIRN/210542","2026-09-08","Unknown","Medals","Metal"
"3906","2005.0092.0053.001","Order of Australia Bow, awarded to Nova Peris","Medals","Nova Peris collection","Other Collections","Metal - non specific; Textile - non specific","","","","","","","","https://collectionsearch.nma.gov.au/s/hw/EMU.EMUIRN/3906","2021-07-01","Unknown","Medals","Metal"
"210511","2005.0092.0052.003","Order of Australia Lapel Badge, awarded to Nova Peris","Medals","Nova Peris collection","Other Collections","Metal - non specific","","","","","","","","https://collectionsearch.nma.gov.au/s/hw/EMU.EMUIRN/210511","2021-07-01","Unknown","Medals","Metal"
"210513","2005.0092.0052.004","Order of Australia Ribbon Bar, awarded to Nova Peris","Medals","Nova Peris collection","Other Collections","Metal - non specific; Textile - non specific","","","","","","","","https://collectionsearch.nma.gov.au/s/hw/EMU.EMUIRN/210513","2021-07-01","Unknown","Medals","Metal"
"210540","2005.0092.0052","Order of Australia insignia in a presentation case with slip cover, awarded to Nova Peris","Medals","Nova Peris collection","Other Collections","Cardboard; Leatherette; Metal - non specific; Plastic - non specific; Textile - non specific","","","","","","","","https://collectionsearch.nma.gov.au/s/hw/EMU.EMUIRN/210540","2026-09-08","Unknown","Medals","Metal"
"3905","2005.0092.0052.001","Order of Australia medal, awarded to Nova Peris","Medals","Nova Peris collection","Other Collections","Metal - non specific; Textile - non specific","","","","","","","","https://collectionsearch.nma.gov.au/s/hw/EMU.EMUIRN/3905","2021-07-01","Unknown","Medals","Metal"
"210521","2005.0092.0053.002","Order of Australia miniature medal with Bow, awarded to Nova Peris","Medals","Nova Peris collection","Other Collections","Metal - non specific; Textile - non specific","","","","","","","","https://collectionsearch.nma.gov.au/s/hw/EMU.EMUIRN/210521","2021-07-01","Unknown","Medals","Metal"
"210509","2005.0092.0052.002","Order of Australia miniature medal, awarded to Nova Peris","Medals","Nova Peris collection","Other Collections","Metal - non specific; Textile - non specific","","","","","","","","https://collectionsearch.nma.gov.au/s/hw/EMU.EMUIRN/210509","2021-07-01","Unknown","Medals","Metal"
"172820","1981.0021.0002","Order of Australia set, Companion - General Division, Female","Medals","Governor-General collection","Governor-General collection","Enamelled metal; Leather; Metal - non specific; Satin; Textile - non specific; Velvet","","","","","","","","https://collectionsearch.nma.gov.au/s/hw/EMU.EMUIRN/172820","2026-09-08","Unknown","Medals","Metal"
"172479","1981.0021.0001","Order of Australia set, Companion - General Division, Male","Medals","Governor-General collection","Governor-General collection","Enamelled metal; Leather; Metal - non specific; Satin; Textile - non specific; Velvet","","","","","","","","https://collectionsearch.nma.gov.au/s/hw/EMU.EMUIRN/172479","2026-09-08","Unknown","Medals","Metal"
"178241","1981.0021.0004","Order of Australia set, Companion - Military Division, Female","Medals","Governor-General collection","Governor-General collection","Enamelled metal; Leather; Metal - non specific; Satin; Textile - non specific; Velvet","","","","","","","","https://collectionsearch.nma.gov.au/s/hw/EMU.EMUIRN/178241","2026-09-08","Unknown","Medals","Metal"
"177635","1981.0021.0003","Order of Australia set, Companion - Military Division, Male","Medals","Governor-General collection","Governor-General collection","Enamelled metal; Leather; Metal - non specific; Satin; Textile - non specific; Velvet","","","","","","","","https://collectionsearch.nma.gov.au/s/hw/EMU.EMUIRN/177635","2026-09-08","Unknown","Medals","Metal"
"184249","1981.0021.0014","Order of Australia set, Medal - General Division, Female","Medals","Governor-General collection","Governor-General collection","Leather; Metal - non specific; Plastic - non specific; Satin; Textile - non specific; Velvet","","","","","","","","https://collectionsearch.nma.gov.au/s/hw/EMU.EMUIRN/184249","2026-09-08","Unknown","Medals","Metal"
"184106","1981.0021.0013","Order of Australia set, Medal - General Division, Male","Medals","Governor-General collection","Governor-General collection","Leather; Metal - non specific; Plastic - non specific; Satin; Textile - non specific; Velvet","","","","","","","","https://collectionsearch.nma.gov.au/s/hw/EMU.EMUIRN/184106","2026-09-08","Unknown","Medals","Metal"
"184539","1981.0021.0016","Order of Australia set, Medal - Military Division, Female","Medals","Governor-General collection","Governor-General collection","Leather; Metal - non specific; Plastic - non specific; Satin; Textile - non specific; Velvet","","","","","","","","https://collectionsearch.nma.gov.au/s/hw/EMU.EMUIRN/184539","2026-09-08","Unknown","Medals","Metal"
"184373","1981.0021.0015","Order of Australia set, Medal - Military Division, Male","Medals","Governor-General collection","Governor-General collection","Leather; Metal - non specific; Plastic - non specific; Satin; Textile - non specific; Velvet","","","","","","","","https://collectionsearch.nma.gov.au/s/hw/EMU.EMUIRN/184373","2026-09-08","Unknown","Medals","Metal"
"181397","1981.0021.0010","Order of Australia set, Member - General Division, Female","Medals","Governor-General collection","Governor-General collection","Leather; Metal - non specific; Satin; Textile - non specific; Velvet","","","","","","","","https://collectionsearch.nma.gov.au/s/hw/EMU.EMUIRN/181397","2026-09-08","Unknown","Medals","Metal"
"181344","1981.0021.0009","Order of Australia set, Member - General Division, Male","Medals","Governor-General collection","Governor-General collection","Leather; Metal - non specific; Plastic - non specific; Satin; Textile - non specific; Velvet","","","","","","","","https://collectionsearch.nma.gov.au/s/hw/EMU.EMUIRN/181344","2026-09-08","Unknown","Medals","Metal"
"184088","1981.0021.0012","Order of Australia set, Member - Military Division, Female","Medals","Governor-General collection","Governor-General collection","Leather; Metal - non specific; Satin; Textile - non specific; Velvet","","","","","","","","https://collectionsearch.nma.gov.au/s/hw/EMU.EMUIRN/184088","2026-09-08","Unknown","Medals","Metal"
"184077","1981.0021.0011","Order of Australia set, Member - Military Division, Male","Medals","Governor-General collection","Governor-General collection","Leather; Metal - non specific; Plastic - non specific; Satin; Textile - non specific; Velvet","","","","","","","","https://collectionsearch.nma.gov.au/s/hw/EMU.EMUIRN/184077","2026-09-08","Unknown","Medals","Metal"
"180406","1981.0021.0006","Order of Australia set, Officer - General Division, Female","Medals","Governor-General collection","Governor-General collection","Enamelled metal; Leather; Metal - non specific; Satin; Textile - non specific; Velvet","","","","","","","","https://collectionsearch.nma.gov.au/s/hw/EMU.EMUIRN/180406","2026-09-08","Unknown","Medals","Metal"
"180023","1981.0021.0005","Order of Australia set, Officer - General Division, Male","Medals","Governor-General collection","Governor-General collection","Enamelled metal; Leather; Metal - non specific; Satin; Textile - non specific; Velvet","","","","","","","","https://collectionsearch.nma.gov.au/s/hw/EMU.EMUIRN/180023","2026-09-08","Unknown","Medals","Metal"
"181306","1981.0021.0008","Order of Australia set, Officer - Military Division, Female","Medals","Governor-General collection","Governor-General collection","Enamelled metal; Leather; Metal - non specific; Satin; Textile - non specific; Velvet","","","","","","","","https://collectionsearch.nma.gov.au/s/hw/EMU.EMUIRN/181306","2026-09-08","Unknown","Medals","Metal"
"180434","1981.0021.0007","Order of Australia set, Officer - Military Division, Male","Medals","Governor-General collection","Governor-General collection","Enamelled metal; Leather; Metal - non specific; Satin; Textile - non specific; Velvet","","","","","","","","https://collectionsearch.nma.gov.au/s/hw/EMU.EMUIRN/180434","2026-09-08","Unknown","Medals","Metal"
"172430","1981.0020.0001","Papua New Guinea Loyal Service medal","Medals","Department of Foreign Affairs collection","Other Collections","Metal - non specific; Textile - non specific","","","Papua New Guinea, Oceania","","International","","","https://collectionsearch.nma.gov.au/s/hw/EMU.EMUIRN/172430","2025-02-17","Unknown","Medals","Metal"
"210628","2007.0084.0044.001","Second FIFA Coaching School for Asia commemorative medal","Medals","John 'Johnny' Warren collection","Other Collections","Pewter","","","Kuala Lumpur, Malaysia","","International","","","https://collectionsearch.nma.gov.au/s/hw/EMU.EMUIRN/210628","2022-04-08","Unknown","Medals","Metal"
"110406","2007.0084.0044","Second FIFA Coaching School for Asia commemorative medal and presentation box","Medals","John 'Johnny' Warren collection","Other Collections","Felted cloth - non specific; Metal - non specific; Paint - non specific; Pewter; Wood","","","Kuala Lumpur, Malaysia","","International","","","https://collectionsearch.nma.gov.au/s/hw/EMU.EMUIRN/110406","2026-09-08","Unknown","Medals","Metal"
"222708","2017.0025.0044","Set of miniature service and civilian medals","Medals","Winifred Hilliard collection no. 4","Other Collections","Cotton thread; metal; textile","","","","","","","","https://collectionsearch.nma.gov.au/s/hw/EMU.EMUIRN/222708","2025-02-23","Unknown","Medals","Metal"
"219959","2011.0005.0022","Shoalhaven Agricultural & Horticultural Association c1885 by Altmann","Medals","David Allen medals collection","David Allen medals collection","Metal - non specific","","","","","","","","https://collectionsearch.nma.gov.au/s/hw/EMU.EMUIRN/219959","2025-02-23","Unknown","Medals","Metal"
"119717","1991.0020.0007","Silver Polish medal","Medals","Andrzej Jedrzejowski collection","Other Collections","Cardboard; Metal - non specific; Textile - non specific","","","","","","","","https://collectionsearch.nma.gov.au/s/hw/EMU.EMUIRN/119717","2025-02-17","Unknown","Medals","Metal"
"221684","2007.0084.0270.002","Small medal from Johnny Warren's Order of Australia Medal set","Medals","John 'Johnny' Warren collection","Other Collections","Metal - non specific; Textile - non specific","","","","","","","","https://collectionsearch.nma.gov.au/s/hw/EMU.EMUIRN/221684","2022-07-05","Unknown","Medals","Metal"
"184616","1981.0021.0018.001","Star of Courage medal with ribbon from Australian Bravery Decorations set","Medals","Governor-General collection","Governor-General collection","Metal - non specific; Textile - non specific","","","","","","","","https://collectionsearch.nma.gov.au/s/hw/EMU.EMUIRN/184616","2026-08-10","Unknown","Medals","Metal"
"262309","2020.0002.0126","Surf Life Saving Australia medal awarded to W. Wier","Medals","Trevor Kennedy collection","Other Collections","Bronze; Metal - non specific","","","","","","","","https://collectionsearch.nma.gov.au/s/hw/EMU.EMUIRN/262309","2025-11-18","Unknown","Medals","Metal"
"220004","2011.0005.0100","Wentworth Pastoral Agricultural & Horticultural Society c1890 '2nd Prize Ewe Won By W. Crozier'","Medals","David Allen medals collection","David Allen medals collection","Metal - non specific","","","","","","","","https://collectionsearch.nma.gov.au/s/hw/EMU.EMUIRN/220004","2025-02-23","Unknown","Medals","Metal"
"220002","2011.0005.0096","Wentworth Pastoral Agricultural & Horticultural Society c1890 'Alderney Bull Won By W. Crozier'","Medals","David Allen medals collection","David Allen medals collection","Metal - non specific","","","","","","","","https://collectionsearch.nma.gov.au/s/hw/EMU.EMUIRN/220002","2025-02-23","Unknown","Medals","Metal"
"219989","2011.0005.0070","Wentworth Pastoral Agricultural & Horticultural Society c1890 'Merino Ram'","Medals","David Allen medals collection","David Allen medals collection","Metal - non specific","","","","","","","","https://collectionsearch.nma.gov.au/s/hw/EMU.EMUIRN/219989","2025-02-23","Unknown","Medals","Metal"
"219988","2011.0005.0013","Wentworth Pastoral Agricultural & Horticultural Society c1890 'Single Harness Horse'","Medals","David Allen medals collection","David Allen medals collection","Metal - non specific","","","","","","","","https://collectionsearch.nma.gov.au/s/hw/EMU.EMUIRN/219988","2025-02-23","Unknown","Medals","Metal"
"267011","2020.0019.0005","Wildfire New Zealand Kia Kaha medal","Medals","Bungendore Fridge collection","Other Collections","Enamel; Metal - non specific","","","Bungendore, New South Wales, Australia; New Zealand","New South Wales","Australia","-33.8688","151.2093","https://collectionsearch.nma.gov.au/s/hw/EMU.EMUIRN/267011","2025-11-24","Unknown","Medals","Metal"
"230905","2013.0036.0017","City of Warrnambool road race medallion, won by Jim Coyle","Medals; Trophies","Jim Coyle collection","Other Collections","Gold-plated metal; Metal - non specific; Paint - non specific","","","","","","","","https://collectionsearch.nma.gov.au/s/hw/EMU.EMUIRN/230905","2025-02-17","Unknown","Medals","Metal"
"119721","1991.0020.0011","Nine military medals and badges","Military decorations","Andrzej Jedrzejowski collection","Other Collections","Metal - non specific; Plastic - non specific; Textile - non specific","","","","","","","","https://collectionsearch.nma.gov.au/s/hw/EMU.EMUIRN/119721","2026-09-08","Unknown","Medals","Metal"
"241720","2022.0005.0040","Australian Rising Sun insignia badge","Military medals","James Taylor collection no.2","Other Collections","Metal - non specific","","","","","","","","https://collectionsearch.nma.gov.au/s/hw/EMU.EMUIRN/241720","2026-07-27","Unknown","Medals","Metal"
"230458","2013.0022.0011","Medal presented to James Pitkeathly by the Independent Order of Rechabites, Cessnock, NSW","Military medals","James Pitkeathly collection no. 1","Other Collections","Metal - non specific","","","","","","","","https://collectionsearch.nma.gov.au/s/hw/EMU.EMUIRN/230458","2025-02-17","Unknown","Medals","Metal"
"230387","2013.0022.0010","Victory medal awarded to James Pitkeathly","Military medals","James Pitkeathly collection no. 1","Other Collections","Metal - non specific","","","","","","","","https://collectionsearch.nma.gov.au/s/hw/EMU.EMUIRN/230387","2025-02-17","Unknown","Medals","Metal"
"281756","2022.0005.0041","War service medals","Military medals","James Taylor collection no.2","Other Collections","Adhesive - non specific; Metal - non specific; Textile - non specific","","","","","","","","https://collectionsearch.nma.gov.au/s/hw/EMU.EMUIRN/281756","2026-07-27","Unknown","Medals","Metal"
"255236","2013.0063.0004","Matchbox with three First World War Medals inside","Military medals; Military medals","Vincent Burns collection","Other Collections","Aluminium; Card; Enamel; Glue; Ink; Metal - non specific; Paper; Silver","","","","","","","","https://collectionsearch.nma.gov.au/s/hw/EMU.EMUIRN/255236","2026-09-08","Unknown","Medals","Metal"
"135705","1989.0009.0028","Miniature First World War service medals belonging to Edgar Percival","Miniature medals","Dr Robert C Percival collection","Other Collections","Metal - non specific","","","","","","","","https://collectionsearch.nma.gov.au/s/hw/EMU.EMUIRN/135705","2025-02-17","Unknown","Medals","Metal"
"135394","1989.0009.0027","Miniature First World War service medals belonging to Edgar Percival","Miniature medals","Dr Robert C Percival collection","Other Collections","Metal - non specific","","","","","","","","https://collectionsearch.nma.gov.au/s/hw/EMU.EMUIRN/135394","2025-02-17","Unknown","Medals","Metal"
"114495","2006.0101.0008","Miniature medals of William Beausang","Miniature medals","William Beausang collection","Other Collections","Metal - non specific; Textile - non specific","","","","","","","","https://collectionsearch.nma.gov.au/s/hw/EMU.EMUIRN/114495","2025-02-17","Unknown","Medals","Metal"
"73066","2004.0024.0107","Miniature version of the Australian Service Order medal","Miniature medals","Sir Hubert Opperman collection no. 2","Other Collections","Metal - non specific; Textile - non specific","","","","","","","","https://collectionsearch.nma.gov.au/s/hw/EMU.EMUIRN/73066","2021-05-11","Unknown","Medals","Metal"
"226285","2013.0053.0004","Set of three miniature medals owned by Len Uren","Miniature medals","Len Uren collection","Other Collections","Metal - non specific; Textile - non specific","","","","","","","","https://collectionsearch.nma.gov.au/s/hw/EMU.EMUIRN/226285","2025-02-17","Unknown","Medals","Metal"
"50872","1992.0039.0009","Grey and beige coloured, circular, smooth stone in a ring shape","Money","Reverend and Mrs Fenn collection no. 2","Other Collections","Stone - non specific; Textile - non specific","","","","","","","","https://collectionsearch.nma.gov.au/s/hw/EMU.EMUIRN/50872","2025-02-23","Unknown","Other","Textile"
"247395","AR00272.001","One Dollar note - Australian","Money","Vivien Johnson collection","Other Collections","Ink; Paper","","","","","","","","https://collectionsearch.nma.gov.au/s/hw/EMU.EMUIRN/247395","2019-04-16","Unknown","Other","Paper"
"109266","2007.0101.0022","Leather money belt","Money belts","Parsons collection","Other Collections","Leather; Metal - non specific","","","","","","","","https://collectionsearch.nma.gov.au/s/hw/EMU.EMUIRN/109266","2025-02-23","Unknown","Other","Metal"
"46739","1991.0029.0008","Money belt","Money belts","Hilda Creager collection no. 1","Other Collections","Leather; Plastic - non specific","","","","","","","","https://collectionsearch.nma.gov.au/s/hw/EMU.EMUIRN/46739","2025-02-23","Unknown","Other","Plastic / rubber"
"79112","2007.0101.0008","Leather belt pouch","Money pouches","Parsons collection","Other Collections","Leather; Metal - non specific","","","","","","","","https://collectionsearch.nma.gov.au/s/hw/EMU.EMUIRN/79112","2025-02-23","Unknown","Other","Metal"
"111081","2005.0005.0406.002","Leather coin pouch","Money pouches","Springfield - Faithfull Family collection","Springfield - Faithfull Family collection","","","","","","","","","https://collectionsearch.nma.gov.au/s/hw/EMU.EMUIRN/111081","2025-02-24","Unknown","Other","Unspecified"
"55888","1995.0001.0033","Union of Australian Women money pouch","Money pouches","Union of Australian Women collection","Other Collections","Ink; Textile - non specific","","","Sydney, New South Wales, Australia","New South Wales","Australia","-33.8688","151.2093","https://collectionsearch.nma.gov.au/s/hw/EMU.EMUIRN/55888","2025-02-23","Unknown","Other","Paper"
"219514","2016.0018.0003","'Commonwealth Bank of Australia' moneybox containing money","Moneyboxes","David Mulholland collection","Other Collections","Metal - non specific","","","","","","","","https://collectionsearch.nma.gov.au/s/hw/EMU.EMUIRN/219514","2026-09-08","Unknown","Other","Metal"
"23441","1986.0017.0004","Metal money box consisting of figure of horse and boy","Moneyboxes","Grant Phillips Museum collection","Other Collections","Metal - non specific; Paint - non specific","","","","","","","","https://collectionsearch.nma.gov.au/s/hw/EMU.EMUIRN/23441","2025-02-23","Unknown","Other","Metal"
"23440","1986.0017.0003","Metal money box in the figure of a Black American","Moneyboxes","Grant Phillips Museum collection","Other Collections","Metal - non specific; Paint - non specific","","","","","","","","https://collectionsearch.nma.gov.au/s/hw/EMU.EMUIRN/23440","2025-02-23","Unknown","Other","Metal"
"109436","2006.0031.0034","The Queen and Prince Charles money box","Moneyboxes","Professor Peter Spearritt collection no. 2","Other Collections","Tin","","","","","","","","https://collectionsearch.nma.gov.au/s/hw/EMU.EMUIRN/109436","2026-08-14","Unknown","Other","Metal"
"271951","2021.0011.0014","Commemorative mug featuring King Edward VIII, Aynsley Bone China","Mugs","Gary Whipp collection","Gary Whipp collection","Glazed ceramic; Paint - non specific","","","England, United Kingdom","","International","52.435","-1.6772","https://collectionsearch.nma.gov.au/s/hw/EMU.EMUIRN/271951","2025-02-25","Unknown","Other","Ceramic"
"125301","2006.0114.0042","Brides shell money necklace","Necklaces","Geoff Dennis collection","Other Collections","Shell; String; Textile - non specific; Wood","","","Solomon Islands, Oceania","","International","-9.6456","160.156","https://collectionsearch.nma.gov.au/s/hw/EMU.EMUIRN/125301","2025-02-24","Unknown","Other","Textile"
"125151","2006.0114.0052","Shell money necklace","Necklaces","Geoff Dennis collection","Other Collections","Shell; String","","","Solomon Islands, Oceania","","International","","","https://collectionsearch.nma.gov.au/s/hw/EMU.EMUIRN/125151","2025-02-24","Unknown","Other","Stone / mineral"
"78664","2006.0114.0046","Shell money necklace","Necklaces","Geoff Dennis collection","Other Collections","Shell; String","","","Solomon Islands, Oceania","","International","-9.6456","160.156","https://collectionsearch.nma.gov.au/s/hw/EMU.EMUIRN/78664","2025-02-24","Unknown","Other","Stone / mineral"
"47124","2006.0114.0044","Shell money necklace","Necklaces","Geoff Dennis collection","Other Collections","Shell; String","","","Solomon Islands, Oceania","","International","-9.6456","160.156","https://collectionsearch.nma.gov.au/s/hw/EMU.EMUIRN/47124","2025-02-24","Unknown","Other","Stone / mineral"
"125149","2006.0114.0050","Shell money necklace","Necklaces","Geoff Dennis collection","Other Collections","Shell; String","","","Solomon Islands, Oceania","","International","-9.6456","160.156","https://collectionsearch.nma.gov.au/s/hw/EMU.EMUIRN/125149","2025-02-24","Unknown","Other","Stone / mineral"
"78565","2006.0114.0045","Shell money necklace","Necklaces","Geoff Dennis collection","Other Collections","Shell; String","","","Solomon Islands, Oceania","","International","-9.6456","160.156","https://collectionsearch.nma.gov.au/s/hw/EMU.EMUIRN/78565","2025-02-24","Unknown","Other","Stone / mineral"
"78666","2006.0114.0048","Shell money necklace","Necklaces","Geoff Dennis collection","Other Collections","Shell; String","","","Solomon Islands, Oceania","","International","-9.6456","160.156","https://collectionsearch.nma.gov.au/s/hw/EMU.EMUIRN/78666","2025-02-24","Unknown","Other","Stone / mineral"
"125150","2006.0114.0051","Shell money necklace","Necklaces","Geoff Dennis collection","Other Collections","Shell; String","","","Solomon Islands, Oceania","","International","-9.6456","160.156","https://collectionsearch.nma.gov.au/s/hw/EMU.EMUIRN/125150","2025-02-24","Unknown","Other","Stone / mineral"
"125152","2006.0114.0049","Shell money necklace","Necklaces","Geoff Dennis collection","Other Collections","Shell; String","","","Solomon Islands, Oceania","","International","-9.6456","160.156","https://collectionsearch.nma.gov.au/s/hw/EMU.EMUIRN/125152","2025-02-24","Unknown","Other","Stone / mineral"
"78665","2006.0114.0047","Shell money necklace","Necklaces","Geoff Dennis collection","Other Collections","Shell; String; Wood","","","Solomon Islands, Oceania","","International","-9.6456","160.156","https://collectionsearch.nma.gov.au/s/hw/EMU.EMUIRN/78665","2025-02-24","Unknown","Other","Wood"
"121050","2005.0005.1273.005","Handwritten note with a list of scores or money, numbers and names","Notes","Springfield - Faithfull Family collection","Springfield - Faithfull Family collection","","","","","","","","","https://collectionsearch.nma.gov.au/s/hw/EMU.EMUIRN/121050","2025-02-24","Unknown","Banknotes","Unspecified"
"222640","2012.0021.0001","Painting of 'Robert' the bantam, with associated prize medals","Oil paintings","Cecil Thompson Poultry collection","Other Collections","Canvas; Glass; Metal - non specific; Oil paint; Wood","","","","","","","","https://collectionsearch.nma.gov.au/s/hw/EMU.EMUIRN/222640","2026-08-17","Unknown","Other","Metal"
"126800","1988.0048.0145","These Companies make money from the Vietnam War","Pamphlets","Elsie Gare collection no. 1","Other Collections","Paper","","","Vietnam","","International","","","https://collectionsearch.nma.gov.au/s/hw/EMU.EMUIRN/126800","2025-02-24","Unknown","Other","Paper"
"7741","1985.0025.0048","Paper money bag","Paper bags","J B Young Ltd collection","J B Young Ltd collection","Ink; Paper","","","Canberra, Australian Capital Territory, Australia; Queanbeyan, New South Wales, Australia","New South Wales","Australia","-33.8688","151.2093","https://collectionsearch.nma.gov.au/s/hw/EMU.EMUIRN/7741","2025-02-23","Unknown","Other","Paper"
"7795","1985.0025.0102","Young's Store Currency Note","Paper money","J B Young Ltd collection","J B Young Ltd collection","Ink; Paper","","","Canberra, Australian Capital Territory, Australia; Queanbeyan, New South Wales, Australia","New South Wales","Australia","-33.8688","151.2093","https://collectionsearch.nma.gov.au/s/hw/EMU.EMUIRN/7795","2025-02-24","Unknown","Banknotes","Paper"
"7793","1985.0025.0100","Young's Store Currency Note","Paper money","J B Young Ltd collection","J B Young Ltd collection","Ink; Paper","","","Canberra, Australian Capital Territory, Australia; Queanbeyan, New South Wales, Australia","New South Wales","Australia","-33.8688","151.2093","https://collectionsearch.nma.gov.au/s/hw/EMU.EMUIRN/7793","2025-02-24","Unknown","Banknotes","Paper"
"7801","1985.0025.0108","Young's Store Currency Note","Paper money","J B Young Ltd collection","J B Young Ltd collection","Ink; Paper","","","Canberra, Australian Capital Territory, Australia; Queanbeyan, New South Wales, Australia","New South Wales","Australia","-33.8688","151.2093","https://collectionsearch.nma.gov.au/s/hw/EMU.EMUIRN/7801","2025-02-24","Unknown","Banknotes","Paper"
"7785","1985.0025.0092","Young's Store Currency Note","Paper money","J B Young Ltd collection","J B Young Ltd collection","Ink; Paper","","","Canberra, Australian Capital Territory, Australia; Queanbeyan, New South Wales, Australia","New South Wales","Australia","-33.8688","151.2093","https://collectionsearch.nma.gov.au/s/hw/EMU.EMUIRN/7785","2025-02-24","Unknown","Banknotes","Paper"
"7811","1985.0025.0118","Young's Store Currency Note","Paper money","J B Young Ltd collection","J B Young Ltd collection","Ink; Paper","","","Canberra, Australian Capital Territory, Australia; Queanbeyan, New South Wales, Australia","New South Wales","Australia","-33.8688","151.2093","https://collectionsearch.nma.gov.au/s/hw/EMU.EMUIRN/7811","2025-02-24","Unknown","Banknotes","Paper"
"7817","1985.0025.0124","Young's Store Currency Note","Paper money","J B Young Ltd collection","J B Young Ltd collection","Ink; Paper","","","Canberra, Australian Capital Territory, Australia; Queanbeyan, New South Wales, Australia","New South Wales","Australia","-33.8688","151.2093","https://collectionsearch.nma.gov.au/s/hw/EMU.EMUIRN/7817","2025-02-24","Unknown","Banknotes","Paper"
"7812","1985.0025.0119","Young's Store Currency Note","Paper money","J B Young Ltd collection","J B Young Ltd collection","Ink; Paper","","","Canberra, Australian Capital Territory, Australia; Queanbeyan, New South Wales, Australia","New South Wales","Australia","-33.8688","151.2093","https://collectionsearch.nma.gov.au/s/hw/EMU.EMUIRN/7812","2025-02-24","Unknown","Banknotes","Paper"
"7818","1985.0025.0125","Young's Store Currency Note","Paper money","J B Young Ltd collection","J B Young Ltd collection","Ink; Paper","","","Canberra, Australian Capital Territory, Australia; Queanbeyan, New South Wales, Australia","New South Wales","Australia","-33.8688","151.2093","https://collectionsearch.nma.gov.au/s/hw/EMU.EMUIRN/7818","2025-02-24","Unknown","Banknotes","Paper"
"7802","1985.0025.0109","Young's Store Currency Note","Paper money","J B Young Ltd collection","J B Young Ltd collection","Ink; Paper","","","Canberra, Australian Capital Territory, Australia; Queanbeyan, New South Wales, Australia","New South Wales","Australia","-33.8688","151.2093","https://collectionsearch.nma.gov.au/s/hw/EMU.EMUIRN/7802","2025-02-24","Unknown","Banknotes","Paper"
"7800","1985.0025.0107","Young's Store Currency Note","Paper money","J B Young Ltd collection","J B Young Ltd collection","Ink; Paper","","","Canberra, Australian Capital Territory, Australia; Queanbeyan, New South Wales, Australia","New South Wales","Australia","-33.8688","151.2093","https://collectionsearch.nma.gov.au/s/hw/EMU.EMUIRN/7800","2025-02-24","Unknown","Banknotes","Paper"
"7803","1985.0025.0110","Young's Store Currency Note","Paper money","J B Young Ltd collection","J B Young Ltd collection","Ink; Paper","","","Canberra, Australian Capital Territory, Australia; Queanbeyan, New South Wales, Australia","New South Wales","Australia","-33.8688","151.2093","https://collectionsearch.nma.gov.au/s/hw/EMU.EMUIRN/7803","2025-02-24","Unknown","Banknotes","Paper"
"7804","1985.0025.0111","Young's Store Currency Note","Paper money","J B Young Ltd collection","J B Young Ltd collection","Ink; Paper","","","Canberra, Australian Capital Territory, Australia; Queanbeyan, New South Wales, Australia","New South Wales","Australia","-33.8688","151.2093","https://collectionsearch.nma.gov.au/s/hw/EMU.EMUIRN/7804","2025-02-24","Unknown","Banknotes","Paper"
"7794","1985.0025.0101","Young's Store Currency Note","Paper money","J B Young Ltd collection","J B Young Ltd collection","Ink; Paper","","","Canberra, Australian Capital Territory, Australia; Queanbeyan, New South Wales, Australia","New South Wales","Australia","-33.8688","151.2093","https://collectionsearch.nma.gov.au/s/hw/EMU.EMUIRN/7794","2025-02-24","Unknown","Banknotes","Paper"
"7813","1985.0025.0120","Young's Store Currency Note","Paper money","J B Young Ltd collection","J B Young Ltd collection","Ink; Paper","","","Canberra, Australian Capital Territory, Australia; Queanbeyan, New South Wales, Australia","New South Wales","Australia","-33.8688","151.2093","https://collectionsearch.nma.gov.au/s/hw/EMU.EMUIRN/7813","2025-02-24","Unknown","Banknotes","Paper"
"7810","1985.0025.0117","Young's Store Currency Note","Paper money","J B Young Ltd collection","J B Young Ltd collection","Ink; Paper","","","Canberra, Australian Capital Territory, Australia; Queanbeyan, New South Wales, Australia","New South Wales","Australia","-33.8688","151.2093","https://collectionsearch.nma.gov.au/s/hw/EMU.EMUIRN/7810","2025-02-24","Unknown","Banknotes","Paper"
"7824","1985.0025.0131","Young's Store Currency Note","Paper money","J B Young Ltd collection","J B Young Ltd collection","Ink; Paper","","","Canberra, Australian Capital Territory, Australia; Queanbeyan, New South Wales, Australia","New South Wales","Australia","-33.8688","151.2093","https://collectionsearch.nma.gov.au/s/hw/EMU.EMUIRN/7824","2025-02-24","Unknown","Banknotes","Paper"
"7827","1985.0025.0134","Young's Store Currency Note","Paper money","J B Young Ltd collection","J B Young Ltd collection","Ink; Paper","","","Canberra, Australian Capital Territory, Australia; Queanbeyan, New South Wales, Australia","New South Wales","Australia","-33.8688","151.2093","https://collectionsearch.nma.gov.au/s/hw/EMU.EMUIRN/7827","2025-02-24","Unknown","Banknotes","Paper"
"7828","1985.0025.0135","Young's Store Currency Note","Paper money","J B Young Ltd collection","J B Young Ltd collection","Ink; Paper","","","Canberra, Australian Capital Territory, Australia; Queanbeyan, New South Wales, Australia","New South Wales","Australia","-33.8688","151.2093","https://collectionsearch.nma.gov.au/s/hw/EMU.EMUIRN/7828","2025-02-24","Unknown","Banknotes","Paper"
"7819","1985.0025.0126","Young's Store Currency Note","Paper money","J B Young Ltd collection","J B Young Ltd collection","Ink; Paper","","","Canberra, Australian Capital Territory, Australia; Queanbeyan, New South Wales, Australia","New South Wales","Australia","-33.8688","151.2093","https://collectionsearch.nma.gov.au/s/hw/EMU.EMUIRN/7819","2025-02-24","Unknown","Banknotes","Paper"
"7829","1985.0025.0136","Young's Store Currency Note","Paper money","J B Young Ltd collection","J B Young Ltd collection","Ink; Paper","","","Canberra, Australian Capital Territory, Australia; Queanbeyan, New South Wales, Australia","New South Wales","Australia","-33.8688","151.2093","https://collectionsearch.nma.gov.au/s/hw/EMU.EMUIRN/7829","2025-02-24","Unknown","Banknotes","Paper"
"7823","1985.0025.0130","Young's Store Currency Note","Paper money","J B Young Ltd collection","J B Young Ltd collection","Ink; Paper","","","Canberra, Australian Capital Territory, Australia; Queanbeyan, New South Wales, Australia","New South Wales","Australia","-33.8688","151.2093","https://collectionsearch.nma.gov.au/s/hw/EMU.EMUIRN/7823","2025-02-24","Unknown","Banknotes","Paper"
"7831","1985.0025.0138","Young's Store Currency Note","Paper money","J B Young Ltd collection","J B Young Ltd collection","Ink; Paper","","","Canberra, Australian Capital Territory, Australia; Queanbeyan, New South Wales, Australia","New South Wales","Australia","-33.8688","151.2093","https://collectionsearch.nma.gov.au/s/hw/EMU.EMUIRN/7831","2025-02-24","Unknown","Banknotes","Paper"
"7807","1985.0025.0114","Young's Store Currency Note","Paper money","J B Young Ltd collection","J B Young Ltd collection","Ink; Paper","","","Canberra, Australian Capital Territory, Australia; Queanbeyan, New South Wales, Australia","New South Wales","Australia","-33.8688","151.2093","https://collectionsearch.nma.gov.au/s/hw/EMU.EMUIRN/7807","2025-02-24","Unknown","Banknotes","Paper"
"7797","1985.0025.0104","Young's Store Currency Note","Paper money","J B Young Ltd collection","J B Young Ltd collection","Ink; Paper","","","Canberra, Australian Capital Territory, Australia; Queanbeyan, New South Wales, Australia","New South Wales","Australia","-33.8688","151.2093","https://collectionsearch.nma.gov.au/s/hw/EMU.EMUIRN/7797","2025-02-24","Unknown","Banknotes","Paper"
"7815","1985.0025.0122","Young's Store Currency Note","Paper money","J B Young Ltd collection","J B Young Ltd collection","Ink; Paper","","","Canberra, Australian Capital Territory, Australia; Queanbeyan, New South Wales, Australia","New South Wales","Australia","-33.8688","151.2093","https://collectionsearch.nma.gov.au/s/hw/EMU.EMUIRN/7815","2025-02-24","Unknown","Banknotes","Paper"
"7816","1985.0025.0123","Young's Store Currency Note","Paper money","J B Young Ltd collection","J B Young Ltd collection","Ink; Paper","","","Canberra, Australian Capital Territory, Australia; Queanbeyan, New South Wales, Australia","New South Wales","Australia","-33.8688","151.2093","https://collectionsearch.nma.gov.au/s/hw/EMU.EMUIRN/7816","2025-02-24","Unknown","Banknotes","Paper"
"7814","1985.0025.0121","Young's Store Currency Note","Paper money","J B Young Ltd collection","J B Young Ltd collection","Ink; Paper","","","Canberra, Australian Capital Territory, Australia; Queanbeyan, New South Wales, Australia","New South Wales","Australia","-33.8688","151.2093","https://collectionsearch.nma.gov.au/s/hw/EMU.EMUIRN/7814","2025-02-24","Unknown","Banknotes","Paper"
"7796","1985.0025.0103","Young's Store Currency Note","Paper money","J B Young Ltd collection","J B Young Ltd collection","Ink; Paper","","","Canberra, Australian Capital Territory, Australia; Queanbeyan, New South Wales, Australia","New South Wales","Australia","-33.8688","151.2093","https://collectionsearch.nma.gov.au/s/hw/EMU.EMUIRN/7796","2025-02-24","Unknown","Banknotes","Paper"
"7806","1985.0025.0113","Young's Store Currency Note","Paper money","J B Young Ltd collection","J B Young Ltd collection","Ink; Paper","","","Canberra, Australian Capital Territory, Australia; Queanbeyan, New South Wales, Australia","New South Wales","Australia","-33.8688","151.2093","https://collectionsearch.nma.gov.au/s/hw/EMU.EMUIRN/7806","2025-02-24","Unknown","Banknotes","Paper"
"7798","1985.0025.0105","Young's Store Currency Note","Paper money","J B Young Ltd collection","J B Young Ltd collection","Ink; Paper","","","Canberra, Australian Capital Territory, Australia; Queanbeyan, New South Wales, Australia","New South Wales","Australia","-33.8688","151.2093","https://collectionsearch.nma.gov.au/s/hw/EMU.EMUIRN/7798","2025-02-24","Unknown","Banknotes","Paper"
"7805","1985.0025.0112","Young's Store Currency Note","Paper money","J B Young Ltd collection","J B Young Ltd collection","Ink; Paper","","","Canberra, Australian Capital Territory, Australia; Queanbeyan, New South Wales, Australia","New South Wales","Australia","-33.8688","151.2093","https://collectionsearch.nma.gov.au/s/hw/EMU.EMUIRN/7805","2025-02-24","Unknown","Banknotes","Paper"
"7809","1985.0025.0116","Young's Store Currency Note","Paper money","J B Young Ltd collection","J B Young Ltd collection","Ink; Paper","","","Canberra, Australian Capital Territory, Australia; Queanbeyan, New South Wales, Australia","New South Wales","Australia","-33.8688","151.2093","https://collectionsearch.nma.gov.au/s/hw/EMU.EMUIRN/7809","2025-02-24","Unknown","Banknotes","Paper"
"7799","1985.0025.0106","Young's Store Currency Note","Paper money","J B Young Ltd collection","J B Young Ltd collection","Ink; Paper","","","Canberra, Australian Capital Territory, Australia; Queanbeyan, New South Wales, Australia","New South Wales","Australia","-33.8688","151.2093","https://collectionsearch.nma.gov.au/s/hw/EMU.EMUIRN/7799","2025-02-24","Unknown","Banknotes","Paper"
"7808","1985.0025.0115","Young's Store Currency Note","Paper money","J B Young Ltd collection","J B Young Ltd collection","Ink; Paper","","","Canberra, Australian Capital Territory, Australia; Queanbeyan, New South Wales, Australia","New South Wales","Australia","-33.8688","151.2093","https://collectionsearch.nma.gov.au/s/hw/EMU.EMUIRN/7808","2025-02-24","Unknown","Banknotes","Paper"
"7821","1985.0025.0128","Young's Store Currency Note","Paper money","J B Young Ltd collection","J B Young Ltd collection","Ink; Paper","","","Canberra, Australian Capital Territory, Australia; Queanbeyan, New South Wales, Australia","New South Wales","Australia","-33.8688","151.2093","https://collectionsearch.nma.gov.au/s/hw/EMU.EMUIRN/7821","2025-02-24","Unknown","Banknotes","Paper"
"7820","1985.0025.0127","Young's Store Currency Note","Paper money","J B Young Ltd collection","J B Young Ltd collection","Ink; Paper","","","Canberra, Australian Capital Territory, Australia; Queanbeyan, New South Wales, Australia","New South Wales","Australia","-33.8688","151.2093","https://collectionsearch.nma.gov.au/s/hw/EMU.EMUIRN/7820","2025-02-24","Unknown","Banknotes","Paper"
"7822","1985.0025.0129","Young's Store Currency Note","Paper money","J B Young Ltd collection","J B Young Ltd collection","Ink; Paper","","","Canberra, Australian Capital Territory, Australia; Queanbeyan, New South Wales, Australia","New South Wales","Australia","-33.8688","151.2093","https://collectionsearch.nma.gov.au/s/hw/EMU.EMUIRN/7822","2025-02-24","Unknown","Banknotes","Paper"
"7826","1985.0025.0133","Young's Store Currency Note","Paper money","J B Young Ltd collection","J B Young Ltd collection","Ink; Paper","","","Canberra, Australian Capital Territory, Australia; Queanbeyan, New South Wales, Australia","New South Wales","Australia","-33.8688","151.2093","https://collectionsearch.nma.gov.au/s/hw/EMU.EMUIRN/7826","2025-02-24","Unknown","Banknotes","Paper"
"7825","1985.0025.0132","Young's Store Currency Note","Paper money","J B Young Ltd collection","J B Young Ltd collection","Ink; Paper","","","Canberra, Australian Capital Territory, Australia; Queanbeyan, New South Wales, Australia","New South Wales","Australia","-33.8688","151.2093","https://collectionsearch.nma.gov.au/s/hw/EMU.EMUIRN/7825","2025-02-24","Unknown","Banknotes","Paper"
"7832","1985.0025.0139","Young's Store Currency Note","Paper money","J B Young Ltd collection","J B Young Ltd collection","Ink; Paper","","","Canberra, Australian Capital Territory, Australia; Queanbeyan, New South Wales, Australia","New South Wales","Australia","-33.8688","151.2093","https://collectionsearch.nma.gov.au/s/hw/EMU.EMUIRN/7832","2025-02-24","Unknown","Banknotes","Paper"
"7833","1985.0025.0140","Young's Store Currency Note","Paper money","J B Young Ltd collection","J B Young Ltd collection","Ink; Paper","","","Canberra, Australian Capital Territory, Australia; Queanbeyan, New South Wales, Australia","New South Wales","Australia","-33.8688","151.2093","https://collectionsearch.nma.gov.au/s/hw/EMU.EMUIRN/7833","2025-02-24","Unknown","Banknotes","Paper"
"7830","1985.0025.0137","Young's Store Currency Note","Paper money","J B Young Ltd collection","J B Young Ltd collection","Ink; Paper","","","Canberra, Australian Capital Territory, Australia; Queanbeyan, New South Wales, Australia","New South Wales","Australia","-33.8688","151.2093","https://collectionsearch.nma.gov.au/s/hw/EMU.EMUIRN/7830","2025-02-24","Unknown","Banknotes","Paper"
"7834","1985.0025.0141","Young's Store Currency Note","Paper money","J B Young Ltd collection","J B Young Ltd collection","Ink; Paper","","","Canberra, Australian Capital Territory, Australia; Queanbeyan, New South Wales, Australia","New South Wales","Australia","-33.8688","151.2093","https://collectionsearch.nma.gov.au/s/hw/EMU.EMUIRN/7834","2025-02-24","Unknown","Banknotes","Paper"
"7788","1985.0025.0095","Young's currency note","Paper money","J B Young Ltd collection","J B Young Ltd collection","Ink; Paper","","","Canberra, Australian Capital Territory, Australia; Queanbeyan, New South Wales, Australia","New South Wales","Australia","-33.8688","151.2093","https://collectionsearch.nma.gov.au/s/hw/EMU.EMUIRN/7788","2025-02-24","Unknown","Banknotes","Paper"
"7787","1985.0025.0094","Young's currency note","Paper money","J B Young Ltd collection","J B Young Ltd collection","Ink; Paper","","","Canberra, Australian Capital Territory, Australia; Queanbeyan, New South Wales, Australia","New South Wales","Australia","-33.8688","151.2093","https://collectionsearch.nma.gov.au/s/hw/EMU.EMUIRN/7787","2025-02-24","Unknown","Banknotes","Paper"
"7786","1985.0025.0093","Young's currency note","Paper money","J B Young Ltd collection","J B Young Ltd collection","Ink; Paper","","","Canberra, Australian Capital Territory, Australia; Queanbeyan, New South Wales, Australia","New South Wales","Australia","-33.8688","151.2093","https://collectionsearch.nma.gov.au/s/hw/EMU.EMUIRN/7786","2025-02-24","Unknown","Banknotes","Paper"
"7789","1985.0025.0096","Young's store currency note.","Paper money","J B Young Ltd collection","J B Young Ltd collection","Ink; Paper","","","Canberra, Australian Capital Territory, Australia; Queanbeyan, New South Wales, Australia","New South Wales","Australia","-33.8688","151.2093","https://collectionsearch.nma.gov.au/s/hw/EMU.EMUIRN/7789","2025-02-24","Unknown","Banknotes","Paper"
"7792","1985.0025.0099","Young's store currency note.","Paper money","J B Young Ltd collection","J B Young Ltd collection","Ink; Paper","","","Canberra, Australian Capital Territory, Australia; Queanbeyan, New South Wales, Australia","New South Wales","Australia","-33.8688","151.2093","https://collectionsearch.nma.gov.au/s/hw/EMU.EMUIRN/7792","2025-02-24","Unknown","Banknotes","Paper"
"7791","1985.0025.0098","Young's store currency note.","Paper money","J B Young Ltd collection","J B Young Ltd collection","Ink; Paper","","","Canberra, Australian Capital Territory, Australia; Queanbeyan, New South Wales, Australia","New South Wales","Australia","-33.8688","151.2093","https://collectionsearch.nma.gov.au/s/hw/EMU.EMUIRN/7791","2025-02-24","Unknown","Banknotes","Paper"
"7790","1985.0025.0097","Young's store currency note.","Paper money","J B Young Ltd collection","J B Young Ltd collection","Ink; Paper","","","Canberra, Australian Capital Territory, Australia; Queanbeyan, New South Wales, Australia","New South Wales","Australia","-33.8688","151.2093","https://collectionsearch.nma.gov.au/s/hw/EMU.EMUIRN/7790","2025-02-24","Unknown","Banknotes","Paper"
"224258","2012.0027.0039","Commemorative paperweight for the canonisation of Mary MacKillop","Paperweights","Sisters of St Joseph collection","Other Collections","Glass; Metal - non specific","","","Rome, Italy","","International","","","https://collectionsearch.nma.gov.au/s/hw/EMU.EMUIRN/224258","2025-02-17","Unknown","Other","Metal"
"146514","2007.0053.0222","Beaded decoration","Personal adornments","Aboriginal and Torres Strait Islander Affairs Art (ATSIAA) collection no. 1","Other Collections","Beads","","","Canberra, Australian Capital Territory, Australia","Australian Capital Territory","Australia","-35.2809","149.13","https://collectionsearch.nma.gov.au/s/hw/EMU.EMUIRN/146514","2025-07-29","Unknown","Other","Other / unclear"
"127937","1991.0056.0273","Velox Transparent Watercolour Stamps, manufactured by Eastman Kodak Co","Photographic equipment","Turner Family collection","Other Collections","Paper; Pigment","","","","","","","","https://collectionsearch.nma.gov.au/s/hw/EMU.EMUIRN/127937","2025-02-23","Unknown","Other","Paper"
"133610","1987.0031.0173","A 5 tier commemorative cake decorated with an oval plaque with an emu, kangaroo, shield and a rising sun","Photographic postcards","Margot Child collection","Other Collections","Ink; Paper","","","","","","","","https://collectionsearch.nma.gov.au/s/hw/EMU.EMUIRN/133610","2025-02-24","Unknown","Other","Paper"
"31839","1986.0117.1179","Group of school boys with sashes and medals, who are standing with a Marist Brother","Photographic postcards","Josef Lebovic Gallery collection no. 1","Other Collections","Ink; Paper","","","","","","","","https://collectionsearch.nma.gov.au/s/hw/EMU.EMUIRN/31839","2025-02-24","Unknown","Other","Paper"
"178603","AR00019.008.021","Black and white photograph - Beth Dean and Victor Carrell with medals.","Photographs","Beth Dean Carell collection no. 1","Other Collections","","","","","","","","","https://collectionsearch.nma.gov.au/s/hw/EMU.EMUIRN/178603","2025-02-27","Unknown","Other","Unspecified"
"178602","AR00019.008.020","Black and white photograph - Beth Dean and Victor Carrell with medals.","Photographs","Beth Dean Carell collection no. 1","Other Collections","","","","","","","","","https://collectionsearch.nma.gov.au/s/hw/EMU.EMUIRN/178602","2025-02-27","Unknown","Other","Unspecified"
"59493","2000.0014.0267","Decoration on Ernabella fighting spear","Photographs","Winifred Hilliard collection no. 3","Other Collections","Paper; Photographic emulsion","","","Ernabella, South Australia, Australia","South Australia","Australia","-26.2642","132.176","https://collectionsearch.nma.gov.au/s/hw/EMU.EMUIRN/59493","2025-02-23","Unknown","Other","Paper"
"171939","1986.0117.4832","HMS Mallow","Photographs","Josef Lebovic Gallery collection no. 1","Other Collections","Ink; Paper","","","","","","","","https://collectionsearch.nma.gov.au/s/hw/EMU.EMUIRN/171939","2025-02-23","Unknown","Other","Paper"
"121826","AR00228.045","John Warren, staff and Socceroos teammates wearing medals with cup at centre, Vietnam","Photographs","John 'Johnny' Warren collection","Other Collections","Graphite; Paper; Photographic emulsion","","","","","","","","https://collectionsearch.nma.gov.au/s/hw/EMU.EMUIRN/121826","2022-08-25","Unknown","Other","Paper"
"146307","2007.0053.0114","Commemorative plaque from National Defense College, Thailand","Plaques","Aboriginal and Torres Strait Islander Affairs Art (ATSIAA) collection no. 1","Other Collections","Metal - non specific; Wood","","","Canberra, Australian Capital Territory, Australia","Australian Capital Territory","Australia","-35.2809","149.13","https://collectionsearch.nma.gov.au/s/hw/EMU.EMUIRN/146307","2025-02-23","Unknown","Other","Metal"
"153298","2007.0053.0213","Commemorative plaque from the Institute of Defence in Indonesia","Plaques","Aboriginal and Torres Strait Islander Affairs Art (ATSIAA) collection no. 1","Other Collections","Cotton cloth; Resin - non specific; Wood","","","Canberra, Australian Capital Territory, Australia","Australian Capital Territory","Australia","-35.2809","149.13","https://collectionsearch.nma.gov.au/s/hw/EMU.EMUIRN/153298","2026-09-08","Unknown","Other","Textile"
"271973","2021.0011.0040","Commemorative plate featuring King Edward VIII","Plates","Gary Whipp collection","Gary Whipp collection","Glazed ceramic; Paint - non specific","","","England, United Kingdom","","International","52.435","-1.6772","https://collectionsearch.nma.gov.au/s/hw/EMU.EMUIRN/271973","2025-02-25","Unknown","Other","Ceramic"
"116670","1992.0096.0008","Poster titled 'Take your money, your dicks, your bombs and diseases. Get on your ships and go home! Prostitutes for Peace'","Political posters","Benny Zable collection no. 2","Other Collections","Paper","","","","","","","","https://collectionsearch.nma.gov.au/s/hw/EMU.EMUIRN/116670","2025-02-24","Unknown","Other","Paper"
"72910","2004.0024.0007.002","Air mail stamps","Postage stamps","Sir Hubert Opperman collection no. 2","Other Collections","Paper","","","","","","","","https://collectionsearch.nma.gov.au/s/hw/EMU.EMUIRN/72910","2021-05-11","Unknown","Stamps","Paper"
"111222","2005.0005.0459.003","Part of a one penny stamp, stamped GOULBURN","Postage stamps","Springfield - Faithfull Family collection","Springfield - Faithfull Family collection","","","","","","","","","https://collectionsearch.nma.gov.au/s/hw/EMU.EMUIRN/111222","2025-02-24","Unknown","Stamps","Unspecified"
"126519","2005.0005.1456.004","Set of twelve unused postage stamps","Postage stamps","Springfield - Faithfull Family collection","Springfield - Faithfull Family collection","","","","","","","","","https://collectionsearch.nma.gov.au/s/hw/EMU.EMUIRN/126519","2025-02-24","Unknown","Stamps","Unspecified"
"126521","2005.0005.1456.005","Set of twelve unused postage stamps","Postage stamps","Springfield - Faithfull Family collection","Springfield - Faithfull Family collection","","","","","","","","","https://collectionsearch.nma.gov.au/s/hw/EMU.EMUIRN/126521","2025-02-24","Unknown","Stamps","Unspecified"
"36659","1987.0085.0002","Sheet of five Solidarity stamps","Postage stamps","Adam Warzel collection","Other Collections","","","","","","","","","https://collectionsearch.nma.gov.au/s/hw/EMU.EMUIRN/36659","2025-02-24","Unknown","Stamps","Unspecified"
"36660","1987.0085.0003","Sheet of four Solidarity stamps","Postage stamps","Adam Warzel collection","Other Collections","","","","","","","","","https://collectionsearch.nma.gov.au/s/hw/EMU.EMUIRN/36660","2025-02-24","Unknown","Stamps","Unspecified"
"33748","1986.0117.3083","Australian Natives - Taking down the poor Bushies. A fool and his money soon parted [proof copy]","Postcards","Josef Lebovic Gallery collection no. 1","Other Collections","Ink; Paper","","","","","","","","https://collectionsearch.nma.gov.au/s/hw/EMU.EMUIRN/33748","2025-02-24","Unknown","Other","Paper"
"171860","1986.0117.4783","Fully rigged ship at sea","Postcards","Josef Lebovic Gallery collection no. 1","Other Collections","Ink; Paper","","","United Kingdom","","International","","","https://collectionsearch.nma.gov.au/s/hw/EMU.EMUIRN/171860","2025-02-24","Unknown","Other","Paper"
"137917","1986.0117.7594","Postcard - Father, teacher says I've gotter bring a penny wi' me to school termorrer","Postcards","Josef Lebovic Gallery collection no. 1","Other Collections","Ink; Paper","","","England, Great Britain","","International","52.435","-1.6772","https://collectionsearch.nma.gov.au/s/hw/EMU.EMUIRN/137917","2025-02-24","Unknown","Other","Paper"
"139778","1986.0117.5561","Seven Shilling Beach","Postcards","Josef Lebovic Gallery collection no. 1","Other Collections","Ink; Paper","","","Double Bay, Sydney, New South Wales, Australia","New South Wales","Australia","-33.8688","151.2093","https://collectionsearch.nma.gov.au/s/hw/EMU.EMUIRN/139778","2025-02-24","Unknown","Other","Paper"
"144889","1986.0117.6945","Shirley Eileen Piper","Postcards","Josef Lebovic Gallery collection no. 1","Other Collections","Ink; Paper","","","","","","","","https://collectionsearch.nma.gov.au/s/hw/EMU.EMUIRN/144889","2025-02-24","Unknown","Other","Paper"
"122319","1989.0074.0051","Poster titled 'The Official Bicentennial Commemorative Medallion...Available here'","Posters","Australian Bicentennial Authority collection","Other Collections","Paper","","","","","","","","https://collectionsearch.nma.gov.au/s/hw/EMU.EMUIRN/122319","2025-02-24","Unknown","Other","Paper"
"210629","2007.0084.0044.002","Presentation box for Second FIFA Coaching School for Asia commemorative medal","Presentation boxes","John 'Johnny' Warren collection","Other Collections","Felted cloth - non specific; Metal - non specific; Paint - non specific; Wood","","","Kuala Lumpur, Malaysia","","International","","","https://collectionsearch.nma.gov.au/s/hw/EMU.EMUIRN/210629","2022-04-08","Unknown","Other","Metal"
"260928","2019.0024.0001.008","Presentation box for medals","Presentation boxes","James King collection","Other Collections","Adhesive - non specific; Leather; Metal - non specific; Velvet; Wood","","","","","","","","https://collectionsearch.nma.gov.au/s/hw/EMU.EMUIRN/260928","2026-09-08","Unknown","Other","Metal"
"76075","2005.0005.0194","Small wall decoration printed with the Lord's prayer, in a pseudo timber frame","Religious objects","Springfield - Faithfull Family collection","Springfield - Faithfull Family collection","Card","","","","","","","","https://collectionsearch.nma.gov.au/s/hw/EMU.EMUIRN/76075","2025-02-24","Unknown","Other","Paper"
"209164","2006.0109.0367","Barrett Bros, North Fitzroy, Rubber stamp plate, no handle","Rubber stamps","William and Jeanette Derham Family - Bendigo Pottery collection","William and Jeanette Derham Family - Bendigo Pottery collection","Rubber","","","","","","","","https://collectionsearch.nma.gov.au/s/hw/EMU.EMUIRN/209164","2025-02-23","Unknown","Stamps","Plastic / rubber"
"25849","1986.0021.0566","C Wynne rubber stamp mounted on a wooden block with a handle","Rubber stamps","Neville and Kate Locker collection","Other Collections","Metal - non specific; Rubber; Wood","","","Cooma, New South Wales, Australia; Nimmitabel, New South Wales, Australia","New South Wales","Australia","-33.8688","151.2093","https://collectionsearch.nma.gov.au/s/hw/EMU.EMUIRN/25849","2025-02-26","Unknown","Stamps","Metal"
"209190","2006.0109.0377","Caution, Rubber stamp, no handle","Rubber stamps","William and Jeanette Derham Family - Bendigo Pottery collection","William and Jeanette Derham Family - Bendigo Pottery collection","Rubber","","","","","","","","https://collectionsearch.nma.gov.au/s/hw/EMU.EMUIRN/209190","2025-02-23","Unknown","Stamps","Plastic / rubber"
"209182","2006.0109.0369","Cawsey Menok & Co., Rubber stamp plate, no handle","Rubber stamps","William and Jeanette Derham Family - Bendigo Pottery collection","William and Jeanette Derham Family - Bendigo Pottery collection","Rubber","","","","","","","","https://collectionsearch.nma.gov.au/s/hw/EMU.EMUIRN/209182","2025-02-23","Unknown","Stamps","Plastic / rubber"
"73536","2006.0109.0364","Chapman Bros Pty Ltd Hanover St Fitzroy, Rubber stamp plate, no handle","Rubber stamps","William and Jeanette Derham Family - Bendigo Pottery collection","William and Jeanette Derham Family - Bendigo Pottery collection","Rubber","","","","","","","","https://collectionsearch.nma.gov.au/s/hw/EMU.EMUIRN/73536","2025-02-23","Unknown","Stamps","Plastic / rubber"
"209188","2006.0109.0375","F.R. Honey, Midland Junction, no handle","Rubber stamps","William and Jeanette Derham Family - Bendigo Pottery collection","William and Jeanette Derham Family - Bendigo Pottery collection","Rubber","","","","","","","","https://collectionsearch.nma.gov.au/s/hw/EMU.EMUIRN/209188","2025-02-23","Unknown","Stamps","Plastic / rubber"
"209186","2006.0109.0373","Fergusson's Arsenate of Lead, Rubber stamp plate, no handle","Rubber stamps","William and Jeanette Derham Family - Bendigo Pottery collection","William and Jeanette Derham Family - Bendigo Pottery collection","Rubber","","","","","","","","https://collectionsearch.nma.gov.au/s/hw/EMU.EMUIRN/209186","2025-02-23","Unknown","Stamps","Plastic / rubber"
"25851","1986.0021.0568","Final Notice mounted on a wooden block with a handle","Rubber stamps","Neville and Kate Locker collection","Other Collections","Rubber; Wood","","","Cooma, New South Wales, Australia; Nimmitabel, New South Wales, Australia","New South Wales","Australia","-33.8688","151.2093","https://collectionsearch.nma.gov.au/s/hw/EMU.EMUIRN/25851","2025-02-26","Unknown","Stamps","Plastic / rubber"
"209162","2006.0109.0366","HH Tandy Ltd Adelaide, Rubber stamp plate, no handle","Rubber stamps","William and Jeanette Derham Family - Bendigo Pottery collection","William and Jeanette Derham Family - Bendigo Pottery collection","Rubber","","","","","","","","https://collectionsearch.nma.gov.au/s/hw/EMU.EMUIRN/209162","2025-02-23","Unknown","Stamps","Plastic / rubber"
"172429","1981.0015.0001","Harold Holt stamp","Rubber stamps","F Brice collection","Other Collections","Metal - non specific; Paint - non specific; Rubber; Wood","","","","","","","","https://collectionsearch.nma.gov.au/s/hw/EMU.EMUIRN/172429","2025-02-23","Unknown","Stamps","Metal"
"209183","2006.0109.0370","Horseshoe image, Rubber stamp plate, no handle","Rubber stamps","William and Jeanette Derham Family - Bendigo Pottery collection","William and Jeanette Derham Family - Bendigo Pottery collection","Rubber","","","","","","","","https://collectionsearch.nma.gov.au/s/hw/EMU.EMUIRN/209183","2025-02-23","Unknown","Stamps","Plastic / rubber"
"209160","2006.0109.0365","John B Eaton Mitchell, Rubber stamp plate, no handle","Rubber stamps","William and Jeanette Derham Family - Bendigo Pottery collection","William and Jeanette Derham Family - Bendigo Pottery collection","Rubber","","","","","","","","https://collectionsearch.nma.gov.au/s/hw/EMU.EMUIRN/209160","2025-02-23","Unknown","Stamps","Plastic / rubber"
"209185","2006.0109.0372","Kirra Aerated Water Co, Rubber stamp plate, no handle","Rubber stamps","William and Jeanette Derham Family - Bendigo Pottery collection","William and Jeanette Derham Family - Bendigo Pottery collection","Rubber","","","","","","","","https://collectionsearch.nma.gov.au/s/hw/EMU.EMUIRN/209185","2025-02-23","Unknown","Stamps","Plastic / rubber"
"25850","1986.0021.0567","Quail's Gifts & Travel Goods Centre rubber stamp on a wooden handle","Rubber stamps","Neville and Kate Locker collection","Other Collections","Metal - non specific; Rubber; Wood","","","Cooma, New South Wales, Australia; Nimmitabel, New South Wales, Australia","New South Wales","Australia","-33.8688","151.2093","https://collectionsearch.nma.gov.au/s/hw/EMU.EMUIRN/25850","2025-02-26","Unknown","Stamps","Metal"
"255971","2013.0038.0563","Rabbit in a red cape rubber stamp","Rubber stamps","Susan and Andrew Gibson collection","Other Collections","Glue; Ink; Paper; Rubber; Wood","","","Goulburn, New South Wales, Australia","New South Wales","Australia","-33.8688","151.2093","https://collectionsearch.nma.gov.au/s/hw/EMU.EMUIRN/255971","2025-02-19","Unknown","Stamps","Paper"
"255972","2013.0038.0564","Rabbit running rubber stamp","Rubber stamps","Susan and Andrew Gibson collection","Other Collections","Glue; Ink; Paper; Rubber; Wood","","","Goulburn, New South Wales, Australia","New South Wales","Australia","-33.8688","151.2093","https://collectionsearch.nma.gov.au/s/hw/EMU.EMUIRN/255972","2025-02-19","Unknown","Stamps","Paper"
"255965","2013.0038.0562","Rabbit under fence rubber stamp","Rubber stamps","Susan and Andrew Gibson collection","Other Collections","Glue; Ink; Paper; Rubber; Wood","","","Goulburn, New South Wales, Australia","New South Wales","Australia","-33.8688","151.2093","https://collectionsearch.nma.gov.au/s/hw/EMU.EMUIRN/255965","2025-02-19","Unknown","Stamps","Paper"
"144873","1988.0083.0276","Rubber stamp","Rubber stamps","People for Nuclear Disarmament collection no. 1","Other Collections","Rubber; Wood","","","","","","","","https://collectionsearch.nma.gov.au/s/hw/EMU.EMUIRN/144873","2025-02-23","Unknown","Stamps","Plastic / rubber"
"229326","2013.0039.0009","Rubber stamp featuring 'Life. Be in it' character 'Aunty Ivy'","Rubber stamps","Ivy Lovric collection","Other Collections","Ink; Paint - non specific; Plastic - non specific; Rubber","","","","","","","","https://collectionsearch.nma.gov.au/s/hw/EMU.EMUIRN/229326","2025-02-23","Unknown","Stamps","Paper"
"229325","2013.0039.0007","Rubber stamp featuring 'Life. Be in it' character 'Aunty Ivy'","Rubber stamps","Ivy Lovric collection","Other Collections","Ink; Paint - non specific; Plastic - non specific; Rubber","","","","","","","","https://collectionsearch.nma.gov.au/s/hw/EMU.EMUIRN/229325","2025-02-23","Unknown","Stamps","Paper"
"279507","AR00363.024","Rubber stamp for Tasmanian Wilderness Society Inc.","Rubber stamps","Judy and Vincent Mahon collection","Other Collections","Adhesive - non specific; Card; Ink; Plastic; Rubber","","","Franklin River, Tasmania, Australia","Tasmania","Australia","-42.8821","147.3272","https://collectionsearch.nma.gov.au/s/hw/EMU.EMUIRN/279507","2025-02-24","Unknown","Stamps","Paper"
"209187","2006.0109.0374","Rubber stamp plate, no handle","Rubber stamps","William and Jeanette Derham Family - Bendigo Pottery collection","William and Jeanette Derham Family - Bendigo Pottery collection","Rubber","","","","","","","","https://collectionsearch.nma.gov.au/s/hw/EMU.EMUIRN/209187","2025-02-23","Unknown","Stamps","Plastic / rubber"
"144874","1988.0083.0277","Rubber stamp which reads ""Drive for Disarmament - The Peace Bus""","Rubber stamps","People for Nuclear Disarmament collection no. 1","Other Collections","Rubber; Wood","","","","","","","","https://collectionsearch.nma.gov.au/s/hw/EMU.EMUIRN/144874","2025-02-23","Unknown","Stamps","Plastic / rubber"
"54690","1993.0118.0062","Rubber stamp with the text 'ALC, C/- P.O., Dora Creek, 2264', used on Lindy Chamberlain's correspondence while she was in prison","Rubber stamps","Lindy Chamberlain-Creighton collection no. 2","Other Collections","Plastic - non specific; Rubber","","","Australia","","Australia","","","https://collectionsearch.nma.gov.au/s/hw/EMU.EMUIRN/54690","2025-02-23","Unknown","Stamps","Plastic / rubber"
"209179","2006.0109.0368","The Conqueror Odorless Appliance Company, Rubber stamp plate, no handle","Rubber stamps","William and Jeanette Derham Family - Bendigo Pottery collection","William and Jeanette Derham Family - Bendigo Pottery collection","Rubber","","","","","","","","https://collectionsearch.nma.gov.au/s/hw/EMU.EMUIRN/209179","2025-02-23","Unknown","Stamps","Plastic / rubber"
"209192","2006.0109.0379","This bottle is the property.., Rubber stamp, no handle","Rubber stamps","William and Jeanette Derham Family - Bendigo Pottery collection","William and Jeanette Derham Family - Bendigo Pottery collection","Rubber","","","","","","","","https://collectionsearch.nma.gov.au/s/hw/EMU.EMUIRN/209192","2025-02-23","Unknown","Stamps","Plastic / rubber"
"209189","2006.0109.0376","This bottle is the sole property of.., Rubber stamp, no handle","Rubber stamps","William and Jeanette Derham Family - Bendigo Pottery collection","William and Jeanette Derham Family - Bendigo Pottery collection","Rubber","","","","","","","","https://collectionsearch.nma.gov.au/s/hw/EMU.EMUIRN/209189","2025-02-23","Unknown","Stamps","Plastic / rubber"
"209191","2006.0109.0378","Thornley and Howlett, Sale, Rubber stamp, no handle","Rubber stamps","William and Jeanette Derham Family - Bendigo Pottery collection","William and Jeanette Derham Family - Bendigo Pottery collection","Rubber","","","","","","","","https://collectionsearch.nma.gov.au/s/hw/EMU.EMUIRN/209191","2025-02-23","Unknown","Stamps","Plastic / rubber"
"7696","1985.0025.0005","To the Lady of the House","Rubber stamps","J B Young Ltd collection","J B Young Ltd collection","Metal - non specific; Rubber; Wood","","","","","","","","https://collectionsearch.nma.gov.au/s/hw/EMU.EMUIRN/7696","2025-02-23","Unknown","Stamps","Metal"
"209184","2006.0109.0371","W& L, Rubber stamp plate, no handle","Rubber stamps","William and Jeanette Derham Family - Bendigo Pottery collection","William and Jeanette Derham Family - Bendigo Pottery collection","Rubber","","","","","","","","https://collectionsearch.nma.gov.au/s/hw/EMU.EMUIRN/209184","2025-02-23","Unknown","Stamps","Plastic / rubber"
"25846","1986.0021.0564","X W Quail rubber stamp on a wooden handle","Rubber stamps","Neville and Kate Locker collection","Other Collections","Rubber; Wood","","","Cooma, New South Wales, Australia; Nimmitabel, New South Wales, Australia","New South Wales","Australia","-33.8688","151.2093","https://collectionsearch.nma.gov.au/s/hw/EMU.EMUIRN/25846","2025-02-26","Unknown","Stamps","Plastic / rubber"
"255962","2013.0038.0561","Zebra rubber stamp","Rubber stamps","Susan and Andrew Gibson collection","Other Collections","Ink; Rubber; Wood","","","Goulburn, New South Wales, Australia","New South Wales","Australia","-33.8688","151.2093","https://collectionsearch.nma.gov.au/s/hw/EMU.EMUIRN/255962","2025-02-19","Unknown","Stamps","Paper"
"74672","2005.0005.1050","Long cream silk scarf, with caramel coloured sections and floral decoration and fringing","Scarves","Springfield - Faithfull Family collection","Springfield - Faithfull Family collection","Silk cloth","","","","","","","","https://collectionsearch.nma.gov.au/s/hw/EMU.EMUIRN/74672","2026-01-30","Unknown","Other","Textile"
"271968","2021.0011.0039","Commemorative serving dish featuring King Edward VIII, Empire","Serving dishes","Gary Whipp collection","Gary Whipp collection","Glazed ceramic; Paint - non specific","","","","","","","","https://collectionsearch.nma.gov.au/s/hw/EMU.EMUIRN/271968","2025-02-25","Unknown","Other","Ceramic"
"50869","1992.0039.0006","Flat, spiral-like, cream-coloured piece of shell money with flecks of brown within it","Shell money","Reverend and Mrs Fenn collection no. 2","Other Collections","Shell","","","","","","","","https://collectionsearch.nma.gov.au/s/hw/EMU.EMUIRN/50869","2025-02-23","Unknown","Other","Stone / mineral"
"50867","1992.0039.0004","Piece of shell money made of a thin, crescent-shaped piece of shell","Shell money","Reverend and Mrs Fenn collection no. 2","Other Collections","Plant material - non specific; Shell","","","","","","","","https://collectionsearch.nma.gov.au/s/hw/EMU.EMUIRN/50867","2025-02-23","Unknown","Other","Stone / mineral"
"50870","1992.0039.0007","Round, hollow, cream-coloured piece of shell money","Shell money","Reverend and Mrs Fenn collection no. 2","Other Collections","Shell","","","","","","","","https://collectionsearch.nma.gov.au/s/hw/EMU.EMUIRN/50870","2025-02-23","Unknown","Other","Stone / mineral"
"50871","1992.0039.0008","Round, hollow, cream-coloured piece of shell money with brown markings","Shell money","Reverend and Mrs Fenn collection no. 2","Other Collections","Shell","","","","","","","","https://collectionsearch.nma.gov.au/s/hw/EMU.EMUIRN/50871","2025-02-23","Unknown","Other","Stone / mineral"
"50873","1992.0039.0010","Series of small cowrie shells attached to plant fibre by thread","Shell money","Reverend and Mrs Fenn collection no. 2","Other Collections","Plant material - non specific; Shell; Textile - non specific","","","","","","","","https://collectionsearch.nma.gov.au/s/hw/EMU.EMUIRN/50873","2025-02-23","Unknown","Other","Textile"
"185430","1985.0339.0253","Shell money","Shell money","Papuan Official collection","Other Collections","Shell","","","Milne Bay Province, Papua New Guinea, Oceania","","International","","","https://collectionsearch.nma.gov.au/s/hw/EMU.EMUIRN/185430","2025-02-24","Unknown","Other","Stone / mineral"
"196024","1985.0339.0244","Shell money","Shell money","Papuan Official collection","Other Collections","Shell","","","Milne Bay Province, Papua New Guinea, Oceania","","International","","","https://collectionsearch.nma.gov.au/s/hw/EMU.EMUIRN/196024","2025-02-24","Unknown","Other","Stone / mineral"
"185422","1985.0339.0245","Shell money","Shell money","Papuan Official collection","Other Collections","Shell","","","Milne Bay Province, Papua New Guinea, Oceania","","International","","","https://collectionsearch.nma.gov.au/s/hw/EMU.EMUIRN/185422","2025-02-24","Unknown","Other","Stone / mineral"
"185425","1985.0339.0248","Shell money","Shell money","Papuan Official collection","Other Collections","Shell","","","Milne Bay Province, Papua New Guinea, Oceania","","International","","","https://collectionsearch.nma.gov.au/s/hw/EMU.EMUIRN/185425","2025-02-24","Unknown","Other","Stone / mineral"
"185423","1985.0339.0246","Shell money","Shell money","Papuan Official collection","Other Collections","Shell","","","Milne Bay Province, Papua New Guinea, Oceania","","International","","","https://collectionsearch.nma.gov.au/s/hw/EMU.EMUIRN/185423","2025-02-24","Unknown","Other","Stone / mineral"
"196075","1985.0339.0301","Shell money","Shell money","Papuan Official collection","Other Collections","Shell","","","Milne Bay Province, Papua New Guinea, Oceania","","International","","","https://collectionsearch.nma.gov.au/s/hw/EMU.EMUIRN/196075","2025-02-24","Unknown","Other","Stone / mineral"
"185469","1985.0339.0303","Shell money","Shell money","Papuan Official collection","Other Collections","Shell","","","Milne Bay Province, Papua New Guinea, Oceania","","International","","","https://collectionsearch.nma.gov.au/s/hw/EMU.EMUIRN/185469","2025-02-24","Unknown","Other","Stone / mineral"
"185468","1985.0339.0302","Shell money","Shell money","Papuan Official collection","Other Collections","Shell","","","Milne Bay Province, Papua New Guinea, Oceania","","International","","","https://collectionsearch.nma.gov.au/s/hw/EMU.EMUIRN/185468","2025-02-24","Unknown","Other","Stone / mineral"
"185429","1985.0339.0252","Shell money","Shell money","Papuan Official collection","Other Collections","Shell","","","Milne Bay Province, Papua New Guinea, Oceania","","International","","","https://collectionsearch.nma.gov.au/s/hw/EMU.EMUIRN/185429","2025-02-24","Unknown","Other","Stone / mineral"
"185428","1985.0339.0251","Shell money","Shell money","Papuan Official collection","Other Collections","Shell","","","Milne Bay Province, Papua New Guinea, Oceania","","International","","","https://collectionsearch.nma.gov.au/s/hw/EMU.EMUIRN/185428","2025-02-24","Unknown","Other","Stone / mineral"
"185467","1985.0339.0300","Shell money","Shell money","Papuan Official collection","Other Collections","Shell","","","Milne Bay Province, Papua New Guinea, Oceania","","International","","","https://collectionsearch.nma.gov.au/s/hw/EMU.EMUIRN/185467","2025-02-24","Unknown","Other","Stone / mineral"
"185426","1985.0339.0249","Shell money","Shell money","Papuan Official collection","Other Collections","Shell","","","Milne Bay Province, Papua New Guinea, Oceania","","International","","","https://collectionsearch.nma.gov.au/s/hw/EMU.EMUIRN/185426","2025-02-24","Unknown","Other","Stone / mineral"
"185424","1985.0339.0247","Shell money","Shell money","Papuan Official collection","Other Collections","Shell","","","Milne Bay Province, Papua New Guinea, Oceania","","International","","","https://collectionsearch.nma.gov.au/s/hw/EMU.EMUIRN/185424","2025-02-24","Unknown","Other","Stone / mineral"
"185432","1985.0339.0255","Shell money","Shell money","Papuan Official collection","Other Collections","Cane; Shell; String","","","Milne Bay Province, Papua New Guinea, Oceania","","International","","","https://collectionsearch.nma.gov.au/s/hw/EMU.EMUIRN/185432","2025-02-24","Unknown","Other","Stone / mineral"
"185431","1985.0339.0254","Shell money","Shell money","Papuan Official collection","Other Collections","Cane; Shell; String","","","Milne Bay Province, Papua New Guinea, Oceania","","International","","","https://collectionsearch.nma.gov.au/s/hw/EMU.EMUIRN/185431","2025-02-24","Unknown","Other","Stone / mineral"
"17440","1985.0101.0181","Incised shield with white pigment decoration","Shields","Stan Mitchell collection","Other Collections","Pigment; Wood","","","","","","","","https://collectionsearch.nma.gov.au/s/hw/EMU.EMUIRN/17440","2025-02-23","Unknown","Other","Wood"
"118528","2005.0005.1169.002","Ladies bronze satin left shoe, with gold decoration at the front and sides","Shoes","Springfield - Faithfull Family collection","Springfield - Faithfull Family collection","Leather; Silk","","","Switzerland","","International","46.7972","8.0931","https://collectionsearch.nma.gov.au/s/hw/EMU.EMUIRN/118528","2025-03-03","Unknown","Other","Textile"
"118525","2005.0005.1169.001","Ladies bronze satin right shoe, with gold decoration at the front and sides","Shoes","Springfield - Faithfull Family collection","Springfield - Faithfull Family collection","Leather; Silk","","","Switzerland","","International","46.7972","8.0931","https://collectionsearch.nma.gov.au/s/hw/EMU.EMUIRN/118525","2025-03-03","Unknown","Other","Textile"
"74497","2005.0005.1169","Pair of ladies bronze satin shoes with gold decoration at the front and sides","Shoes","Springfield - Faithfull Family collection","Springfield - Faithfull Family collection","Silk","","","Switzerland","","International","46.7972","8.0931","https://collectionsearch.nma.gov.au/s/hw/EMU.EMUIRN/74497","2026-09-08","Unknown","Other","Textile"
"272384","MU00096.001","Pair of Dr Nick Coatsworth's socks with virus and vaccination pattern decoration","Socks","Dr Nick Coatsworth collection","Other Collections","Bamboo; Spandex; Textile - non specific","","","","","","","","https://collectionsearch.nma.gov.au/s/hw/EMU.EMUIRN/272384","2026-09-08","Unknown","Other","Textile"
"74681","2005.0005.1103","Black satin mantelpiece decoration with embroidered flowers, leaves and birds","Soft furnishings","Springfield - Faithfull Family collection","Springfield - Faithfull Family collection","Card; Silk cloth","","","","","","","","https://collectionsearch.nma.gov.au/s/hw/EMU.EMUIRN/74681","2025-02-24","Unknown","Other","Paper"
"248061","2016.0048.0008","Spearthrower with pokerwork decoration","Spearthrowers","King Billy of Lake Tyers collection","Other Collections","Wood","","","Lake Tyers, East Gippsland, Victoria, Australia","Victoria","Australia","-37.8136","144.9631","https://collectionsearch.nma.gov.au/s/hw/EMU.EMUIRN/248061","2025-02-23","Unknown","Other","Wood"
"239302","2015.0022.0004","Jack Dyer medal awarded to Royce Hart","Sports medals","Royce Hart collection","Other Collections","Cardboard; Metal - non specific","","","","","","","","https://collectionsearch.nma.gov.au/s/hw/EMU.EMUIRN/239302","2026-09-08","Unknown","Medals","Metal"
"239738","2015.0022.0004.001","Jack Dyer medal awarded to Royce Hart","Sports medals","Royce Hart collection","Other Collections","Cardboard; Metal - non specific","","","","","","","","https://collectionsearch.nma.gov.au/s/hw/EMU.EMUIRN/239738","2021-07-01","Unknown","Medals","Metal"
"210663","2007.0084.0046.001","Johnny Warren's Sport Australia Hall of Fame medal","Sports medals","John 'Johnny' Warren collection","Other Collections","Metal - non specific","","","","","","","","https://collectionsearch.nma.gov.au/s/hw/EMU.EMUIRN/210663","2022-04-08","Unknown","Medals","Metal"
"110410","2007.0084.0046","Johnny Warren's Sport Australia Hall of Fame medal and presentation box","Sports medals","John 'Johnny' Warren collection","Other Collections","Felted cloth - non specific; Metal - non specific; Plastic - non specific; Satin","","","","","","","","https://collectionsearch.nma.gov.au/s/hw/EMU.EMUIRN/110410","2026-09-08","Unknown","Medals","Metal"
"74234","2005.0025.0004","New South Wales Women's Amateur Swimming Association silver medal awarded to E Davey","Sports medals","Suzanne Clubb collection","Other Collections","Metal - non specific","","","","","","","","https://collectionsearch.nma.gov.au/s/hw/EMU.EMUIRN/74234","2025-02-17","Unknown","Medals","Metal"
"73574","2006.0109.0332.002","ALB, broken metal stamp, no base or handle","Stamps (tools)","William and Jeanette Derham Family - Bendigo Pottery collection","William and Jeanette Derham Family - Bendigo Pottery collection","Metal - non specific","","","","","","","","https://collectionsearch.nma.gov.au/s/hw/EMU.EMUIRN/73574","2018-03-18","Unknown","Stamps","Metal"
"73568","2006.0109.0342","AUSTRALIAN STEAMSHIP LIMITED etched copper stamp, no base or handle","Stamps (tools)","William and Jeanette Derham Family - Bendigo Pottery collection","William and Jeanette Derham Family - Bendigo Pottery collection","Metal - non specific","","","","","","","","https://collectionsearch.nma.gov.au/s/hw/EMU.EMUIRN/73568","2025-02-23","Unknown","Stamps","Metal"
"73542","2006.0109.0355","Albury Brewing & Malting Co, metal stamp, no base or handle","Stamps (tools)","William and Jeanette Derham Family - Bendigo Pottery collection","William and Jeanette Derham Family - Bendigo Pottery collection","Metal - non specific","","","","","","","","https://collectionsearch.nma.gov.au/s/hw/EMU.EMUIRN/73542","2025-02-23","Unknown","Stamps","Metal"
"73570","2006.0109.0339","Albury Brewing Co. Ltd, square metal stamp, no base or handle","Stamps (tools)","William and Jeanette Derham Family - Bendigo Pottery collection","William and Jeanette Derham Family - Bendigo Pottery collection","Metal - non specific","","","","","","","","https://collectionsearch.nma.gov.au/s/hw/EMU.EMUIRN/73570","2025-02-23","Unknown","Stamps","Metal"
"73561","2006.0109.0327","Alpha Cordial Works, Mildura, rectangular metal stamp plate","Stamps (tools)","William and Jeanette Derham Family - Bendigo Pottery collection","William and Jeanette Derham Family - Bendigo Pottery collection","Ink; Metal - non specific","","","Mildura, Victoria, Australia","Victoria","Australia","-37.8136","144.9631","https://collectionsearch.nma.gov.au/s/hw/EMU.EMUIRN/73561","2025-02-23","Unknown","Stamps","Metal"
"211197","1999.0049.0017","Australian Coat of Arms","Stamps (tools)","Australian Government Publishing Service collection no. 2","Other Collections","Metal - non specific","","","Canberra, Australian Capital Territory, Australia","Australian Capital Territory","Australia","-35.2809","149.13","https://collectionsearch.nma.gov.au/s/hw/EMU.EMUIRN/211197","2025-02-23","Unknown","Stamps","Metal"
"73575","2006.0109.0333.001","B G Dixon & Co, Melbourne, broken metal stamp, no base or handle","Stamps (tools)","William and Jeanette Derham Family - Bendigo Pottery collection","William and Jeanette Derham Family - Bendigo Pottery collection","Metal - non specific","","","","","","","","https://collectionsearch.nma.gov.au/s/hw/EMU.EMUIRN/73575","2018-03-18","Unknown","Stamps","Metal"
"209144","2006.0109.0333","B G Dixon & Co, Melbourne, two parts of a broken metal stamp, no base or handle","Stamps (tools)","William and Jeanette Derham Family - Bendigo Pottery collection","William and Jeanette Derham Family - Bendigo Pottery collection","Metal - non specific","","","","","","","","https://collectionsearch.nma.gov.au/s/hw/EMU.EMUIRN/209144","2026-09-08","Unknown","Stamps","Metal"
"73537","2006.0109.0344","BILLSON BROTHERS, ST. KILDA, BREWED GINGER BEER four-panel etched copper stamp, no base or handle","Stamps (tools)","William and Jeanette Derham Family - Bendigo Pottery collection","William and Jeanette Derham Family - Bendigo Pottery collection","Metal - non specific","","","","","","","","https://collectionsearch.nma.gov.au/s/hw/EMU.EMUIRN/73537","2025-02-23","Unknown","Stamps","Metal"
"73548","2006.0109.0356","Broken Hill Emil Resch, oval metal stamp, no base or handle","Stamps (tools)","William and Jeanette Derham Family - Bendigo Pottery collection","William and Jeanette Derham Family - Bendigo Pottery collection","Metal - non specific","","","","","","","","https://collectionsearch.nma.gov.au/s/hw/EMU.EMUIRN/73548","2025-02-23","Unknown","Stamps","Metal"
"73547","2006.0109.0353","C H Bennett, Richmond, metal stamp, no base or handle","Stamps (tools)","William and Jeanette Derham Family - Bendigo Pottery collection","William and Jeanette Derham Family - Bendigo Pottery collection","Metal - non specific","","","","","","","","https://collectionsearch.nma.gov.au/s/hw/EMU.EMUIRN/73547","2025-02-23","Unknown","Stamps","Metal"
"73556","2006.0109.0346","Caldwell's Writing Ink, Blue - Black, rectangular metal stamp, no base or handle","Stamps (tools)","William and Jeanette Derham Family - Bendigo Pottery collection","William and Jeanette Derham Family - Bendigo Pottery collection","Metal - non specific","","","","","","","","https://collectionsearch.nma.gov.au/s/hw/EMU.EMUIRN/73556","2025-02-23","Unknown","Stamps","Metal"
"73549","2006.0109.0352","Cascade Brewing Co, oval metal stamp, no base or handle","Stamps (tools)","William and Jeanette Derham Family - Bendigo Pottery collection","William and Jeanette Derham Family - Bendigo Pottery collection","Metal - non specific","","","","","","","","https://collectionsearch.nma.gov.au/s/hw/EMU.EMUIRN/73549","2025-02-23","Unknown","Stamps","Metal"
"211195","1999.0049.0016","Coat of Arms of the City of Canberra","Stamps (tools)","Australian Government Publishing Service collection no. 2","Other Collections","Metal - non specific; Wood","","","Canberra, Australian Capital Territory, Australia","Australian Capital Territory","Australia","-35.2809","149.13","https://collectionsearch.nma.gov.au/s/hw/EMU.EMUIRN/211195","2025-02-23","Unknown","Stamps","Metal"
"73563","2006.0109.0329","Crown Cordial Factory, rectangular metal stamp, no base or handle","Stamps (tools)","William and Jeanette Derham Family - Bendigo Pottery collection","William and Jeanette Derham Family - Bendigo Pottery collection","Metal - non specific","","","","","","","","https://collectionsearch.nma.gov.au/s/hw/EMU.EMUIRN/73563","2025-02-23","Unknown","Stamps","Metal"
"73552","2006.0109.0348","Crystal Company, Launceston, oval metal stamp, no base or handle","Stamps (tools)","William and Jeanette Derham Family - Bendigo Pottery collection","William and Jeanette Derham Family - Bendigo Pottery collection","Metal - non specific","","","","","","","","https://collectionsearch.nma.gov.au/s/hw/EMU.EMUIRN/73552","2025-02-23","Unknown","Stamps","Metal"
"73573","2006.0109.0332.001","D S Watson, broken metal stamp, no base or handle","Stamps (tools)","William and Jeanette Derham Family - Bendigo Pottery collection","William and Jeanette Derham Family - Bendigo Pottery collection","Metal - non specific","","","","","","","","https://collectionsearch.nma.gov.au/s/hw/EMU.EMUIRN/73573","2018-03-18","Unknown","Stamps","Metal"
"209143","2006.0109.0332","D.S. WATSON two parts of a broken metal stamp, no base or handle","Stamps (tools)","William and Jeanette Derham Family - Bendigo Pottery collection","William and Jeanette Derham Family - Bendigo Pottery collection","Metal - non specific","","","","","","","","https://collectionsearch.nma.gov.au/s/hw/EMU.EMUIRN/209143","2026-09-08","Unknown","Stamps","Metal"
"211190","1999.0049.0013","Department of Transport Australia","Stamps (tools)","Australian Government Publishing Service collection no. 2","Other Collections","Metal - non specific","","","Canberra, Australian Capital Territory, Australia","Australian Capital Territory","Australia","-35.2809","149.13","https://collectionsearch.nma.gov.au/s/hw/EMU.EMUIRN/211190","2025-02-23","Unknown","Stamps","Metal"
"172428","1981.0017.0001","Department of the Interior stamp","Stamps (tools)","Department of Capital Territory collection no. 4","Other Collections","Metal - non specific; Wood","","","Australia","","Australia","","","https://collectionsearch.nma.gov.au/s/hw/EMU.EMUIRN/172428","2025-02-23","Unknown","Stamps","Metal"
"73555","2006.0109.0351","Empire Brand, rectangular metal stamp, no base or handle","Stamps (tools)","William and Jeanette Derham Family - Bendigo Pottery collection","William and Jeanette Derham Family - Bendigo Pottery collection","Metal - non specific","","","","","","","","https://collectionsearch.nma.gov.au/s/hw/EMU.EMUIRN/73555","2025-02-23","Unknown","Stamps","Metal"
"73559","2006.0109.0325","H Lillyman, Narrabri, rectangular metal stamp, no base or handle","Stamps (tools)","William and Jeanette Derham Family - Bendigo Pottery collection","William and Jeanette Derham Family - Bendigo Pottery collection","Metal - non specific","","","","","","","","https://collectionsearch.nma.gov.au/s/hw/EMU.EMUIRN/73559","2025-02-23","Unknown","Stamps","Metal"
"73545","2006.0109.0354","H. Edhouse & Co, Stawell, metal stamp, no base or handle","Stamps (tools)","William and Jeanette Derham Family - Bendigo Pottery collection","William and Jeanette Derham Family - Bendigo Pottery collection","Metal - non specific","","","","","","","","https://collectionsearch.nma.gov.au/s/hw/EMU.EMUIRN/73545","2025-02-23","Unknown","Stamps","Metal"
"73539","2006.0109.0363","ICIANZ Melbourne, metal stamp with wooden handle","Stamps (tools)","William and Jeanette Derham Family - Bendigo Pottery collection","William and Jeanette Derham Family - Bendigo Pottery collection","Metal - non specific; Wood","","","","","","","","https://collectionsearch.nma.gov.au/s/hw/EMU.EMUIRN/73539","2025-02-23","Unknown","Stamps","Metal"
"73543","2006.0109.0359","J Gibson, Yarrawonga, metal stamp, no base or handle","Stamps (tools)","William and Jeanette Derham Family - Bendigo Pottery collection","William and Jeanette Derham Family - Bendigo Pottery collection","Metal - non specific","","","","","","","","https://collectionsearch.nma.gov.au/s/hw/EMU.EMUIRN/73543","2025-02-23","Unknown","Stamps","Metal"
"73562","2006.0109.0328","J W Wilding rectangular metal stamp, no base or handle","Stamps (tools)","William and Jeanette Derham Family - Bendigo Pottery collection","William and Jeanette Derham Family - Bendigo Pottery collection","Metal - non specific","","","","","","","","https://collectionsearch.nma.gov.au/s/hw/EMU.EMUIRN/73562","2025-02-23","Unknown","Stamps","Metal"
"73546","2006.0109.0357","Jacobson's, Footscray, metal stamp, no base or handle","Stamps (tools)","William and Jeanette Derham Family - Bendigo Pottery collection","William and Jeanette Derham Family - Bendigo Pottery collection","Metal - non specific","","","","","","","","https://collectionsearch.nma.gov.au/s/hw/EMU.EMUIRN/73546","2025-02-23","Unknown","Stamps","Metal"
"73572","2006.0109.0340","Kelly & Co., Hobart, square metal stamp, no base or handle","Stamps (tools)","William and Jeanette Derham Family - Bendigo Pottery collection","William and Jeanette Derham Family - Bendigo Pottery collection","Metal - non specific","","","","","","","","https://collectionsearch.nma.gov.au/s/hw/EMU.EMUIRN/73572","2025-02-23","Unknown","Stamps","Metal"
"140630","1988.0111.0052","Metal stamp inscribed ""Quarantine Service Australia'","Stamps (tools)","North Head Quarantine Station collection","Other Collections","Metal - non specific; Wood","","","Sydney, New South Wales, Australia","New South Wales","Australia","-33.8688","151.2093","https://collectionsearch.nma.gov.au/s/hw/EMU.EMUIRN/140630","2025-02-23","Unknown","Stamps","Metal"
"112842","2007.0094.0009.001","Metal stamp with wooden back","Stamps (tools)","Sir Littleton Groom collection","Other Collections","Metal - non specific; Wood","","","","","","","","https://collectionsearch.nma.gov.au/s/hw/EMU.EMUIRN/112842","2021-05-11","Unknown","Stamps","Metal"
"210752","2007.0094.0009","Metal stamp with wooden back","Stamps (tools)","Sir Littleton Groom collection","Other Collections","Cardboard; Metal - non specific; Paper; Wood","","","","","","","","https://collectionsearch.nma.gov.au/s/hw/EMU.EMUIRN/210752","2025-02-23","Unknown","Stamps","Metal"
"211198","1999.0049.0018","New South Wales","Stamps (tools)","Australian Government Publishing Service collection no. 2","Other Collections","Metal - non specific","","","Canberra, Australian Capital Territory, Australia","Australian Capital Territory","Australia","-35.2809","149.13","https://collectionsearch.nma.gov.au/s/hw/EMU.EMUIRN/211198","2025-02-23","Unknown","Stamps","Metal"
"73557","2006.0109.0323","O'Sullivan Purcell & Co, square metal stamp, no base or handle","Stamps (tools)","William and Jeanette Derham Family - Bendigo Pottery collection","William and Jeanette Derham Family - Bendigo Pottery collection","Metal - non specific","","","","","","","","https://collectionsearch.nma.gov.au/s/hw/EMU.EMUIRN/73557","2025-02-23","Unknown","Stamps","Metal"
"211193","1999.0049.0015","People sitting around an oval table","Stamps (tools)","Australian Government Publishing Service collection no. 2","Other Collections","Metal - non specific; Wood","","","Canberra, Australian Capital Territory, Australia","Australian Capital Territory","Australia","-35.2809","149.13","https://collectionsearch.nma.gov.au/s/hw/EMU.EMUIRN/211193","2025-02-23","Unknown","Stamps","Metal"
"73579","2006.0109.0335.001","Port Adelaide Mineral, rectangular broken metal stamp, no base or handle","Stamps (tools)","William and Jeanette Derham Family - Bendigo Pottery collection","William and Jeanette Derham Family - Bendigo Pottery collection","Metal - non specific","","","","","","","","https://collectionsearch.nma.gov.au/s/hw/EMU.EMUIRN/73579","2018-03-18","Unknown","Stamps","Metal"
"209147","2006.0109.0335","Port Adelaide Mineral, two parts of a rectangular broken metal stamp, no base or handle","Stamps (tools)","William and Jeanette Derham Family - Bendigo Pottery collection","William and Jeanette Derham Family - Bendigo Pottery collection","Metal - non specific","","","","","","","","https://collectionsearch.nma.gov.au/s/hw/EMU.EMUIRN/209147","2026-09-08","Unknown","Stamps","Metal"
"73560","2006.0109.0326","S Faulkner, Narrabri, rectangular metal stamp, no base or handle","Stamps (tools)","William and Jeanette Derham Family - Bendigo Pottery collection","William and Jeanette Derham Family - Bendigo Pottery collection","Metal - non specific","","","","","","","","https://collectionsearch.nma.gov.au/s/hw/EMU.EMUIRN/73560","2025-02-23","Unknown","Stamps","Metal"
"73565","2006.0109.0330.002","S. Brisbane, rectangular broken metal stamp, no base or handle","Stamps (tools)","William and Jeanette Derham Family - Bendigo Pottery collection","William and Jeanette Derham Family - Bendigo Pottery collection","Metal - non specific","","","","","","","","https://collectionsearch.nma.gov.au/s/hw/EMU.EMUIRN/73565","2018-03-18","Unknown","Stamps","Metal"
"73540","2006.0109.0361","Simmonds & Barden, Napier, metal stamp, no base or handle","Stamps (tools)","William and Jeanette Derham Family - Bendigo Pottery collection","William and Jeanette Derham Family - Bendigo Pottery collection","Metal - non specific","","","","","","","","https://collectionsearch.nma.gov.au/s/hw/EMU.EMUIRN/73540","2025-02-23","Unknown","Stamps","Metal"
"209699","2006.0109.0396","Stamp with wooden handle","Stamps (tools)","William and Jeanette Derham Family - Bendigo Pottery collection","William and Jeanette Derham Family - Bendigo Pottery collection","Rubber; Wood","","","","","","","","https://collectionsearch.nma.gov.au/s/hw/EMU.EMUIRN/209699","2025-02-23","Unknown","Stamps","Plastic / rubber"
"209697","2006.0109.0394","Stamp with wooden handle","Stamps (tools)","William and Jeanette Derham Family - Bendigo Pottery collection","William and Jeanette Derham Family - Bendigo Pottery collection","Rubber; Wood","","","","","","","","https://collectionsearch.nma.gov.au/s/hw/EMU.EMUIRN/209697","2025-02-23","Unknown","Stamps","Plastic / rubber"
"209698","2006.0109.0395","Stamp with wooden handle","Stamps (tools)","William and Jeanette Derham Family - Bendigo Pottery collection","William and Jeanette Derham Family - Bendigo Pottery collection","Rubber; Wood","","","","","","","","https://collectionsearch.nma.gov.au/s/hw/EMU.EMUIRN/209698","2025-02-23","Unknown","Stamps","Plastic / rubber"
"73564","2006.0109.0330.001","T Tristram, rectangular broken metal stamp, no base or handle","Stamps (tools)","William and Jeanette Derham Family - Bendigo Pottery collection","William and Jeanette Derham Family - Bendigo Pottery collection","Metal - non specific","","","","","","","","https://collectionsearch.nma.gov.au/s/hw/EMU.EMUIRN/73564","2018-03-18","Unknown","Stamps","Metal"
"73566","2006.0109.0331","T W Tyzack, Melbourne, metal stamp, no base or handle","Stamps (tools)","William and Jeanette Derham Family - Bendigo Pottery collection","William and Jeanette Derham Family - Bendigo Pottery collection","Metal - non specific","","","","","","","","https://collectionsearch.nma.gov.au/s/hw/EMU.EMUIRN/73566","2025-02-23","Unknown","Stamps","Metal"
"209650","2006.0109.0349","T/M Launceston, broken metal kangaroo stamp, no base or handle","Stamps (tools)","William and Jeanette Derham Family - Bendigo Pottery collection","William and Jeanette Derham Family - Bendigo Pottery collection","Metal - non specific","","","","","","","","https://collectionsearch.nma.gov.au/s/hw/EMU.EMUIRN/209650","2026-09-08","Unknown","Stamps","Metal"
"73551","2006.0109.0349.001","T/M Launceston, broken metal kangaroo stamp, no base or handle","Stamps (tools)","William and Jeanette Derham Family - Bendigo Pottery collection","William and Jeanette Derham Family - Bendigo Pottery collection","Metal - non specific","","","","","","","","https://collectionsearch.nma.gov.au/s/hw/EMU.EMUIRN/73551","2019-04-22","Unknown","Stamps","Metal"
"211189","1999.0049.0012","The Australian Official Journal of Patents, Trade Marks and Designs","Stamps (tools)","Australian Government Publishing Service collection no. 2","Other Collections","Metal - non specific; Wood","","","Canberra, Australian Capital Territory, Australia","Australian Capital Territory","Australia","-35.2809","149.13","https://collectionsearch.nma.gov.au/s/hw/EMU.EMUIRN/211189","2025-02-23","Unknown","Stamps","Metal"
"73544","2006.0109.0358","The Carrington Shaving Cream, metal stamp, no base or handle","Stamps (tools)","William and Jeanette Derham Family - Bendigo Pottery collection","William and Jeanette Derham Family - Bendigo Pottery collection","Metal - non specific","","","","","","","","https://collectionsearch.nma.gov.au/s/hw/EMU.EMUIRN/73544","2025-02-23","Unknown","Stamps","Metal"
"73541","2006.0109.0360","The Cascade Brewery Co, metal stamp, no base or handle","Stamps (tools)","William and Jeanette Derham Family - Bendigo Pottery collection","William and Jeanette Derham Family - Bendigo Pottery collection","Metal - non specific","","","","","","","","https://collectionsearch.nma.gov.au/s/hw/EMU.EMUIRN/73541","2025-02-23","Unknown","Stamps","Metal"
"73554","2006.0109.0345","The Cascade Brewing Co, rectangular metal stamp, no base or handle","Stamps (tools)","William and Jeanette Derham Family - Bendigo Pottery collection","William and Jeanette Derham Family - Bendigo Pottery collection","Metal - non specific","","","","","","","","https://collectionsearch.nma.gov.au/s/hw/EMU.EMUIRN/73554","2025-02-23","Unknown","Stamps","Metal"
"73538","2006.0109.0362","The Conqueror Odorless Appliance, metal stamp, no base or handle","Stamps (tools)","William and Jeanette Derham Family - Bendigo Pottery collection","William and Jeanette Derham Family - Bendigo Pottery collection","Metal - non specific","","","","","","","","https://collectionsearch.nma.gov.au/s/hw/EMU.EMUIRN/73538","2025-02-23","Unknown","Stamps","Metal"
"211191","1999.0049.0014","The Hon. The Speaker","Stamps (tools)","Australian Government Publishing Service collection no. 2","Other Collections","Metal - non specific","","","Canberra, Australian Capital Territory, Australia","Australian Capital Territory","Australia","-35.2809","149.13","https://collectionsearch.nma.gov.au/s/hw/EMU.EMUIRN/211191","2025-02-23","Unknown","Stamps","Metal"
"73534","2006.0109.0384","This bottle..., Rubber stamp with backing pad and wooden handle","Stamps (tools)","William and Jeanette Derham Family - Bendigo Pottery collection","William and Jeanette Derham Family - Bendigo Pottery collection","Rubber; Wood","","","","","","","","https://collectionsearch.nma.gov.au/s/hw/EMU.EMUIRN/73534","2025-02-23","Unknown","Stamps","Plastic / rubber"
"209139","2006.0109.0330","Two parts of a rectangular broken metal stamp, no base or handle","Stamps (tools)","William and Jeanette Derham Family - Bendigo Pottery collection","William and Jeanette Derham Family - Bendigo Pottery collection","Metal - non specific","","","","","","","","https://collectionsearch.nma.gov.au/s/hw/EMU.EMUIRN/209139","2026-09-08","Unknown","Stamps","Metal"
"73569","2006.0109.0341","USS Co [Union Steamship Company] etched copper stamp, no base or handle","Stamps (tools)","William and Jeanette Derham Family - Bendigo Pottery collection","William and Jeanette Derham Family - Bendigo Pottery collection","Metal - non specific","","","","","","","","https://collectionsearch.nma.gov.au/s/hw/EMU.EMUIRN/73569","2025-02-23","Unknown","Stamps","Metal"
"73581","2006.0109.0334","Using this Jar is Illegal, rectangular metal stamp, no base or handle","Stamps (tools)","William and Jeanette Derham Family - Bendigo Pottery collection","William and Jeanette Derham Family - Bendigo Pottery collection","Metal - non specific","","","","","","","","https://collectionsearch.nma.gov.au/s/hw/EMU.EMUIRN/73581","2025-02-23","Unknown","Stamps","Metal"
"73558","2006.0109.0324","VICTORIAN DEAF AND DUMB INSTITUTION three-panel etched copper stamp, no base or handle","Stamps (tools)","William and Jeanette Derham Family - Bendigo Pottery collection","William and Jeanette Derham Family - Bendigo Pottery collection","Metal - non specific","","","","","","","","https://collectionsearch.nma.gov.au/s/hw/EMU.EMUIRN/73558","2025-02-23","Unknown","Stamps","Metal"
"73550","2006.0109.0350","W H Henson, Grafton, oval metal stamp, no base or handle","Stamps (tools)","William and Jeanette Derham Family - Bendigo Pottery collection","William and Jeanette Derham Family - Bendigo Pottery collection","Metal - non specific","","","","","","","","https://collectionsearch.nma.gov.au/s/hw/EMU.EMUIRN/73550","2025-02-23","Unknown","Stamps","Metal"
"252350","1986.0021.0565","W. Quail cork stamp in a tin plate box","Stamps (tools)","Neville and Kate Locker collection","Other Collections","","","","","","","","","https://collectionsearch.nma.gov.au/s/hw/EMU.EMUIRN/252350","2026-09-08","Unknown","Stamps","Unspecified"
"73580","2006.0109.0335.002","Water Co. Ltd, rectangular broken metal stamp, no base or handle","Stamps (tools)","William and Jeanette Derham Family - Bendigo Pottery collection","William and Jeanette Derham Family - Bendigo Pottery collection","Metal - non specific","","","","","","","","https://collectionsearch.nma.gov.au/s/hw/EMU.EMUIRN/73580","2018-03-18","Unknown","Stamps","Metal"
"73553","2006.0109.0347","Weaver & Co, Hobart, rectangular metal stamp, no base or handle","Stamps (tools)","William and Jeanette Derham Family - Bendigo Pottery collection","William and Jeanette Derham Family - Bendigo Pottery collection","Metal - non specific","","","","","","","","https://collectionsearch.nma.gov.au/s/hw/EMU.EMUIRN/73553","2025-02-23","Unknown","Stamps","Metal"
"73571","2006.0109.0338","Whitaker & Sons, Dunolly, rectangular metal stamp, no base or handle","Stamps (tools)","William and Jeanette Derham Family - Bendigo Pottery collection","William and Jeanette Derham Family - Bendigo Pottery collection","Metal - non specific","","","","","","","","https://collectionsearch.nma.gov.au/s/hw/EMU.EMUIRN/73571","2025-02-23","Unknown","Stamps","Metal"
"73576","2006.0109.0333.002","Ye Olde Original, Stone, broken metal stamp, no base or handle","Stamps (tools)","William and Jeanette Derham Family - Bendigo Pottery collection","William and Jeanette Derham Family - Bendigo Pottery collection","Metal - non specific","","","","","","","","https://collectionsearch.nma.gov.au/s/hw/EMU.EMUIRN/73576","2018-03-18","Unknown","Stamps","Metal"
"73567","2006.0109.0343","Zeitsch Bros, Grafton, rectangular metal stamp, no base or handle","Stamps (tools)","William and Jeanette Derham Family - Bendigo Pottery collection","William and Jeanette Derham Family - Bendigo Pottery collection","Metal - non specific","","","","","","","","https://collectionsearch.nma.gov.au/s/hw/EMU.EMUIRN/73567","2025-02-23","Unknown","Stamps","Metal"
"209690","2006.0109.0387","wooden handle for stamp","Stamps (tools)","William and Jeanette Derham Family - Bendigo Pottery collection","William and Jeanette Derham Family - Bendigo Pottery collection","Wood","","","","","","","","https://collectionsearch.nma.gov.au/s/hw/EMU.EMUIRN/209690","2025-02-23","Unknown","Stamps","Wood"
"209691","2006.0109.0388","wooden handle for stamp","Stamps (tools)","William and Jeanette Derham Family - Bendigo Pottery collection","William and Jeanette Derham Family - Bendigo Pottery collection","Wood","","","","","","","","https://collectionsearch.nma.gov.au/s/hw/EMU.EMUIRN/209691","2025-02-23","Unknown","Stamps","Wood"
"209197","2006.0109.0385","wooden handle for stamp","Stamps (tools)","William and Jeanette Derham Family - Bendigo Pottery collection","William and Jeanette Derham Family - Bendigo Pottery collection","Wood","","","","","","","","https://collectionsearch.nma.gov.au/s/hw/EMU.EMUIRN/209197","2025-02-23","Unknown","Stamps","Wood"
"209689","2006.0109.0386","wooden handle for stamp","Stamps (tools)","William and Jeanette Derham Family - Bendigo Pottery collection","William and Jeanette Derham Family - Bendigo Pottery collection","Wood","","","","","","","","https://collectionsearch.nma.gov.au/s/hw/EMU.EMUIRN/209689","2025-02-23","Unknown","Stamps","Wood"
"209692","2006.0109.0389","wooden handle for stamp with stamp back","Stamps (tools)","William and Jeanette Derham Family - Bendigo Pottery collection","William and Jeanette Derham Family - Bendigo Pottery collection","Rubber; Wood","","","","","","","","https://collectionsearch.nma.gov.au/s/hw/EMU.EMUIRN/209692","2025-02-23","Unknown","Stamps","Plastic / rubber"
"209693","2006.0109.0390","wooden handle for stamp with stamp back","Stamps (tools)","William and Jeanette Derham Family - Bendigo Pottery collection","William and Jeanette Derham Family - Bendigo Pottery collection","Rubber; Wood","","","","","","","","https://collectionsearch.nma.gov.au/s/hw/EMU.EMUIRN/209693","2025-02-23","Unknown","Stamps","Plastic / rubber"
"209696","2006.0109.0393","wooden handle with stamp","Stamps (tools)","William and Jeanette Derham Family - Bendigo Pottery collection","William and Jeanette Derham Family - Bendigo Pottery collection","Rubber; Wood","","","","","","","","https://collectionsearch.nma.gov.au/s/hw/EMU.EMUIRN/209696","2025-02-23","Unknown","Stamps","Plastic / rubber"
"209695","2006.0109.0392","wooden handle with stamp","Stamps (tools)","William and Jeanette Derham Family - Bendigo Pottery collection","William and Jeanette Derham Family - Bendigo Pottery collection","Rubber; Wood","","","","","","","","https://collectionsearch.nma.gov.au/s/hw/EMU.EMUIRN/209695","2025-02-23","Unknown","Stamps","Plastic / rubber"
"209694","2006.0109.0391","wooden handle with stamp","Stamps (tools)","William and Jeanette Derham Family - Bendigo Pottery collection","William and Jeanette Derham Family - Bendigo Pottery collection","Rubber; Wood","","","","","","","","https://collectionsearch.nma.gov.au/s/hw/EMU.EMUIRN/209694","2025-02-23","Unknown","Stamps","Plastic / rubber"
"227909","2013.0038.0251","White ceramic toy tea set with yellow decoration","Tea sets; Toy tea sets","Susan and Andrew Gibson collection","Other Collections","Ceramic; Paint - non specific","","","Goulburn, New South Wales, Australia","New South Wales","Australia","-33.8688","151.2093","https://collectionsearch.nma.gov.au/s/hw/EMU.EMUIRN/227909","2026-09-08","Unknown","Other","Ceramic"
"56496","1995.0035.0029","'it will be a great day when our schools get all the money they need and the air force has to hold a cake stall to buy a bomber'","Tea-towels","People for Nuclear Disarmament collection no. 2","Other Collections","Ink; Linen","","","Australia","","Australia","","","https://collectionsearch.nma.gov.au/s/hw/EMU.EMUIRN/56496","2025-02-23","Unknown","Other","Paper"
"229441","2013.0041.0011","Roll of two shilling tickets","Theatre tickets; Tickets","C J Yen Family collection no. 2","Other Collections","Ink; Paper","","","Old Adaminaby, New South Wales, Australia","New South Wales","Australia","-33.8688","151.2093","https://collectionsearch.nma.gov.au/s/hw/EMU.EMUIRN/229441","2025-02-19","Unknown","Other","Paper"
"28673","1986.0088.0288","Two four-shilling movie tickets","Tickets","Hans Wetzel collection","Other Collections","Paper","","","Buderim, Queensland, Australia","Queensland","Australia","-27.4705","153.026","https://collectionsearch.nma.gov.au/s/hw/EMU.EMUIRN/28673","2025-02-24","Unknown","Other","Paper"
"138476","2006.0109.0253","Metal timekeeping token, 10","Tokens","William and Jeanette Derham Family - Bendigo Pottery collection","William and Jeanette Derham Family - Bendigo Pottery collection","Metal - non specific","","","","","","","","https://collectionsearch.nma.gov.au/s/hw/EMU.EMUIRN/138476","2025-02-23","Unknown","Tokens","Metal"
"139100","2006.0109.0255","Metal timekeeping token, 109","Tokens","William and Jeanette Derham Family - Bendigo Pottery collection","William and Jeanette Derham Family - Bendigo Pottery collection","Metal - non specific","","","","","","","","https://collectionsearch.nma.gov.au/s/hw/EMU.EMUIRN/139100","2025-02-23","Unknown","Tokens","Metal"
"139106","2006.0109.0258","Metal timekeeping token, 110","Tokens","William and Jeanette Derham Family - Bendigo Pottery collection","William and Jeanette Derham Family - Bendigo Pottery collection","Metal - non specific","","","","","","","","https://collectionsearch.nma.gov.au/s/hw/EMU.EMUIRN/139106","2025-02-23","Unknown","Tokens","Metal"
"139104","2006.0109.0257","Metal timekeeping token, 112","Tokens","William and Jeanette Derham Family - Bendigo Pottery collection","William and Jeanette Derham Family - Bendigo Pottery collection","Metal - non specific","","","","","","","","https://collectionsearch.nma.gov.au/s/hw/EMU.EMUIRN/139104","2025-02-23","Unknown","Tokens","Metal"
"139109","2006.0109.0259","Metal timekeeping token, 116","Tokens","William and Jeanette Derham Family - Bendigo Pottery collection","William and Jeanette Derham Family - Bendigo Pottery collection","Metal - non specific","","","","","","","","https://collectionsearch.nma.gov.au/s/hw/EMU.EMUIRN/139109","2025-02-23","Unknown","Tokens","Metal"
"138474","2006.0109.0252","Metal timekeeping token, 17","Tokens","William and Jeanette Derham Family - Bendigo Pottery collection","William and Jeanette Derham Family - Bendigo Pottery collection","Metal - non specific","","","","","","","","https://collectionsearch.nma.gov.au/s/hw/EMU.EMUIRN/138474","2025-02-23","Unknown","Tokens","Metal"
"139102","2006.0109.0256","Metal timekeeping token, 18","Tokens","William and Jeanette Derham Family - Bendigo Pottery collection","William and Jeanette Derham Family - Bendigo Pottery collection","Metal - non specific","","","","","","","","https://collectionsearch.nma.gov.au/s/hw/EMU.EMUIRN/139102","2025-02-23","Unknown","Tokens","Metal"
"138478","2006.0109.0254","Metal timekeeping token, 24","Tokens","William and Jeanette Derham Family - Bendigo Pottery collection","William and Jeanette Derham Family - Bendigo Pottery collection","Metal - non specific","","","","","","","","https://collectionsearch.nma.gov.au/s/hw/EMU.EMUIRN/138478","2025-02-23","Unknown","Tokens","Metal"
"138471","2006.0109.0251","Metal timekeeping token, 65","Tokens","William and Jeanette Derham Family - Bendigo Pottery collection","William and Jeanette Derham Family - Bendigo Pottery collection","Metal - non specific","","","","","","","","https://collectionsearch.nma.gov.au/s/hw/EMU.EMUIRN/138471","2025-02-23","Unknown","Tokens","Metal"
"139110","2006.0109.0260","Metal timekeeping token, 72","Tokens","William and Jeanette Derham Family - Bendigo Pottery collection","William and Jeanette Derham Family - Bendigo Pottery collection","Metal - non specific","","","","","","","","https://collectionsearch.nma.gov.au/s/hw/EMU.EMUIRN/139110","2025-02-23","Unknown","Tokens","Metal"
"49586","1991.0045.0188","Square cardboard token","Tokens","ET Fealy collection","Other Collections","Cardboard; Ink; Paper","","","","","","","","https://collectionsearch.nma.gov.au/s/hw/EMU.EMUIRN/49586","2025-02-24","Unknown","Tokens","Paper"
"49588","1991.0045.0190","Square cardboard token","Tokens","ET Fealy collection","Other Collections","Cardboard; Ink; Paper","","","","","","","","https://collectionsearch.nma.gov.au/s/hw/EMU.EMUIRN/49588","2025-02-24","Unknown","Tokens","Paper"
"49589","1991.0045.0191","Square cardboard token","Tokens","ET Fealy collection","Other Collections","Cardboard; Ink; Paper","","","","","","","","https://collectionsearch.nma.gov.au/s/hw/EMU.EMUIRN/49589","2025-02-24","Unknown","Tokens","Paper"
"49587","1991.0045.0189","Square cardboard token","Tokens","ET Fealy collection","Other Collections","Cardboard; Ink; Paper","","","","","","","","https://collectionsearch.nma.gov.au/s/hw/EMU.EMUIRN/49587","2025-02-24","Unknown","Tokens","Paper"
"39844","1990.0033.0011.008","Play money - $1 bills","Toy money","Vienna Mozart Boys Choir collection no. 1","Other Collections","Paper","","","","","","","","https://collectionsearch.nma.gov.au/s/hw/EMU.EMUIRN/39844","2021-05-11","Unknown","Other","Paper"
"39842","1990.0033.0011.006","Play money - $10 bills","Toy money","Vienna Mozart Boys Choir collection no. 1","Other Collections","Paper","","","","","","","","https://collectionsearch.nma.gov.au/s/hw/EMU.EMUIRN/39842","2021-05-11","Unknown","Other","Paper"
"39839","1990.0033.0011.003","Play money - $100 bills","Toy money","Vienna Mozart Boys Choir collection no. 1","Other Collections","Paper","","","","","","","","https://collectionsearch.nma.gov.au/s/hw/EMU.EMUIRN/39839","2021-05-11","Unknown","Other","Paper"
"39841","1990.0033.0011.005","Play money - $20 bills","Toy money","Vienna Mozart Boys Choir collection no. 1","Other Collections","Paper","","","","","","","","https://collectionsearch.nma.gov.au/s/hw/EMU.EMUIRN/39841","2021-05-11","Unknown","Other","Paper"
"39843","1990.0033.0011.007","Play money - $5 bills","Toy money","Vienna Mozart Boys Choir collection no. 1","Other Collections","Paper","","","","","","","","https://collectionsearch.nma.gov.au/s/hw/EMU.EMUIRN/39843","2021-05-11","Unknown","Other","Paper"
"39840","1990.0033.0011.004","Play money - $50 bills","Toy money","Vienna Mozart Boys Choir collection no. 1","Other Collections","Paper","","","","","","","","https://collectionsearch.nma.gov.au/s/hw/EMU.EMUIRN/39840","2021-05-11","Unknown","Other","Paper"
"111067","2005.0005.0197","White ceramic urn-shaped vase with gold-plated exterior and hand painted decoration under glass dome, on wooden base","Vases","Springfield - Faithfull Family collection","Springfield - Faithfull Family collection","Glass; Textile - non specific; Wood; Wool","","","","","","","","https://collectionsearch.nma.gov.au/s/hw/EMU.EMUIRN/111067","2025-04-11","Unknown","Other","Textile"
"125302","2006.0114.0043","Shell money belt","Waistbands","Geoff Dennis collection","Other Collections","Shell; String; Textile - non specific; Wood","","","Solomon Islands, Oceania","","International","-9.6456","160.156","https://collectionsearch.nma.gov.au/s/hw/EMU.EMUIRN/125302","2026-09-08","Unknown","Other","Textile"
"153002","2008.0044.0120","Oriental wine glass with bird decoration from Herbert Browne's Oriental collection","Wine glasses","Herbert Browne collection","Other Collections","Lacquer; Plastic - non specific","","","","","","","","https://collectionsearch.nma.gov.au/s/hw/EMU.EMUIRN/153002","2025-02-23","Unknown","Other","Plastic / rubber"
"146310","2007.0053.0194","Wooden goanna with pokerwork decoration","Wood carvings","Aboriginal and Torres Strait Islander Affairs Art (ATSIAA) collection no. 1","Other Collections","Wood","","","Canberra, Australian Capital Territory, Australia","Australian Capital Territory","Australia","-35.2809","149.13","https://collectionsearch.nma.gov.au/s/hw/EMU.EMUIRN/146310","2025-02-23","Unknown","Other","Wood"
