id,identifier,title,category_group,category,collection_grouped,year,era,spatial_id,place_name,place_role,interaction_type,latitude,longitude,location_scope,state_from_place_name,source_url,api_record_url
133779,2007.0041.0001,"Bronzed medal, commissioned by the Royal Society of London in 1784 to commemorate James Cook.",Medals,Medals,Other Collections,1784,Pre-1788,29,"London, England",Place of production,Production,51.5072,-0.1278,Outside Australia,,https://collectionsearch.nma.gov.au/s/hw/EMU.EMUIRN/133779,https://data.nma.gov.au/object/133779
133775,2007.0041.0002,"Silver medal, commissioned by the Royal Society of London in 1784 to commemorate James Cook.",Medals,Medals,Other Collections,1784,Pre-1788,29,"London, England",Place of production,Production,51.5072,-0.1278,Outside Australia,,https://collectionsearch.nma.gov.au/s/hw/EMU.EMUIRN/133775,https://data.nma.gov.au/object/133775
235014,2014.0056.0001,"Entry token for the London Zoological Exhibition of Thomas Hall, 1795",Coins,Halfpenny tokens,Other Collections,1795,1788–1900,256,"Birmingham, West Midlands, England",Place of production,Production,52.4861,-1.8903,Outside Australia,,https://collectionsearch.nma.gov.au/s/hw/EMU.EMUIRN/235014,https://data.nma.gov.au/object/235014
247542,2016.0029.0001,"Token for Pidcock's Menagerie with kangaroo and joey, 1801",Coins,Halfpenny tokens,Other Collections,1801,1788–1900,256,"Birmingham, West Midlands, England",Place of production,Production,52.4861,-1.8903,Outside Australia,,https://collectionsearch.nma.gov.au/s/hw/EMU.EMUIRN/247542,https://data.nma.gov.au/object/247542
121951,2006.0086.0002,Convict love token for James Godfrey,Tokens,Convict love tokens,Other Collections,1820,1788–1900,80124,England,Place made,Production,52.435,-1.6772,Outside Australia,,https://collectionsearch.nma.gov.au/s/hw/EMU.EMUIRN/121951,https://data.nma.gov.au/object/121951
121952,2006.0086.0003,Convict love token for Abraham Lawley,Tokens,Convict love tokens,Other Collections,1828,1788–1900,80124,England,Place made,Production,52.435,-1.6772,Outside Australia,,https://collectionsearch.nma.gov.au/s/hw/EMU.EMUIRN/121952,https://data.nma.gov.au/object/121952
121950,2006.0086.0001,Convict love token for Thomas Lock,Tokens,Convict love tokens,Other Collections,1830,1788–1900,80124,England,Place made,Production,52.435,-1.6772,Outside Australia,,https://collectionsearch.nma.gov.au/s/hw/EMU.EMUIRN/121950,https://data.nma.gov.au/object/121950
236727,2015.0052.0001,"Midland Agricultural Association, William Thornhill, 2 October 1839",Medals,Medals,Other Collections,1839,1788–1900,1329,"Campbell Town, Tasmania, Australia",Place of issue,Production,-41.9289,147.493,Australia,Tasmania,https://collectionsearch.nma.gov.au/s/hw/EMU.EMUIRN/236727,https://data.nma.gov.au/object/236727
260926,2019.0024.0001.003,Bronze Products of New South Wales 1854 medal from Paris Exhibition,Medals,Medals,Other Collections,1854,1788–1900,9,"London, England",Place of production,Production,51.5072,-0.1278,Outside Australia,,https://collectionsearch.nma.gov.au/s/hw/EMU.EMUIRN/260926,https://data.nma.gov.au/object/260926
260925,2019.0024.0001.001,Silver Products of New South Wales 1854 medal from Paris Exhibition,Medals,Medals,Other Collections,1854,1788–1900,9,"London, England",Place of production,Production,51.5072,-0.1278,Outside Australia,,https://collectionsearch.nma.gov.au/s/hw/EMU.EMUIRN/260925,https://data.nma.gov.au/object/260925
260924,2019.0024.0001.007,"Silver Society of Arts, Manufactures and Commerce medal for importation of wine, 1856",Medals,Medals,Other Collections,1856,1788–1900,9,"London, England",Place of production,Production,51.5072,-0.1278,Outside Australia,,https://collectionsearch.nma.gov.au/s/hw/EMU.EMUIRN/260924,https://data.nma.gov.au/object/260924
71422,2004.0038.0001,Australian cuprous penny trading token,Coins,Penny tokens,Other Collections,1862,1788–1900,655,"East Melbourne, Melbourne, Victoria, Australia",Place made,Production,-37.8,144.98,Australia,Victoria,https://collectionsearch.nma.gov.au/s/hw/EMU.EMUIRN/71422,https://data.nma.gov.au/object/71422
37219,1988.0058.0001,"Silk cloth bearing a printed testimony of admiration to the Campbells for repelling an attack on Goimbla by bushrangers John Gilbert, Ben Hall, and John O'Meally (killed) on 19 November 1863",Other,Commemorative objects,Other Collections,1863,1788–1900,77,"Adelong, New South Wales, Australia",Place of publication,Production,-35.28,148.05,Australia,New South Wales,https://collectionsearch.nma.gov.au/s/hw/EMU.EMUIRN/37219,https://data.nma.gov.au/object/37219
260927,2019.0024.0001.002,"Bronze Exposition Universelle Agriculture, Industrie, Beaux-Arts medal, 1855",Medals,Medals,Other Collections,1855,1788–1900,1585,"Paris, France",Place of production,Production,48.8567,2.3522,Outside Australia,,https://collectionsearch.nma.gov.au/s/hw/EMU.EMUIRN/260927,https://data.nma.gov.au/object/260927
77181,2005.0027.0001,"Sutlej Medal 1845-46 with clasps SOBRAON and FEROZESHUHUR, issued to Major James Winniett Nunn, 80th Regiment, British Army",Medals,Military medals,Other Collections,1846,1788–1900,689,"England, United Kingdom",Place made,Production,52.435,-1.6772,Outside Australia,,https://collectionsearch.nma.gov.au/s/hw/EMU.EMUIRN/77181,https://data.nma.gov.au/object/77181
71064,2003.0010.0002,One sovereign coin,Coins,Sovereigns,Other Collections,1861,1788–1900,47,"Sydney, New South Wales, Australia",Place of production,Production,-33.85,151.2,Australia,New South Wales,https://collectionsearch.nma.gov.au/s/hw/EMU.EMUIRN/71064,https://data.nma.gov.au/object/71064
71065,2003.0010.0003,"One sovereign coin, 1861",Coins,Sovereigns,Other Collections,1861,1788–1900,47,"Sydney, New South Wales, Australia",Place of production,Production,-33.85,151.2,Australia,New South Wales,https://collectionsearch.nma.gov.au/s/hw/EMU.EMUIRN/71065,https://data.nma.gov.au/object/71065
71066,2003.0010.0004,"One sovereign coin, 1861",Coins,Sovereigns,Other Collections,1861,1788–1900,47,"Sydney, New South Wales, Australia",Place of production,Production,-33.85,151.2,Australia,New South Wales,https://collectionsearch.nma.gov.au/s/hw/EMU.EMUIRN/71066,https://data.nma.gov.au/object/71066
231002,2013.0033.0001,Penny-farthing bicycle belonging to Harry Clarke,Other,Bicycles,Other Collections,1884,1788–1900,4289,"Wolverhampton, West Midlands, United Kingdom",Place of production,Production,52.5869,-2.1289,Outside Australia,,https://collectionsearch.nma.gov.au/s/hw/EMU.EMUIRN/231002,https://data.nma.gov.au/object/231002
71259,2003.0018.0001,"Beige glazed ceramic souvenir jug - The Cream of Highland Whiskies, ""My Queen"", Jubilee Blend, 1837-1887",Other,Commemorative objects,Other Collections,1886,1788–1900,790,"Glasgow, Scotland",Place made,Production,55.8642,-4.2517,Outside Australia,,https://collectionsearch.nma.gov.au/s/hw/EMU.EMUIRN/71259,https://data.nma.gov.au/object/71259
116223,2005.0005.0639,"Bushranger Medal awarded to the four Faithfull Brothers for engaging in a gunfight with bushrangers Gilbert, Hall and Dunn, 1865",Medals,Medals,Springfield - Faithfull Family collection,1875,1788–1900,47,"Sydney, New South Wales, Australia",Place of issue,Production,-33.85,151.2,Australia,New South Wales,https://collectionsearch.nma.gov.au/s/hw/EMU.EMUIRN/116223,https://data.nma.gov.au/object/116223
116223,2005.0005.0639,"Bushranger Medal awarded to the four Faithfull Brothers for engaging in a gunfight with bushrangers Gilbert, Hall and Dunn, 1865",Medals,Medals,Springfield - Faithfull Family collection,1875,1788–1900,29,"London, England",Place made,Production,51.5072,-0.1278,Outside Australia,,https://collectionsearch.nma.gov.au/s/hw/EMU.EMUIRN/116223,https://data.nma.gov.au/object/116223
2607,2005.0005.0639.002,"Bushranger Medal awarded to the four Faithfull Brothers for engaging in a gunfight with bushrangers Gilbert, Hall and Dunn, 1865",Medals,Medals,Springfield - Faithfull Family collection,1875,1788–1900,47,"Sydney, New South Wales, Australia",Place of issue,Production,-33.85,151.2,Australia,New South Wales,https://collectionsearch.nma.gov.au/s/hw/EMU.EMUIRN/2607,https://data.nma.gov.au/object/2607
2607,2005.0005.0639.002,"Bushranger Medal awarded to the four Faithfull Brothers for engaging in a gunfight with bushrangers Gilbert, Hall and Dunn, 1865",Medals,Medals,Springfield - Faithfull Family collection,1875,1788–1900,29,"London, England",Place made,Production,51.5072,-0.1278,Outside Australia,,https://collectionsearch.nma.gov.au/s/hw/EMU.EMUIRN/2607,https://data.nma.gov.au/object/2607
232843,2014.0021.0011,"Melbourne International Exhibition 1880 Gold Commissioner's Medal, presented to D.C. Sterry, 15 February 1879",Medals,Commemorative medals,Other Collections,1879,1788–1900,45,"Melbourne, Victoria, Australia",Place made,Production,-37.8167,144.967,Australia,Victoria,https://collectionsearch.nma.gov.au/s/hw/EMU.EMUIRN/232843,https://data.nma.gov.au/object/232843
69312,2001.0031.0002,Commemorative mug for the Federation of Australia in 1901,Other,Commemorative mugs,Other Collections,1900,1788–1900,689,"England, United Kingdom",Place made,Production,52.435,-1.6772,Outside Australia,,https://collectionsearch.nma.gov.au/s/hw/EMU.EMUIRN/69312,https://data.nma.gov.au/object/69312
69311,2001.0031.0001,Commemorative plate for the Federation of Australia in 1901,Other,Commemorative plates,Other Collections,1900,1788–1900,689,"England, United Kingdom",Place made,Production,52.435,-1.6772,Outside Australia,,https://collectionsearch.nma.gov.au/s/hw/EMU.EMUIRN/69311,https://data.nma.gov.au/object/69311
36764,1988.0007.0010,Rectangular net veil with silk thread decoration,Other,Wedding veils,Other Collections,1886,1788–1900,817,"Goulburn, New South Wales, Australia",,Production,-34.73,149.73,Australia,New South Wales,https://collectionsearch.nma.gov.au/s/hw/EMU.EMUIRN/36764,https://data.nma.gov.au/object/36764
58818,1999.0017.0127,"Clear glass plate marked Advance Australia, to commemorate Australia's centenary in 1888",Other,Commemorative plates,Other Collections,1887,1788–1900,80124,England,Place made,Production,52.435,-1.6772,Outside Australia,,https://collectionsearch.nma.gov.au/s/hw/EMU.EMUIRN/58818,https://data.nma.gov.au/object/58818
58819,1999.0017.0128,Clear glass bowl to commemorate Australia's Centenary in 1888,Other,Commemorative plates,Other Collections,1887,1788–1900,3233,"Sunderland, England",Place made,Production,54.9069,-1.3839,Outside Australia,,https://collectionsearch.nma.gov.au/s/hw/EMU.EMUIRN/58819,https://data.nma.gov.au/object/58819
73460,2010.0011.0006,Federation souvenir teaspoon,Other,Commemorative teaspoons,Other Collections,1899,1788–1900,1771,"Sheffield, England",,Production,53.3811,-1.47,Outside Australia,,https://collectionsearch.nma.gov.au/s/hw/EMU.EMUIRN/73460,https://data.nma.gov.au/object/73460
34982,1987.0030.0073,"Advance Australia, Australia Day 1918",Medals,Commemorative badges,Other Collections,1918,1901–1965,45,"Melbourne, Victoria, Australia",,Production,-37.8167,144.967,Australia,Victoria,https://collectionsearch.nma.gov.au/s/hw/EMU.EMUIRN/34982,https://data.nma.gov.au/object/34982
34982,1987.0030.0073,"Advance Australia, Australia Day 1918",Medals,Commemorative badges,Other Collections,1918,1901–1965,80109,"Adelaide, South Australia, Australia",,Production,-34.9167,138.6,Australia,South Australia,https://collectionsearch.nma.gov.au/s/hw/EMU.EMUIRN/34982,https://data.nma.gov.au/object/34982
34988,1987.0030.0079,Australia Day 1918 Town Hall,Medals,Commemorative badges,Other Collections,1918,1901–1965,45,"Melbourne, Victoria, Australia",,Production,-37.8167,144.967,Australia,Victoria,https://collectionsearch.nma.gov.au/s/hw/EMU.EMUIRN/34988,https://data.nma.gov.au/object/34988
34988,1987.0030.0079,Australia Day 1918 Town Hall,Medals,Commemorative badges,Other Collections,1918,1901–1965,80109,"Adelaide, South Australia, Australia",,Production,-34.9167,138.6,Australia,South Australia,https://collectionsearch.nma.gov.au/s/hw/EMU.EMUIRN/34988,https://data.nma.gov.au/object/34988
73788,2004.0060.0013,Der Grossdampfer Lusitania Durch Ein Deutsches Tauchboot Versenkt 7 Mai 1915,Medals,Commemorative medallions,Other Collections,1915,1901–1965,80128,Germany,,Production,51.1656,10.4514,Outside Australia,,https://collectionsearch.nma.gov.au/s/hw/EMU.EMUIRN/73788,https://data.nma.gov.au/object/73788
34987,1987.0030.0078,Australia Day Port Victoria 1918,Medals,Commemorative badges,Other Collections,1918,1901–1965,45,"Melbourne, Victoria, Australia",,Production,-37.8167,144.967,Australia,Victoria,https://collectionsearch.nma.gov.au/s/hw/EMU.EMUIRN/34987,https://data.nma.gov.au/object/34987
34987,1987.0030.0078,Australia Day Port Victoria 1918,Medals,Commemorative badges,Other Collections,1918,1901–1965,80109,"Adelaide, South Australia, Australia",,Production,-34.9167,138.6,Australia,South Australia,https://collectionsearch.nma.gov.au/s/hw/EMU.EMUIRN/34987,https://data.nma.gov.au/object/34987
34986,1987.0030.0077,"Advance Australia, Australia Day 1918",Medals,Commemorative badges,Other Collections,1918,1901–1965,45,"Melbourne, Victoria, Australia",,Production,-37.8167,144.967,Australia,Victoria,https://collectionsearch.nma.gov.au/s/hw/EMU.EMUIRN/34986,https://data.nma.gov.au/object/34986
34986,1987.0030.0077,"Advance Australia, Australia Day 1918",Medals,Commemorative badges,Other Collections,1918,1901–1965,80109,"Adelaide, South Australia, Australia",,Production,-34.9167,138.6,Australia,South Australia,https://collectionsearch.nma.gov.au/s/hw/EMU.EMUIRN/34986,https://data.nma.gov.au/object/34986
34983,1987.0030.0074,"Australia Day, 1918",Medals,Commemorative badges,Other Collections,1918,1901–1965,45,"Melbourne, Victoria, Australia",Place made,Production,-37.8167,144.967,Australia,Victoria,https://collectionsearch.nma.gov.au/s/hw/EMU.EMUIRN/34983,https://data.nma.gov.au/object/34983
34983,1987.0030.0074,"Australia Day, 1918",Medals,Commemorative badges,Other Collections,1918,1901–1965,80109,"Adelaide, South Australia, Australia",Place made,Production,-34.9167,138.6,Australia,South Australia,https://collectionsearch.nma.gov.au/s/hw/EMU.EMUIRN/34983,https://data.nma.gov.au/object/34983
134127,2008.0053.0194,"Letter, advance money order, and receipt sent from Dalgety & Company Limited to R.M. Carroll, 8 November 1910",Other,Invoices; Receipts,Other Collections,1910,1901–1965,3270,"Millers Point, Sydney, New South Wales, Australia",Place of issue,Production,-33.8608,151.203,Australia,New South Wales,https://collectionsearch.nma.gov.au/s/hw/EMU.EMUIRN/134127,https://data.nma.gov.au/object/134127
134127,2008.0053.0194,"Letter, advance money order, and receipt sent from Dalgety & Company Limited to R.M. Carroll, 8 November 1910",Other,Invoices; Receipts,Other Collections,1910,1901–1965,47,"Sydney, New South Wales, Australia",Place printed,Production,-33.85,151.2,Australia,New South Wales,https://collectionsearch.nma.gov.au/s/hw/EMU.EMUIRN/134127,https://data.nma.gov.au/object/134127
34974,1987.0030.0065,1918 Black Rock Australia Day,Medals,Commemorative badges,Other Collections,1918,1901–1965,45,"Melbourne, Victoria, Australia",Place made,Production,-37.8167,144.967,Australia,Victoria,https://collectionsearch.nma.gov.au/s/hw/EMU.EMUIRN/34974,https://data.nma.gov.au/object/34974
34974,1987.0030.0065,1918 Black Rock Australia Day,Medals,Commemorative badges,Other Collections,1918,1901–1965,80109,"Adelaide, South Australia, Australia",Place made,Production,-34.9167,138.6,Australia,South Australia,https://collectionsearch.nma.gov.au/s/hw/EMU.EMUIRN/34974,https://data.nma.gov.au/object/34974
34970,1987.0030.0061,"Australia Day 1918, Lake Wangary",Medals,Commemorative badges,Other Collections,1918,1901–1965,80109,"Adelaide, South Australia, Australia",,Production,-34.9167,138.6,Australia,South Australia,https://collectionsearch.nma.gov.au/s/hw/EMU.EMUIRN/34970,https://data.nma.gov.au/object/34970
118217,1999.0015.0001,White china cup commemorating the sinking of SMS Emden by HMAS Sydney at Keeling Cocos Island on 9 November 1914,Other,Commemorative cups,Other Collections,1914,1901–1965,80124,England,Place made,Production,52.435,-1.6772,Outside Australia,,https://collectionsearch.nma.gov.au/s/hw/EMU.EMUIRN/118217,https://data.nma.gov.au/object/118217
111646,1999.0013.0002,Instructions for the guidance of Allowance Postmasters at non-money order offices,Other,Instruction books,Other Collections,1914,1901–1965,45,"Melbourne, Victoria, Australia",Place of issue,Production,-37.8167,144.967,Australia,Victoria,https://collectionsearch.nma.gov.au/s/hw/EMU.EMUIRN/111646,https://data.nma.gov.au/object/111646
34682,1987.0022.0001.001,"Commemorative Medal for the Greco-Bulgarian War, 1913, awarded to Pantalis Daglas, Hellenic Army",Medals,Military medals,Other Collections,1914,1901–1965,659,Greece,Place made,Production,39.0742,21.8242,Outside Australia,,https://collectionsearch.nma.gov.au/s/hw/EMU.EMUIRN/34682,https://data.nma.gov.au/object/34682
34686,1987.0022.0003,"Commemorative Medal for the Greco-Bulgarian War, 1913, awarded to Pantalis Daglas, Hellenic Army",Medals,Military medals,Other Collections,1914,1901–1965,659,Greece,Place made,Production,39.0742,21.8242,Outside Australia,,https://collectionsearch.nma.gov.au/s/hw/EMU.EMUIRN/34686,https://data.nma.gov.au/object/34686
34683,1987.0022.0001.002,"Campaign bar to Commemorative Medal for the Greco-Bulgarian War, 1913, awarded to Pantalis Daglas, Hellenic Army",Medals,Military medals,Other Collections,1914,1901–1965,659,Greece,Place made,Production,39.0742,21.8242,Outside Australia,,https://collectionsearch.nma.gov.au/s/hw/EMU.EMUIRN/34683,https://data.nma.gov.au/object/34683
35030,1987.0030.0121,"Anzac Day - Advance Australia, Help those Who Helped You, 25 April 1915",Medals,Commemorative badges,Other Collections,1915,1901–1965,1479,"North Fitzroy, Melbourne, Victoria, Australia",Place made,Production,-37.7886,144.979,Australia,Victoria,https://collectionsearch.nma.gov.au/s/hw/EMU.EMUIRN/35030,https://data.nma.gov.au/object/35030
34979,1987.0030.0070,Australia Day 1918,Medals,Commemorative badges,Other Collections,1918,1901–1965,45,"Melbourne, Victoria, Australia",Place made,Production,-37.8167,144.967,Australia,Victoria,https://collectionsearch.nma.gov.au/s/hw/EMU.EMUIRN/34979,https://data.nma.gov.au/object/34979
34979,1987.0030.0070,Australia Day 1918,Medals,Commemorative badges,Other Collections,1918,1901–1965,80109,"Adelaide, South Australia, Australia",Place made,Production,-34.9167,138.6,Australia,South Australia,https://collectionsearch.nma.gov.au/s/hw/EMU.EMUIRN/34979,https://data.nma.gov.au/object/34979
271966,2021.0011.0042,"Commemorative plate for Coronation of King George V, 1911",Other,Plates,Gary Whipp collection,1911,1901–1965,689,"England, United Kingdom",Place made,Production,52.435,-1.6772,Outside Australia,,https://collectionsearch.nma.gov.au/s/hw/EMU.EMUIRN/271966,https://data.nma.gov.au/object/271966
34684,1987.0022.0001.003,"Campaign bar to Commemorative Medal for the Greco-Bulgarian War, 1913, awarded to Pantalis Daglas, Hellenic Army",Medals,Military medals,Other Collections,1914,1901–1965,659,Greece,Place made,Production,39.0742,21.8242,Outside Australia,,https://collectionsearch.nma.gov.au/s/hw/EMU.EMUIRN/34684,https://data.nma.gov.au/object/34684
34685,1987.0022.0002,"Commemorative Medal for the Greco-Turkish War of 1912-1913, awarded to Pantalis Daglas, Hellenic Army",Medals,Military medals,Other Collections,1914,1901–1965,659,Greece,Place made,Production,39.0742,21.8242,Outside Australia,,https://collectionsearch.nma.gov.au/s/hw/EMU.EMUIRN/34685,https://data.nma.gov.au/object/34685
35032,1987.0030.0123,"Anzac Day - Lest We forget Gallipoli, 25 April, 1915",Medals,Commemorative badges,Other Collections,1915,1901–1965,1479,"North Fitzroy, Melbourne, Victoria, Australia",,Production,-37.7886,144.979,Australia,Victoria,https://collectionsearch.nma.gov.au/s/hw/EMU.EMUIRN/35032,https://data.nma.gov.au/object/35032
34992,1987.0030.0083,"Balaklava, Australia Day 1918",Medals,Commemorative badges,Other Collections,1918,1901–1965,45,"Melbourne, Victoria, Australia",,Production,-37.8167,144.967,Australia,Victoria,https://collectionsearch.nma.gov.au/s/hw/EMU.EMUIRN/34992,https://data.nma.gov.au/object/34992
34992,1987.0030.0083,"Balaklava, Australia Day 1918",Medals,Commemorative badges,Other Collections,1918,1901–1965,80109,"Adelaide, South Australia, Australia",,Production,-34.9167,138.6,Australia,South Australia,https://collectionsearch.nma.gov.au/s/hw/EMU.EMUIRN/34992,https://data.nma.gov.au/object/34992
34990,1987.0030.0081,"Australia Day, Mt Gambier 1918",Medals,Commemorative badges,Other Collections,1918,1901–1965,45,"Melbourne, Victoria, Australia",,Production,-37.8167,144.967,Australia,Victoria,https://collectionsearch.nma.gov.au/s/hw/EMU.EMUIRN/34990,https://data.nma.gov.au/object/34990
34990,1987.0030.0081,"Australia Day, Mt Gambier 1918",Medals,Commemorative badges,Other Collections,1918,1901–1965,80109,"Adelaide, South Australia, Australia",,Production,-34.9167,138.6,Australia,South Australia,https://collectionsearch.nma.gov.au/s/hw/EMU.EMUIRN/34990,https://data.nma.gov.au/object/34990
34993,1987.0030.0084,Australia Day badge from 1918,Medals,Commemorative badges,Other Collections,1918,1901–1965,80109,"Adelaide, South Australia, Australia",Place made,Production,-34.9167,138.6,Australia,South Australia,https://collectionsearch.nma.gov.au/s/hw/EMU.EMUIRN/34993,https://data.nma.gov.au/object/34993
34991,1987.0030.0082,Australia Day 1918,Medals,Commemorative badges,Other Collections,1918,1901–1965,80109,"Adelaide, South Australia, Australia",,Production,-34.9167,138.6,Australia,South Australia,https://collectionsearch.nma.gov.au/s/hw/EMU.EMUIRN/34991,https://data.nma.gov.au/object/34991
27696,1986.0040.0001,"Waterside Workers Federation of Australia Sydney Branch, In memory of our fallen members at the front",Other,Commemorative banners,Other Collections,1914,1901–1965,47,"Sydney, New South Wales, Australia",Place made,Production,-33.85,151.2,Australia,New South Wales,https://collectionsearch.nma.gov.au/s/hw/EMU.EMUIRN/27696,https://data.nma.gov.au/object/27696
271992,2021.0011.0001,"Commemorative cup and saucer for Opening of Provisional Parliament House, 1927, Aynsley",Other,Cups and saucers,Gary Whipp collection,1911,1901–1965,689,"England, United Kingdom",Place made,Production,52.435,-1.6772,Outside Australia,,https://collectionsearch.nma.gov.au/s/hw/EMU.EMUIRN/271992,https://data.nma.gov.au/object/271992
34996,1987.0030.0087,"Lake Wangary, Australia Day 1918",Medals,Commemorative badges,Other Collections,1918,1901–1965,80109,"Adelaide, South Australia, Australia",,Production,-34.9167,138.6,Australia,South Australia,https://collectionsearch.nma.gov.au/s/hw/EMU.EMUIRN/34996,https://data.nma.gov.au/object/34996
271991,2021.0011.0031,"Commemorative jam dish featuring monochrome portrait of Edward, Prince of Wales",Other,Dishes,Gary Whipp collection,1911,1901–1965,689,"England, United Kingdom",Place made,Production,52.435,-1.6772,Outside Australia,,https://collectionsearch.nma.gov.au/s/hw/EMU.EMUIRN/271991,https://data.nma.gov.au/object/271991
271990,2021.0011.0045,"Commemorative saucer featuring monochrome portrait of Edward, Prince of Wales, British Pottery",Other,Saucers,Gary Whipp collection,1911,1901–1965,689,"England, United Kingdom",Place made,Production,52.435,-1.6772,Outside Australia,,https://collectionsearch.nma.gov.au/s/hw/EMU.EMUIRN/271990,https://data.nma.gov.au/object/271990
35038,1987.0030.0129,"For Our King Lower Light, 1918",Medals,Commemorative badges,Other Collections,1918,1901–1965,80109,"Adelaide, South Australia, Australia",,Production,-34.9167,138.6,Australia,South Australia,https://collectionsearch.nma.gov.au/s/hw/EMU.EMUIRN/35038,https://data.nma.gov.au/object/35038
34968,1987.0030.0059,"Australia Day Port Pirie, 1918",Medals,Commemorative badges,Other Collections,1918,1901–1965,80109,"Adelaide, South Australia, Australia",Place made,Production,-34.9167,138.6,Australia,South Australia,https://collectionsearch.nma.gov.au/s/hw/EMU.EMUIRN/34968,https://data.nma.gov.au/object/34968
34956,1987.0030.0047,The Way of the Red Cross in the Great War 1917,Medals,Commemorative badges,Other Collections,1917,1901–1965,1479,"North Fitzroy, Melbourne, Victoria, Australia",,Production,-37.7886,144.979,Australia,Victoria,https://collectionsearch.nma.gov.au/s/hw/EMU.EMUIRN/34956,https://data.nma.gov.au/object/34956
58906,1999.0017.0187,"Blackwood, kauri, and hoop pine 'Melbourne Chair' with kangaroo decoration, made by the Melbourne Chair Co, 1908",Other,Chairs,Other Collections,1908,1901–1965,554,"Collingwood, Melbourne, Victoria, Australia",Place made,Production,-37.8019,144.988,Australia,Victoria,https://collectionsearch.nma.gov.au/s/hw/EMU.EMUIRN/58906,https://data.nma.gov.au/object/58906
34969,1987.0030.0060,"Australia Day 1918, Belalie North",Medals,Commemorative badges,Other Collections,1918,1901–1965,45,"Melbourne, Victoria, Australia",,Production,-37.8167,144.967,Australia,Victoria,https://collectionsearch.nma.gov.au/s/hw/EMU.EMUIRN/34969,https://data.nma.gov.au/object/34969
34969,1987.0030.0060,"Australia Day 1918, Belalie North",Medals,Commemorative badges,Other Collections,1918,1901–1965,80109,"Adelaide, South Australia, Australia",,Production,-34.9167,138.6,Australia,South Australia,https://collectionsearch.nma.gov.au/s/hw/EMU.EMUIRN/34969,https://data.nma.gov.au/object/34969
34967,1987.0030.0058,"G.P.O. Adelaide. Australia Day, 1918",Medals,Commemorative badges,Other Collections,1918,1901–1965,80109,"Adelaide, South Australia, Australia",,Production,-34.9167,138.6,Australia,South Australia,https://collectionsearch.nma.gov.au/s/hw/EMU.EMUIRN/34967,https://data.nma.gov.au/object/34967
34965,1987.0030.0056,Australia Day 1918 Williamstown,Medals,Commemorative badges,Other Collections,1918,1901–1965,1479,"North Fitzroy, Melbourne, Victoria, Australia",Place made,Production,-37.7886,144.979,Australia,Victoria,https://collectionsearch.nma.gov.au/s/hw/EMU.EMUIRN/34965,https://data.nma.gov.au/object/34965
34981,1987.0030.0072,"Port Adelaide Australia Day, July 19-20, 1918",Medals,Commemorative badges,Other Collections,1918,1901–1965,80109,"Adelaide, South Australia, Australia",Place made,Production,-34.9167,138.6,Australia,South Australia,https://collectionsearch.nma.gov.au/s/hw/EMU.EMUIRN/34981,https://data.nma.gov.au/object/34981
272012,2021.0011.0095,"Silvered bronze medal commemorating Royal Tour visit to Queensland by Edward, Prince of Wales, 1920",Medals,Commemorative medals,Gary Whipp collection,1920,1901–1965,45,"Melbourne, Victoria, Australia",Place made,Production,-37.8167,144.967,Australia,Victoria,https://collectionsearch.nma.gov.au/s/hw/EMU.EMUIRN/272012,https://data.nma.gov.au/object/272012
55065,1994.0024.0001,Souvenir cup from the opening of Old Parliament House on 9 May 1927,Other,Commemorative cups,Other Collections,1926,1901–1965,689,"England, United Kingdom",Place made,Production,52.435,-1.6772,Outside Australia,,https://collectionsearch.nma.gov.au/s/hw/EMU.EMUIRN/55065,https://data.nma.gov.au/object/55065
132011,2008.0021.0029.018,"Newspaper clipping, titled Link With the Past from the Goulburn Evening Penny Post, 29 November 1924",Other,Newspaper clippings,Other Collections,1924,1901–1965,817,"Goulburn, New South Wales, Australia",Place of production,Production,-34.73,149.73,Australia,New South Wales,https://collectionsearch.nma.gov.au/s/hw/EMU.EMUIRN/132011,https://data.nma.gov.au/object/132011
39407,1990.0023.0008,Ladies bright green georgette evening cape with elaborate beaded decoration,Other,Evening capes,Other Collections,1924,1901–1965,80126,France,,Production,46.5592,2.2742,Outside Australia,,https://collectionsearch.nma.gov.au/s/hw/EMU.EMUIRN/39407,https://data.nma.gov.au/object/39407
58838,1999.0017.0146,"To Commemorate the opening of the Federal Parliament House Canberra, May 1927",Other,Commemorative mugs,Other Collections,1926,1901–1965,80124,England,Place made,Production,52.435,-1.6772,Outside Australia,,https://collectionsearch.nma.gov.au/s/hw/EMU.EMUIRN/58838,https://data.nma.gov.au/object/58838
272011,2021.0011.0104,"Bronze medal commemorating Royal Tour visit to Eaglehawk, Victoria by Edward, Prince of Wales, 1920",Medals,Commemorative medals,Gary Whipp collection,1920,1901–1965,45,"Melbourne, Victoria, Australia",place made,Production,-37.8167,144.967,Australia,Victoria,https://collectionsearch.nma.gov.au/s/hw/EMU.EMUIRN/272011,https://data.nma.gov.au/object/272011
272010,2021.0011.0103,"Bronze medal commemorating Royal Tour to Tasmania of Edward, Prince of Wales, 1920",Medals,Commemorative medals,Gary Whipp collection,1920,1901–1965,45,"Melbourne, Victoria, Australia",place made,Production,-37.8167,144.967,Australia,Victoria,https://collectionsearch.nma.gov.au/s/hw/EMU.EMUIRN/272010,https://data.nma.gov.au/object/272010
272014,2021.0011.0099,"Bronze medal commemorating Royal Tour of Edward, Prince of Wales, 1920",Medals,Commemorative medals,Gary Whipp collection,1920,1901–1965,45,"Melbourne, Victoria, Australia",Place made,Production,-37.8167,144.967,Australia,Victoria,https://collectionsearch.nma.gov.au/s/hw/EMU.EMUIRN/272014,https://data.nma.gov.au/object/272014
62220,2003.0003.0002.003,"Commemorative certificate from King George to the mother of 9956 Driver Alison Hope Oliver, AIF, who was killed in France",Other,Certificates,Other Collections,1922,1901–1965,29,"London, England",Place made,Production,51.5072,-0.1278,Outside Australia,,https://collectionsearch.nma.gov.au/s/hw/EMU.EMUIRN/62220,https://data.nma.gov.au/object/62220
35071,1987.0030.0162,"State Boys' Memorial - that's one of our boys, 1919",Medals,Commemorative badges,Other Collections,1919,1901–1965,80109,"Adelaide, South Australia, Australia",,Production,-34.9167,138.6,Australia,South Australia,https://collectionsearch.nma.gov.au/s/hw/EMU.EMUIRN/35071,https://data.nma.gov.au/object/35071
35072,1987.0030.0163,"State Boys' Memorial - that's one of our boys, 1919",Medals,Commemorative badges,Other Collections,1919,1901–1965,80109,"Adelaide, South Australia, Australia",,Production,-34.9167,138.6,Australia,South Australia,https://collectionsearch.nma.gov.au/s/hw/EMU.EMUIRN/35072,https://data.nma.gov.au/object/35072
162538,1996.0036.0001,Souvenir white china cup and saucer commemorating the opening of Federal Parliament on 9 May 1927,Other,Commemorative cups,Other Collections,1926,1901–1965,80124,England,Place made,Production,52.435,-1.6772,Outside Australia,,https://collectionsearch.nma.gov.au/s/hw/EMU.EMUIRN/162538,https://data.nma.gov.au/object/162538
34931,1987.0030.0022,"Violet Day, Remembrance of Famous S.A. Troops that Helped to Secure Victory, 1919, fundraising badge",Medals,Commemorative badges,Other Collections,1919,1901–1965,80109,"Adelaide, South Australia, Australia",,Production,-34.9167,138.6,Australia,South Australia,https://collectionsearch.nma.gov.au/s/hw/EMU.EMUIRN/34931,https://data.nma.gov.au/object/34931
62233,2003.0004.0001,"Souvenir mug - Australia a nation, May 1927, To commemorate the opening of the Federal Parliament House Canberra",Other,Commemorative mugs,Other Collections,1926,1901–1965,689,"England, United Kingdom",Place made,Production,52.435,-1.6772,Outside Australia,,https://collectionsearch.nma.gov.au/s/hw/EMU.EMUIRN/62233,https://data.nma.gov.au/object/62233
35049,1987.0030.0140,Victor Harbour Soldiers' Memorial Gardens,Medals,Commemorative badges,Other Collections,1918,1901–1965,80109,"Adelaide, South Australia, Australia",,Production,-34.9167,138.6,Australia,South Australia,https://collectionsearch.nma.gov.au/s/hw/EMU.EMUIRN/35049,https://data.nma.gov.au/object/35049
35034,1987.0030.0125,Victor Harbour Soldiers Memorial Gardens,Medals,Commemorative badges,Other Collections,1918,1901–1965,80109,"Adelaide, South Australia, Australia",,Production,-34.9167,138.6,Australia,South Australia,https://collectionsearch.nma.gov.au/s/hw/EMU.EMUIRN/35034,https://data.nma.gov.au/object/35034
272008,2021.0011.0098,"Bronze medal with tricolour ribbon commemorating Royal Tour of Edward, Prince of Wales, 1920",Medals,Commemorative medals,Gary Whipp collection,1920,1901–1965,45,"Melbourne, Victoria, Australia",Place made,Production,-37.8167,144.967,Australia,Victoria,https://collectionsearch.nma.gov.au/s/hw/EMU.EMUIRN/272008,https://data.nma.gov.au/object/272008
272009,2021.0011.0102,"Bronze medal commemorating Royal Tour of Edward, Prince of Wales, 1920, in card enclosure",Medals,Commemorative medals,Gary Whipp collection,1920,1901–1965,45,"Melbourne, Victoria, Australia",Place made,Production,-37.8167,144.967,Australia,Victoria,https://collectionsearch.nma.gov.au/s/hw/EMU.EMUIRN/272009,https://data.nma.gov.au/object/272009
272005,2021.0011.0101,"Silvered bronze medal commemorating Royal Tour of Edward, Prince of Wales, 1920, in card enclosure",Medals,Commemorative medals,Gary Whipp collection,1920,1901–1965,45,"Melbourne, Victoria, Australia",Place made,Production,-37.8167,144.967,Australia,Victoria,https://collectionsearch.nma.gov.au/s/hw/EMU.EMUIRN/272005,https://data.nma.gov.au/object/272005
34999,1987.0030.0090,"Wattle Day League, S.A, 1918",Medals,Commemorative badges,Other Collections,1918,1901–1965,80109,"Adelaide, South Australia, Australia",,Production,-34.9167,138.6,Australia,South Australia,https://collectionsearch.nma.gov.au/s/hw/EMU.EMUIRN/34999,https://data.nma.gov.au/object/34999
272006,2021.0011.0100,"Bronze medal commemorating Royal Tour of Edward, Prince of Wales, 1920, in card enclosure",Medals,Commemorative medals,Gary Whipp collection,1920,1901–1965,45,"Melbourne, Victoria, Australia",Place made,Production,-37.8167,144.967,Australia,Victoria,https://collectionsearch.nma.gov.au/s/hw/EMU.EMUIRN/272006,https://data.nma.gov.au/object/272006
35016,1987.0030.0107,Souvenir badge that commemorates the first flight from England to Australia by Ross and Keith Smith in 1919,Medals,Commemorative badges,Other Collections,1919,1901–1965,80109,"Adelaide, South Australia, Australia",Place made,Production,-34.9167,138.6,Australia,South Australia,https://collectionsearch.nma.gov.au/s/hw/EMU.EMUIRN/35016,https://data.nma.gov.au/object/35016
35053,1987.0030.0144,Victor Harbour Soldiers' Memorial Gardens,Medals,Commemorative badges,Other Collections,1918,1901–1965,45,"Melbourne, Victoria, Australia",,Production,-37.8167,144.967,Australia,Victoria,https://collectionsearch.nma.gov.au/s/hw/EMU.EMUIRN/35053,https://data.nma.gov.au/object/35053
35053,1987.0030.0144,Victor Harbour Soldiers' Memorial Gardens,Medals,Commemorative badges,Other Collections,1918,1901–1965,80109,"Adelaide, South Australia, Australia",,Production,-34.9167,138.6,Australia,South Australia,https://collectionsearch.nma.gov.au/s/hw/EMU.EMUIRN/35053,https://data.nma.gov.au/object/35053
57597,1996.0036.0001.001,Souvenir white china cup commemorating the opening of Federal Parliament on 9 May 1927,Other,Commemorative cups,Other Collections,1926,1901–1965,80124,England,Place made,Production,52.435,-1.6772,Outside Australia,,https://collectionsearch.nma.gov.au/s/hw/EMU.EMUIRN/57597,https://data.nma.gov.au/object/57597
37715,1988.0102.0002,Latvian 2 Lati denomination silver coin,Coins,Coins,Other Collections,1925,1901–1965,2298,Latvia,Place made,Production,56.8797,24.6031,Outside Australia,,https://collectionsearch.nma.gov.au/s/hw/EMU.EMUIRN/37715,https://data.nma.gov.au/object/37715
37716,1988.0102.0003,Latvian 1 Lati denomination silver coin,Coins,Coins,Other Collections,1924,1901–1965,2298,Latvia,Place made,Production,56.8797,24.6031,Outside Australia,,https://collectionsearch.nma.gov.au/s/hw/EMU.EMUIRN/37716,https://data.nma.gov.au/object/37716
74493,2005.0005.0364,Mauve satin covered ladies shoes with irridescent gelatin sequin decoration on toe and strap,Other,Shoes,Springfield - Faithfull Family collection,1920,1901–1965,1867,Switzerland,Place made,Production,46.7972,8.0931,Outside Australia,,https://collectionsearch.nma.gov.au/s/hw/EMU.EMUIRN/74493,https://data.nma.gov.au/object/74493
75733,1999.0014.0005.001,"Souvenir of the Opening of Parliament House at Canberra by His Royal Highness the Duke of York, 9 May 1927",Other,Commemorative books,Other Collections,1927,1901–1965,80015,"Canberra, Australian Capital Territory, Australia",Place of publication,Production,-35.3,149.13,Australia,Australian Capital Territory,https://collectionsearch.nma.gov.au/s/hw/EMU.EMUIRN/75733,https://data.nma.gov.au/object/75733
34961,1987.0030.0052,Army Nurses Day 1919,Medals,Commemorative badges,Other Collections,1919,1901–1965,80109,"Adelaide, South Australia, Australia",,Production,-34.9167,138.6,Australia,South Australia,https://collectionsearch.nma.gov.au/s/hw/EMU.EMUIRN/34961,https://data.nma.gov.au/object/34961
124353,1989.0023.0039,Stamp 'G.H. Taylor' used by George Taylor to mark his tools during the construction of Old Parliament House,Stamps,Stamps (tools),Other Collections,1926,1901–1965,80015,"Canberra, Australian Capital Territory, Australia",Place made,Production,-35.3,149.13,Australia,Australian Capital Territory,https://collectionsearch.nma.gov.au/s/hw/EMU.EMUIRN/124353,https://data.nma.gov.au/object/124353
270839,2020.0006.0010,Handpainted coin made by Diana Bates,Coins,Coins; Homemade toys,Diana Mary Bates collection,1935,1901–1965,2148,"Yarra Glen, Victoria, Australia",Place made,Production,-37.65,145.37,Australia,Victoria,https://collectionsearch.nma.gov.au/s/hw/EMU.EMUIRN/270839,https://data.nma.gov.au/object/270839
58840,1999.0017.0148.001,Teacup with wattle blossom commemorating the Centenary of Melbourne 1934,Other,Commemorative cups,Other Collections,1933,1901–1965,80124,England,Place made,Production,52.435,-1.6772,Outside Australia,,https://collectionsearch.nma.gov.au/s/hw/EMU.EMUIRN/58840,https://data.nma.gov.au/object/58840
159099,1999.0017.0148,Teacup and saucer with wattle blossom commemorating the Centenary of Melbourne 1934,Other,Commemorative cups,Other Collections,1933,1901–1965,80124,England,Place made,Production,52.435,-1.6772,Outside Australia,,https://collectionsearch.nma.gov.au/s/hw/EMU.EMUIRN/159099,https://data.nma.gov.au/object/159099
270832,2020.0006.0034,Handpainted coin made by Diana Bates,Coins,Coins; Homemade toys,Diana Mary Bates collection,1935,1901–1965,2148,"Yarra Glen, Victoria, Australia",Place made,Production,-37.65,145.37,Australia,Victoria,https://collectionsearch.nma.gov.au/s/hw/EMU.EMUIRN/270832,https://data.nma.gov.au/object/270832
22024,1986.0001.0048,"Souvenir miniature cricket bat, 'Australian XI vs Singapore & Malaya, May & June 1927, The Europe Hotel, Singapore'",Other,Commemorative objects,Other Collections,1927,1901–1965,267,Singapore,Place made,Production,1.3519,103.82,Outside Australia,,https://collectionsearch.nma.gov.au/s/hw/EMU.EMUIRN/22024,https://data.nma.gov.au/object/22024
22023,1986.0001.0047,"Souvenir miniature cricket bat, 'Australian XI vs Singapore & Malaya, May & June 1927, The Europe Hotel, Singapore'",Other,Commemorative objects,Other Collections,1927,1901–1965,267,Singapore,Place made,Production,1.3519,103.82,Outside Australia,,https://collectionsearch.nma.gov.au/s/hw/EMU.EMUIRN/22023,https://data.nma.gov.au/object/22023
270827,2020.0006.0004,Handpainted coin made by Diana Bates,Coins,Coins; Homemade toys,Diana Mary Bates collection,1935,1901–1965,2148,"Yarra Glen, Victoria, Australia",Place made,Production,-37.65,145.37,Australia,Victoria,https://collectionsearch.nma.gov.au/s/hw/EMU.EMUIRN/270827,https://data.nma.gov.au/object/270827
270828,2020.0006.0033,Handpainted coin made by Diana Bates,Coins,Coins; Homemade toys,Diana Mary Bates collection,1935,1901–1965,2148,"Yarra Glen, Victoria, Australia",Place made,Production,-37.65,145.37,Australia,Victoria,https://collectionsearch.nma.gov.au/s/hw/EMU.EMUIRN/270828,https://data.nma.gov.au/object/270828
270854,2020.0006.0048,Handpainted coin made by Diana Bates,Coins,Coins; Homemade toys,Diana Mary Bates collection,1935,1901–1965,2148,"Yarra Glen, Victoria, Australia",Place made,Production,-37.65,145.37,Australia,Victoria,https://collectionsearch.nma.gov.au/s/hw/EMU.EMUIRN/270854,https://data.nma.gov.au/object/270854
76790,1984.0007.0003,Clock mounted in boss of a propeller with commemorative plaque on hub,Other,Wall clocks,Other Collections,1934,1901–1965,47,"Sydney, New South Wales, Australia",Place made,Production,-33.85,151.2,Australia,New South Wales,https://collectionsearch.nma.gov.au/s/hw/EMU.EMUIRN/76790,https://data.nma.gov.au/object/76790
270818,2020.0006.0026,Handpainted coin made by Diana Bates,Coins,Coins; Homemade toys,Diana Mary Bates collection,1935,1901–1965,2148,"Yarra Glen, Victoria, Australia",Place made,Production,-37.65,145.37,Australia,Victoria,https://collectionsearch.nma.gov.au/s/hw/EMU.EMUIRN/270818,https://data.nma.gov.au/object/270818
37714,1988.0102.0001,Latvian 5 Lati denomination silver coin,Coins,Coins,Other Collections,1931,1901–1965,2298,Latvia,Place made,Production,56.8797,24.6031,Outside Australia,,https://collectionsearch.nma.gov.au/s/hw/EMU.EMUIRN/37714,https://data.nma.gov.au/object/37714
270812,2020.0006.0021,Handpainted coin made by Diana Bates,Coins,Coins; Homemade toys,Diana Mary Bates collection,1935,1901–1965,2148,"Yarra Glen, Victoria, Australia",Place made,Production,-37.65,145.37,Australia,Victoria,https://collectionsearch.nma.gov.au/s/hw/EMU.EMUIRN/270812,https://data.nma.gov.au/object/270812
114164,1998.0005.0029,George V Jubilee Medal 1935 to Dame Pattie Menzies,Medals,Medals,Other Collections,1934,1901–1965,80124,England,Place made,Production,52.435,-1.6772,Outside Australia,,https://collectionsearch.nma.gov.au/s/hw/EMU.EMUIRN/114164,https://data.nma.gov.au/object/114164
270819,2020.0006.0027,Handpainted coin made by Diana Bates,Coins,Coins; Homemade toys,Diana Mary Bates collection,1935,1901–1965,2148,"Yarra Glen, Victoria, Australia",Place made,Production,-37.65,145.37,Australia,Victoria,https://collectionsearch.nma.gov.au/s/hw/EMU.EMUIRN/270819,https://data.nma.gov.au/object/270819
270814,2020.0006.0022,Handpainted coin made by Diana Bates,Coins,Coins; Homemade toys,Diana Mary Bates collection,1935,1901–1965,2148,"Yarra Glen, Victoria, Australia",Place made,Production,-37.65,145.37,Australia,Victoria,https://collectionsearch.nma.gov.au/s/hw/EMU.EMUIRN/270814,https://data.nma.gov.au/object/270814
270858,2020.0006.0051,Handpainted coin made by Diana Bates,Coins,Coins; Homemade toys,Diana Mary Bates collection,1935,1901–1965,2148,"Yarra Glen, Victoria, Australia",Place made,Production,-37.65,145.37,Australia,Victoria,https://collectionsearch.nma.gov.au/s/hw/EMU.EMUIRN/270858,https://data.nma.gov.au/object/270858
270855,2020.0006.0049,Handpainted coin made by Diana Bates,Coins,Coins; Homemade toys,Diana Mary Bates collection,1935,1901–1965,2148,"Yarra Glen, Victoria, Australia",Place made,Production,-37.65,145.37,Australia,Victoria,https://collectionsearch.nma.gov.au/s/hw/EMU.EMUIRN/270855,https://data.nma.gov.au/object/270855
270856,2020.0006.0016,Handpainted coin made by Diana Bates,Coins,Coins; Homemade toys,Diana Mary Bates collection,1935,1901–1965,2148,"Yarra Glen, Victoria, Australia",Place made,Production,-37.65,145.37,Australia,Victoria,https://collectionsearch.nma.gov.au/s/hw/EMU.EMUIRN/270856,https://data.nma.gov.au/object/270856
270859,2020.0006.0052,Handpainted coin made by Diana Bates,Coins,Coins; Homemade toys,Diana Mary Bates collection,1935,1901–1965,2148,"Yarra Glen, Victoria, Australia",Place made,Production,-37.65,145.37,Australia,Victoria,https://collectionsearch.nma.gov.au/s/hw/EMU.EMUIRN/270859,https://data.nma.gov.au/object/270859
270853,2020.0006.0047,Handpainted coin made by Diana Bates,Coins,Coins; Homemade toys,Diana Mary Bates collection,1935,1901–1965,2148,"Yarra Glen, Victoria, Australia",Place made,Production,-37.65,145.37,Australia,Victoria,https://collectionsearch.nma.gov.au/s/hw/EMU.EMUIRN/270853,https://data.nma.gov.au/object/270853
270852,2020.0006.0046,Handpainted coin made by Diana Bates,Coins,Coins; Homemade toys,Diana Mary Bates collection,1935,1901–1965,2148,"Yarra Glen, Victoria, Australia",Place made,Production,-37.65,145.37,Australia,Victoria,https://collectionsearch.nma.gov.au/s/hw/EMU.EMUIRN/270852,https://data.nma.gov.au/object/270852
270816,2020.0006.0024,Handpainted coin made by Diana Bates,Coins,Coins; Homemade toys,Diana Mary Bates collection,1935,1901–1965,2148,"Yarra Glen, Victoria, Australia",Place made,Production,-37.65,145.37,Australia,Victoria,https://collectionsearch.nma.gov.au/s/hw/EMU.EMUIRN/270816,https://data.nma.gov.au/object/270816
271963,2021.0011.0005,"Commemorative cup and saucer featuring King Edward VIII, Melba Bone China",Other,Cups and saucers,Gary Whipp collection,1936,1901–1965,689,"England, United Kingdom",Place made,Production,52.435,-1.6772,Outside Australia,,https://collectionsearch.nma.gov.au/s/hw/EMU.EMUIRN/271963,https://data.nma.gov.au/object/271963
271964,2021.0011.0004,"Commemorative cup and saucer featuring King Edward VIII, Melba Bone China",Other,Cups and saucers,Gary Whipp collection,1936,1901–1965,689,"England, United Kingdom",Place made,Production,52.435,-1.6772,Outside Australia,,https://collectionsearch.nma.gov.au/s/hw/EMU.EMUIRN/271964,https://data.nma.gov.au/object/271964
270836,2020.0006.0037,Handpainted coin made by Diana Bates,Coins,Coins; Homemade toys,Diana Mary Bates collection,1935,1901–1965,2148,"Yarra Glen, Victoria, Australia",Place made,Production,-37.65,145.37,Australia,Victoria,https://collectionsearch.nma.gov.au/s/hw/EMU.EMUIRN/270836,https://data.nma.gov.au/object/270836
270834,2020.0006.0008,Handpainted coin made by Diana Bates,Coins,Coins; Homemade toys,Diana Mary Bates collection,1935,1901–1965,2148,"Yarra Glen, Victoria, Australia",Place made,Production,-37.65,145.37,Australia,Victoria,https://collectionsearch.nma.gov.au/s/hw/EMU.EMUIRN/270834,https://data.nma.gov.au/object/270834
270835,2020.0006.0036,Handpainted coin made by Diana Bates,Coins,Coins; Homemade toys,Diana Mary Bates collection,1935,1901–1965,2148,"Yarra Glen, Victoria, Australia",Place made,Production,-37.65,145.37,Australia,Victoria,https://collectionsearch.nma.gov.au/s/hw/EMU.EMUIRN/270835,https://data.nma.gov.au/object/270835
270838,2020.0006.0009,Handpainted coin made by Diana Bates,Coins,Coins; Homemade toys,Diana Mary Bates collection,1935,1901–1965,2148,"Yarra Glen, Victoria, Australia",Place made,Production,-37.65,145.37,Australia,Victoria,https://collectionsearch.nma.gov.au/s/hw/EMU.EMUIRN/270838,https://data.nma.gov.au/object/270838
270831,2020.0006.0007,Handpainted coin made by Diana Bates,Coins,Coins; Homemade toys,Diana Mary Bates collection,1935,1901–1965,2148,"Yarra Glen, Victoria, Australia",Place made,Production,-37.65,145.37,Australia,Victoria,https://collectionsearch.nma.gov.au/s/hw/EMU.EMUIRN/270831,https://data.nma.gov.au/object/270831
270837,2020.0006.0038,Handpainted coin made by Diana Bates,Coins,Coins; Homemade toys,Diana Mary Bates collection,1935,1901–1965,2148,"Yarra Glen, Victoria, Australia",Place made,Production,-37.65,145.37,Australia,Victoria,https://collectionsearch.nma.gov.au/s/hw/EMU.EMUIRN/270837,https://data.nma.gov.au/object/270837
270833,2020.0006.0035,Handpainted coin made by Diana Bates,Coins,Coins; Homemade toys,Diana Mary Bates collection,1935,1901–1965,2148,"Yarra Glen, Victoria, Australia",Place made,Production,-37.65,145.37,Australia,Victoria,https://collectionsearch.nma.gov.au/s/hw/EMU.EMUIRN/270833,https://data.nma.gov.au/object/270833
271976,2021.0011.0048,"Commemorative butter dish with lid featuring King Edward VIII, Empire",Other,Butter dishes,Gary Whipp collection,1936,1901–1965,689,"England, United Kingdom",Place made,Production,52.435,-1.6772,Outside Australia,,https://collectionsearch.nma.gov.au/s/hw/EMU.EMUIRN/271976,https://data.nma.gov.au/object/271976
271953,2021.0011.0029,"Commemorative egg cup for Coronation of King Edward VIII, 1937",Other,Eggcups,Gary Whipp collection,1936,1901–1965,689,"England, United Kingdom",Place made,Production,52.435,-1.6772,Outside Australia,,https://collectionsearch.nma.gov.au/s/hw/EMU.EMUIRN/271953,https://data.nma.gov.au/object/271953
114006,1998.0010.0001,George V Jubilee Medal 1935 to Sir Robert Menzies,Medals,Medals,Other Collections,1935,1901–1965,80124,England,Place made,Production,52.435,-1.6772,Outside Australia,,https://collectionsearch.nma.gov.au/s/hw/EMU.EMUIRN/114006,https://data.nma.gov.au/object/114006
271954,2021.0011.0023,"Commemorative beaker featuring King Edward VIII, Solian Ware",Other,Beakers (cups),Gary Whipp collection,1936,1901–1965,689,"England, United Kingdom",Place made,Production,52.435,-1.6772,Outside Australia,,https://collectionsearch.nma.gov.au/s/hw/EMU.EMUIRN/271954,https://data.nma.gov.au/object/271954
270844,2020.0006.0041,Handpainted coin made by Diana Bates,Coins,Coins; Homemade toys,Diana Mary Bates collection,1935,1901–1965,2148,"Yarra Glen, Victoria, Australia",Place made,Production,-37.65,145.37,Australia,Victoria,https://collectionsearch.nma.gov.au/s/hw/EMU.EMUIRN/270844,https://data.nma.gov.au/object/270844
270848,2020.0006.0013,Handpainted coin made by Diana Bates,Coins,Coins; Homemade toys,Diana Mary Bates collection,1935,1901–1965,2148,"Yarra Glen, Victoria, Australia",Place made,Production,-37.65,145.37,Australia,Victoria,https://collectionsearch.nma.gov.au/s/hw/EMU.EMUIRN/270848,https://data.nma.gov.au/object/270848
270845,2020.0006.0042,Handpainted coin made by Diana Bates,Coins,Coins; Homemade toys,Diana Mary Bates collection,1935,1901–1965,2148,"Yarra Glen, Victoria, Australia",Place made,Production,-37.65,145.37,Australia,Victoria,https://collectionsearch.nma.gov.au/s/hw/EMU.EMUIRN/270845,https://data.nma.gov.au/object/270845
270846,2020.0006.0043,Handpainted coin made by Diana Bates,Coins,Coins; Homemade toys,Diana Mary Bates collection,1935,1901–1965,2148,"Yarra Glen, Victoria, Australia",Place made,Production,-37.65,145.37,Australia,Victoria,https://collectionsearch.nma.gov.au/s/hw/EMU.EMUIRN/270846,https://data.nma.gov.au/object/270846
270849,2020.0006.0014,Handpainted coin made by Diana Bates,Coins,Coins; Homemade toys,Diana Mary Bates collection,1935,1901–1965,2148,"Yarra Glen, Victoria, Australia",Place made,Production,-37.65,145.37,Australia,Victoria,https://collectionsearch.nma.gov.au/s/hw/EMU.EMUIRN/270849,https://data.nma.gov.au/object/270849
270847,2020.0006.0044,Handpainted coin made by Diana Bates,Coins,Coins; Homemade toys,Diana Mary Bates collection,1935,1901–1965,2148,"Yarra Glen, Victoria, Australia",Place made,Production,-37.65,145.37,Australia,Victoria,https://collectionsearch.nma.gov.au/s/hw/EMU.EMUIRN/270847,https://data.nma.gov.au/object/270847
270843,2020.0006.0012,Handpainted coin made by Diana Bates,Coins,Coins; Homemade toys,Diana Mary Bates collection,1935,1901–1965,2148,"Yarra Glen, Victoria, Australia",Place made,Production,-37.65,145.37,Australia,Victoria,https://collectionsearch.nma.gov.au/s/hw/EMU.EMUIRN/270843,https://data.nma.gov.au/object/270843
271971,2021.0011.0037,"Square commemorative jam dish featuring King Edward VIII, TL&K",Other,Dishes,Gary Whipp collection,1936,1901–1965,689,"England, United Kingdom",Place made,Production,52.435,-1.6772,Outside Australia,,https://collectionsearch.nma.gov.au/s/hw/EMU.EMUIRN/271971,https://data.nma.gov.au/object/271971
271955,2021.0011.0022,"Commemorative beaker featuring King Edward VIII, Green & Co. Ltd.",Other,Beakers (cups),Gary Whipp collection,1936,1901–1965,689,"England, United Kingdom",Place made,Production,52.435,-1.6772,Outside Australia,,https://collectionsearch.nma.gov.au/s/hw/EMU.EMUIRN/271955,https://data.nma.gov.au/object/271955
270830,2020.0006.0006,Handpainted coin made by Diana Bates,Coins,Coins; Homemade toys,Diana Mary Bates collection,1935,1901–1965,2148,"Yarra Glen, Victoria, Australia",Place made,Production,-37.65,145.37,Australia,Victoria,https://collectionsearch.nma.gov.au/s/hw/EMU.EMUIRN/270830,https://data.nma.gov.au/object/270830
270840,2020.0006.0039,Handpainted coin made by Diana Bates,Coins,Coins; Homemade toys,Diana Mary Bates collection,1935,1901–1965,2148,"Yarra Glen, Victoria, Australia",Place made,Production,-37.65,145.37,Australia,Victoria,https://collectionsearch.nma.gov.au/s/hw/EMU.EMUIRN/270840,https://data.nma.gov.au/object/270840
271965,2021.0011.0044,"Commemorative dish with fluted edge for Coronation of King Edward VIII, 1937, Norville ware",Other,Dishes,Gary Whipp collection,1936,1901–1965,689,"England, United Kingdom",Place made,Production,52.435,-1.6772,Outside Australia,,https://collectionsearch.nma.gov.au/s/hw/EMU.EMUIRN/271965,https://data.nma.gov.au/object/271965
270842,2020.0006.0040,Handpainted coin made by Diana Bates,Coins,Coins; Homemade toys,Diana Mary Bates collection,1935,1901–1965,2148,"Yarra Glen, Victoria, Australia",Place made,Production,-37.65,145.37,Australia,Victoria,https://collectionsearch.nma.gov.au/s/hw/EMU.EMUIRN/270842,https://data.nma.gov.au/object/270842
270841,2020.0006.0011,Handpainted coin made by Diana Bates,Coins,Coins; Homemade toys,Diana Mary Bates collection,1935,1901–1965,2148,"Yarra Glen, Victoria, Australia",Place made,Production,-37.65,145.37,Australia,Victoria,https://collectionsearch.nma.gov.au/s/hw/EMU.EMUIRN/270841,https://data.nma.gov.au/object/270841
270871,2020.0006.0019,Handpainted coin made by Diana Bates,Coins,Coins; Homemade toys,Diana Mary Bates collection,1935,1901–1965,2148,"Yarra Glen, Victoria, Australia",Place made,Production,-37.65,145.37,Australia,Victoria,https://collectionsearch.nma.gov.au/s/hw/EMU.EMUIRN/270871,https://data.nma.gov.au/object/270871
270826,2020.0006.0032,Handpainted coin made by Diana Bates,Coins,Coins; Homemade toys,Diana Mary Bates collection,1935,1901–1965,2148,"Yarra Glen, Victoria, Australia",Place made,Production,-37.65,145.37,Australia,Victoria,https://collectionsearch.nma.gov.au/s/hw/EMU.EMUIRN/270826,https://data.nma.gov.au/object/270826
270829,2020.0006.0005,Handpainted coin made by Diana Bates,Coins,Coins; Homemade toys,Diana Mary Bates collection,1935,1901–1965,2148,"Yarra Glen, Victoria, Australia",Place made,Production,-37.65,145.37,Australia,Victoria,https://collectionsearch.nma.gov.au/s/hw/EMU.EMUIRN/270829,https://data.nma.gov.au/object/270829
271989,2021.0011.0032,"Commemorative square compote dish featuring King Edward VIII, J&G Meakin",Other,Dishes,Gary Whipp collection,1936,1901–1965,689,"England, United Kingdom",Place made,Production,52.435,-1.6772,Outside Australia,,https://collectionsearch.nma.gov.au/s/hw/EMU.EMUIRN/271989,https://data.nma.gov.au/object/271989
271984,2021.0011.0006,"Commemorative cup and saucer featuring King Edward VIII, Norville ware",Other,Cups and saucers,Gary Whipp collection,1936,1901–1965,689,"England, United Kingdom",Place made,Production,52.435,-1.6772,Outside Australia,,https://collectionsearch.nma.gov.au/s/hw/EMU.EMUIRN/271984,https://data.nma.gov.au/object/271984
271988,2021.0011.0033,"Commemorative square compote dish featuring King Edward VIII, J&G Meakin",Other,Dishes,Gary Whipp collection,1936,1901–1965,689,"England, United Kingdom",Place made,Production,52.435,-1.6772,Outside Australia,,https://collectionsearch.nma.gov.au/s/hw/EMU.EMUIRN/271988,https://data.nma.gov.au/object/271988
270860,2020.0006.0017,Handpainted coin made by Diana Bates,Coins,Coins; Homemade toys,Diana Mary Bates collection,1935,1901–1965,2148,"Yarra Glen, Victoria, Australia",Place made,Production,-37.65,145.37,Australia,Victoria,https://collectionsearch.nma.gov.au/s/hw/EMU.EMUIRN/270860,https://data.nma.gov.au/object/270860
271985,2021.0011.0003,"Commemorative cup and saucer featuring King Edward VIII, 1936, Plant Tuscan China",Other,Cups and saucers,Gary Whipp collection,1936,1901–1965,689,"England, United Kingdom",Place made,Production,52.435,-1.6772,Outside Australia,,https://collectionsearch.nma.gov.au/s/hw/EMU.EMUIRN/271985,https://data.nma.gov.au/object/271985
270822,2020.0006.0003,Handpainted coin made by Diana Bates,Coins,Coins; Homemade toys,Diana Mary Bates collection,1935,1901–1965,2148,"Yarra Glen, Victoria, Australia",Place made,Production,-37.65,145.37,Australia,Victoria,https://collectionsearch.nma.gov.au/s/hw/EMU.EMUIRN/270822,https://data.nma.gov.au/object/270822
270824,2020.0006.0030,Handpainted coin made by Diana Bates,Coins,Coins; Homemade toys,Diana Mary Bates collection,1935,1901–1965,2148,"Yarra Glen, Victoria, Australia",Place made,Production,-37.65,145.37,Australia,Victoria,https://collectionsearch.nma.gov.au/s/hw/EMU.EMUIRN/270824,https://data.nma.gov.au/object/270824
270823,2020.0006.0029,Handpainted coin made by Diana Bates,Coins,Coins; Homemade toys,Diana Mary Bates collection,1935,1901–1965,2148,"Yarra Glen, Victoria, Australia",Place made,Production,-37.65,145.37,Australia,Victoria,https://collectionsearch.nma.gov.au/s/hw/EMU.EMUIRN/270823,https://data.nma.gov.au/object/270823
270821,2020.0006.0028,Handpainted coin made by Diana Bates,Coins,Coins; Homemade toys,Diana Mary Bates collection,1935,1901–1965,2148,"Yarra Glen, Victoria, Australia",Place made,Production,-37.65,145.37,Australia,Victoria,https://collectionsearch.nma.gov.au/s/hw/EMU.EMUIRN/270821,https://data.nma.gov.au/object/270821
270825,2020.0006.0031,Handpainted coin made by Diana Bates,Coins,Coins; Homemade toys,Diana Mary Bates collection,1935,1901–1965,2148,"Yarra Glen, Victoria, Australia",Place made,Production,-37.65,145.37,Australia,Victoria,https://collectionsearch.nma.gov.au/s/hw/EMU.EMUIRN/270825,https://data.nma.gov.au/object/270825
270817,2020.0006.0025,Handpainted coin made by Diana Bates,Coins,Coins; Homemade toys,Diana Mary Bates collection,1935,1901–1965,2148,"Yarra Glen, Victoria, Australia",Place made,Production,-37.65,145.37,Australia,Victoria,https://collectionsearch.nma.gov.au/s/hw/EMU.EMUIRN/270817,https://data.nma.gov.au/object/270817
114169,1998.0005.0032,"Miniature medals including a George V Jubilee Medal from 1935, a George VI Coronation Medal from 1937 and a Queen Elizabeth II Coronation Medal from 1953",Medals,Medals,Other Collections,1935,1901–1965,80124,England,Place made,Production,52.435,-1.6772,Outside Australia,,https://collectionsearch.nma.gov.au/s/hw/EMU.EMUIRN/114169,https://data.nma.gov.au/object/114169
271978,2021.0011.0002,"Commemorative coffee cup and saucer featuring King Edward VIII, Norville ware",Other,Cups and saucers,Gary Whipp collection,1936,1901–1965,689,"England, United Kingdom",Place made,Production,52.435,-1.6772,Outside Australia,,https://collectionsearch.nma.gov.au/s/hw/EMU.EMUIRN/271978,https://data.nma.gov.au/object/271978
270851,2020.0006.0045,Handpainted coin made by Diana Bates,Coins,Coins; Homemade toys,Diana Mary Bates collection,1935,1901–1965,2148,"Yarra Glen, Victoria, Australia",Place made,Production,-37.65,145.37,Australia,Victoria,https://collectionsearch.nma.gov.au/s/hw/EMU.EMUIRN/270851,https://data.nma.gov.au/object/270851
270870,2020.0006.0060,Handpainted coin made by Diana Bates,Coins,Coins; Homemade toys,Diana Mary Bates collection,1935,1901–1965,2148,"Yarra Glen, Victoria, Australia",Place made,Production,-37.65,145.37,Australia,Victoria,https://collectionsearch.nma.gov.au/s/hw/EMU.EMUIRN/270870,https://data.nma.gov.au/object/270870
270850,2020.0006.0015,Handpainted coin made by Diana Bates,Coins,Coins; Homemade toys,Diana Mary Bates collection,1935,1901–1965,2148,"Yarra Glen, Victoria, Australia",Place made,Production,-37.65,145.37,Australia,Victoria,https://collectionsearch.nma.gov.au/s/hw/EMU.EMUIRN/270850,https://data.nma.gov.au/object/270850
270869,2020.0006.0059,Handpainted coin made by Diana Bates,Coins,Coins; Homemade toys,Diana Mary Bates collection,1935,1901–1965,2148,"Yarra Glen, Victoria, Australia",Place made,Production,-37.65,145.37,Australia,Victoria,https://collectionsearch.nma.gov.au/s/hw/EMU.EMUIRN/270869,https://data.nma.gov.au/object/270869
270820,2020.0006.0002,Handpainted coin made by Diana Bates,Coins,Coins; Homemade toys,Diana Mary Bates collection,1935,1901–1965,2148,"Yarra Glen, Victoria, Australia",Place made,Production,-37.65,145.37,Australia,Victoria,https://collectionsearch.nma.gov.au/s/hw/EMU.EMUIRN/270820,https://data.nma.gov.au/object/270820
270866,2020.0006.0020,Handpainted coin made by Diana Bates,Coins,Coins; Homemade toys,Diana Mary Bates collection,1935,1901–1965,2148,"Yarra Glen, Victoria, Australia",Place made,Production,-37.65,145.37,Australia,Victoria,https://collectionsearch.nma.gov.au/s/hw/EMU.EMUIRN/270866,https://data.nma.gov.au/object/270866
271967,2021.0011.0030,"Commemorative triangular ashtray for Coronation of King Edward VIII, 1937, Myott",Other,Ashtrays,Gary Whipp collection,1936,1901–1965,689,"England, United Kingdom",Place made,Production,52.435,-1.6772,Outside Australia,,https://collectionsearch.nma.gov.au/s/hw/EMU.EMUIRN/271967,https://data.nma.gov.au/object/271967
271982,2021.0011.0007,"Commemorative cup and saucer featuring King Edward VIII, Burgess Ware",Other,Cups and saucers,Gary Whipp collection,1936,1901–1965,689,"England, United Kingdom",Place made,Production,52.435,-1.6772,Outside Australia,,https://collectionsearch.nma.gov.au/s/hw/EMU.EMUIRN/271982,https://data.nma.gov.au/object/271982
270813,2020.0006.0001,Handpainted coin made by Diana Bates,Coins,Coins; Homemade toys,Diana Mary Bates collection,1935,1901–1965,2148,"Yarra Glen, Victoria, Australia",Place made,Production,-37.65,145.37,Australia,Victoria,https://collectionsearch.nma.gov.au/s/hw/EMU.EMUIRN/270813,https://data.nma.gov.au/object/270813
271986,2021.0011.0035,"Commemorative square compote dish featuring King Edward VIII, Empire",Other,Dishes,Gary Whipp collection,1936,1901–1965,689,"England, United Kingdom",Place made,Production,52.435,-1.6772,Outside Australia,,https://collectionsearch.nma.gov.au/s/hw/EMU.EMUIRN/271986,https://data.nma.gov.au/object/271986
271987,2021.0011.0034,"Commemorative square compote dish featuring King Edward VIII, Empire",Other,Dishes,Gary Whipp collection,1936,1901–1965,689,"England, United Kingdom",Place made,Production,52.435,-1.6772,Outside Australia,,https://collectionsearch.nma.gov.au/s/hw/EMU.EMUIRN/271987,https://data.nma.gov.au/object/271987
270857,2020.0006.0050,Handpainted coin made by Diana Bates,Coins,Coins; Homemade toys,Diana Mary Bates collection,1935,1901–1965,2148,"Yarra Glen, Victoria, Australia",Place made,Production,-37.65,145.37,Australia,Victoria,https://collectionsearch.nma.gov.au/s/hw/EMU.EMUIRN/270857,https://data.nma.gov.au/object/270857
270815,2020.0006.0023,Handpainted coin made by Diana Bates,Coins,Coins; Homemade toys,Diana Mary Bates collection,1935,1901–1965,2148,"Yarra Glen, Victoria, Australia",Place made,Production,-37.65,145.37,Australia,Victoria,https://collectionsearch.nma.gov.au/s/hw/EMU.EMUIRN/270815,https://data.nma.gov.au/object/270815
270865,2020.0006.0056,Handpainted coin made by Diana Bates,Coins,Coins; Homemade toys,Diana Mary Bates collection,1935,1901–1965,2148,"Yarra Glen, Victoria, Australia",Place made,Production,-37.65,145.37,Australia,Victoria,https://collectionsearch.nma.gov.au/s/hw/EMU.EMUIRN/270865,https://data.nma.gov.au/object/270865
270868,2020.0006.0058,Handpainted coin made by Diana Bates,Coins,Coins; Homemade toys,Diana Mary Bates collection,1935,1901–1965,2148,"Yarra Glen, Victoria, Australia",Place made,Production,-37.65,145.37,Australia,Victoria,https://collectionsearch.nma.gov.au/s/hw/EMU.EMUIRN/270868,https://data.nma.gov.au/object/270868
270864,2020.0006.0055,Handpainted coin made by Diana Bates,Coins,Coins; Homemade toys,Diana Mary Bates collection,1935,1901–1965,2148,"Yarra Glen, Victoria, Australia",Place made,Production,-37.65,145.37,Australia,Victoria,https://collectionsearch.nma.gov.au/s/hw/EMU.EMUIRN/270864,https://data.nma.gov.au/object/270864
270861,2020.0006.0053,Handpainted coin made by Diana Bates,Coins,Coins; Homemade toys,Diana Mary Bates collection,1935,1901–1965,2148,"Yarra Glen, Victoria, Australia",Place made,Production,-37.65,145.37,Australia,Victoria,https://collectionsearch.nma.gov.au/s/hw/EMU.EMUIRN/270861,https://data.nma.gov.au/object/270861
270867,2020.0006.0057,Handpainted coin made by Diana Bates,Coins,Coins; Homemade toys,Diana Mary Bates collection,1935,1901–1965,2148,"Yarra Glen, Victoria, Australia",Place made,Production,-37.65,145.37,Australia,Victoria,https://collectionsearch.nma.gov.au/s/hw/EMU.EMUIRN/270867,https://data.nma.gov.au/object/270867
270863,2020.0006.0018,Handpainted coin made by Diana Bates,Coins,Coins; Homemade toys,Diana Mary Bates collection,1935,1901–1965,2414,Turkey,,Production,38.9636,35.2431,Outside Australia,,https://collectionsearch.nma.gov.au/s/hw/EMU.EMUIRN/270863,https://data.nma.gov.au/object/270863
270863,2020.0006.0018,Handpainted coin made by Diana Bates,Coins,Coins; Homemade toys,Diana Mary Bates collection,1935,1901–1965,2148,"Yarra Glen, Victoria, Australia",Place made,Production,-37.65,145.37,Australia,Victoria,https://collectionsearch.nma.gov.au/s/hw/EMU.EMUIRN/270863,https://data.nma.gov.au/object/270863
270862,2020.0006.0054,Handpainted coin made by Diana Bates,Coins,Coins; Homemade toys,Diana Mary Bates collection,1935,1901–1965,2148,"Yarra Glen, Victoria, Australia",Place made,Production,-37.65,145.37,Australia,Victoria,https://collectionsearch.nma.gov.au/s/hw/EMU.EMUIRN/270862,https://data.nma.gov.au/object/270862
130978,2004.0060.0002.001,"Australian silver commemorative medallion marking Australia's 150th Anniversary in1938, featuring the landing at Sydney Cove of Captain Arthur Phillip on January 26 1788.",Medals,Commemorative medallions,Other Collections,1938,1901–1965,47,"Sydney, New South Wales, Australia",Place made,Production,-33.85,151.2,Australia,New South Wales,https://collectionsearch.nma.gov.au/s/hw/EMU.EMUIRN/130978,https://data.nma.gov.au/object/130978
130976,2004.0060.0001.001,"Australian silver commemorative medallion marking Australia's 150th Anniversary in1938, featuring the landing at Sydney Cove of Captain Arthur Phillip on January 26 1788.",Medals,Commemorative medallions,Other Collections,1938,1901–1965,47,"Sydney, New South Wales, Australia",Place made,Production,-33.85,151.2,Australia,New South Wales,https://collectionsearch.nma.gov.au/s/hw/EMU.EMUIRN/130976,https://data.nma.gov.au/object/130976
271960,2021.0011.0010,"Commemorative mug for coronation of King Edward VIII, 1937, Standard China",Other,Mugs,Gary Whipp collection,1936,1901–1965,689,"England, United Kingdom",Place made,Production,52.435,-1.6772,Outside Australia,,https://collectionsearch.nma.gov.au/s/hw/EMU.EMUIRN/271960,https://data.nma.gov.au/object/271960
55067,1994.0024.0003,Commemorative oval yellow glass dish for the Coronation of King George the VI,Other,Commemorative glassware,Other Collections,1937,1901–1965,689,"England, United Kingdom",Place made,Production,52.435,-1.6772,Outside Australia,,https://collectionsearch.nma.gov.au/s/hw/EMU.EMUIRN/55067,https://data.nma.gov.au/object/55067
112418,1992.0097.0044,"Black and white postcard photograph depicting Mr Glover wearing his military medals on Anzac Day, 1939",Other,Photographs,Other Collections,1939,1901–1965,47,"Sydney, New South Wales, Australia",Place photographed,Production,-33.85,151.2,Australia,New South Wales,https://collectionsearch.nma.gov.au/s/hw/EMU.EMUIRN/112418,https://data.nma.gov.au/object/112418
34243,1986.0122.0003,German Prisoner of War Camp currency Two Reichsmark banknote used in Stalag VII-A,Banknotes,Banknotes,Other Collections,1941,1901–1965,80128,Germany,Place of issue,Production,51.1656,10.4514,Outside Australia,,https://collectionsearch.nma.gov.au/s/hw/EMU.EMUIRN/34243,https://data.nma.gov.au/object/34243
271957,2021.0011.0016,"Commemorative mug featuring King Edward VIII, Royal Stafford Bone China",Other,Mugs,Gary Whipp collection,1936,1901–1965,689,"England, United Kingdom",Place made,Production,52.435,-1.6772,Outside Australia,,https://collectionsearch.nma.gov.au/s/hw/EMU.EMUIRN/271957,https://data.nma.gov.au/object/271957
271952,2021.0011.0028,"Commemorative mug for Coronation of King Edward VIII, 1937, by Dame Laura Knight, Burleigh Ware",Other,Mugs,Gary Whipp collection,1936,1901–1965,689,"England, United Kingdom",Place made,Production,52.435,-1.6772,Outside Australia,,https://collectionsearch.nma.gov.au/s/hw/EMU.EMUIRN/271952,https://data.nma.gov.au/object/271952
271974,2021.0011.0043,Commemorative plate inscribed 'God bless our King Edward VIII Rex imperator',Other,Plates,Gary Whipp collection,1936,1901–1965,940,Japan,Place made,Production,35.7089,139.732,Outside Australia,,https://collectionsearch.nma.gov.au/s/hw/EMU.EMUIRN/271974,https://data.nma.gov.au/object/271974
271975,2021.0011.0046,"Commemorative pin dish for Coronation of King Edward VIII, 1937",Other,Pin trays,Gary Whipp collection,1936,1901–1965,689,"England, United Kingdom",Place made,Production,52.435,-1.6772,Outside Australia,,https://collectionsearch.nma.gov.au/s/hw/EMU.EMUIRN/271975,https://data.nma.gov.au/object/271975
271956,2021.0011.0017,"Commemorative mug featuring King Edward VIII, Wedgwood",Other,Mugs,Gary Whipp collection,1936,1901–1965,689,"England, United Kingdom",Place made,Production,52.435,-1.6772,Outside Australia,,https://collectionsearch.nma.gov.au/s/hw/EMU.EMUIRN/271956,https://data.nma.gov.au/object/271956
271958,2021.0011.0011,"Commemorative loving cup featuring King Edward VIII, Shelley",Other,Loving cups,Gary Whipp collection,1936,1901–1965,689,"England, United Kingdom",Place made,Production,52.435,-1.6772,Outside Australia,,https://collectionsearch.nma.gov.au/s/hw/EMU.EMUIRN/271958,https://data.nma.gov.au/object/271958
271969,2021.0011.0041,"Commemorative bread and butter plate featuring King Edward VIII, Norville Ware",Other,Side plates,Gary Whipp collection,1936,1901–1965,689,"England, United Kingdom",Place made,Production,52.435,-1.6772,Outside Australia,,https://collectionsearch.nma.gov.au/s/hw/EMU.EMUIRN/271969,https://data.nma.gov.au/object/271969
271972,2021.0011.0036,"Square commemorative bread and butter plate featuring King Edward VIII, Delphine",Other,Plates,Gary Whipp collection,1936,1901–1965,689,"England, United Kingdom",Place made,Production,52.435,-1.6772,Outside Australia,,https://collectionsearch.nma.gov.au/s/hw/EMU.EMUIRN/271972,https://data.nma.gov.au/object/271972
34242,1986.0122.0002,German Prisoner of War Camp currency One Reichsmark banknote used in Stalag VII-A,Banknotes,Banknotes,Other Collections,1941,1901–1965,80128,Germany,Place of issue,Production,51.1656,10.4514,Outside Australia,,https://collectionsearch.nma.gov.au/s/hw/EMU.EMUIRN/34242,https://data.nma.gov.au/object/34242
132798,1989.0009.0006,Oswald Watt medal for aviation in leather case,Medals,Medals,Other Collections,1936,1901–1965,80110,Australia,Place of issue,Production,-25.0,133.0,Australia,,https://collectionsearch.nma.gov.au/s/hw/EMU.EMUIRN/132798,https://data.nma.gov.au/object/132798
59211,2000.0006.0010,"Black jersey headpiece with red decoration on the forehead, worn for performances of the ballet 'Demon Machine'",Other,Dance costumes,Other Collections,1939,1901–1965,1530,"St Marys, Sydney, New South Wales, Australia",Place made,Production,-33.7833,150.783,Australia,New South Wales,https://collectionsearch.nma.gov.au/s/hw/EMU.EMUIRN/59211,https://data.nma.gov.au/object/59211
116703,1998.0028.0021,Commemorative stand displaying three World War Two artillery shells,Other,Commemorative objects,Other Collections,1939,1901–1965,1390,"Kilburn, Adelaide, South Australia, Australia",Place made,Production,-34.8683,138.581,Australia,South Australia,https://collectionsearch.nma.gov.au/s/hw/EMU.EMUIRN/116703,https://data.nma.gov.au/object/116703
114014,1998.0010.0002,George VI Coronation Medal 1937 to Sir Robert Menzies,Medals,Medals,Other Collections,1937,1901–1965,80124,England,Place made,Production,52.435,-1.6772,Outside Australia,,https://collectionsearch.nma.gov.au/s/hw/EMU.EMUIRN/114014,https://data.nma.gov.au/object/114014
73811,2004.0060.0001,"Australian silver commemorative medallion in presentation box marking Australia's 150th Anniversary in1938, featuring the landing at Sydney Cove of Captain Arthur Phillip on January 26 1788.",Medals,Commemorative medallions,Other Collections,1938,1901–1965,47,"Sydney, New South Wales, Australia",Place made,Production,-33.85,151.2,Australia,New South Wales,https://collectionsearch.nma.gov.au/s/hw/EMU.EMUIRN/73811,https://data.nma.gov.au/object/73811
73810,2004.0060.0002,"Australian silver commemorative medallion in presentation box marking Australia's 150th Anniversary in1938, featuring the landing at Sydney Cove of Captain Arthur Phillip on January 26 1788.",Medals,Commemorative medallions,Other Collections,1938,1901–1965,47,"Sydney, New South Wales, Australia",Place made,Production,-33.85,151.2,Australia,New South Wales,https://collectionsearch.nma.gov.au/s/hw/EMU.EMUIRN/73810,https://data.nma.gov.au/object/73810
67097,2002.0021.0174,Souvenir plate - 150th Anniversary of New South Wales,Other,Commemorative plates,Cecil Ballard Jnr collection,1937,1901–1965,80124,England,Place made,Production,52.435,-1.6772,Outside Australia,,https://collectionsearch.nma.gov.au/s/hw/EMU.EMUIRN/67097,https://data.nma.gov.au/object/67097
271949,2021.0011.0019,"Commemorative mug featuring King Edward VIII, J. Kent Ltd.",Other,Mugs,Gary Whipp collection,1936,1901–1965,689,"England, United Kingdom",Place made,Production,52.435,-1.6772,Outside Australia,,https://collectionsearch.nma.gov.au/s/hw/EMU.EMUIRN/271949,https://data.nma.gov.au/object/271949
271979,2021.0011.0009,"Triangular pink commemorative plate for coronation of King Edward VIII, 1937, Johnson Bros.",Other,Plates,Gary Whipp collection,1936,1901–1965,689,"England, United Kingdom",Place made,Production,52.435,-1.6772,Outside Australia,,https://collectionsearch.nma.gov.au/s/hw/EMU.EMUIRN/271979,https://data.nma.gov.au/object/271979
271950,2021.0011.0018,"Commemorative mug featuring King Edward VIII, BOM/Nelson Ware",Other,Mugs,Gary Whipp collection,1936,1901–1965,689,"England, United Kingdom",Place made,Production,52.435,-1.6772,Outside Australia,,https://collectionsearch.nma.gov.au/s/hw/EMU.EMUIRN/271950,https://data.nma.gov.au/object/271950
271947,2021.0011.0021,"Commemorative mug featuring King Edward VIII, Empire",Other,Mugs,Gary Whipp collection,1936,1901–1965,689,"England, United Kingdom",Place made,Production,52.435,-1.6772,Outside Australia,,https://collectionsearch.nma.gov.au/s/hw/EMU.EMUIRN/271947,https://data.nma.gov.au/object/271947
271944,2021.0011.0015,"Commemorative mug featuring King Edward VIII, TL&K",Other,Mugs,Gary Whipp collection,1936,1901–1965,689,"England, United Kingdom",Place made,Production,52.435,-1.6772,Outside Australia,,https://collectionsearch.nma.gov.au/s/hw/EMU.EMUIRN/271944,https://data.nma.gov.au/object/271944
56373,1995.0026.0003,Poster titled 'Help Australia - Help yourself... buy WAR SAVINGS STAMPS and CERTIFICATES',Other,Advertising posters,Other Collections,1942,1901–1965,80110,Australia,Place of publication,Production,-25.0,133.0,Australia,,https://collectionsearch.nma.gov.au/s/hw/EMU.EMUIRN/56373,https://data.nma.gov.au/object/56373
271948,2021.0011.0020,"Commemorative mug featuring King Edward VIII, Tams Ware",Other,Mugs,Gary Whipp collection,1936,1901–1965,689,"England, United Kingdom",Place made,Production,52.435,-1.6772,Outside Australia,,https://collectionsearch.nma.gov.au/s/hw/EMU.EMUIRN/271948,https://data.nma.gov.au/object/271948
271980,2021.0011.0008,"Pink commemorative mug for coronation of King Edward VIII, 1937, Johnson Bros.",Other,Mugs,Gary Whipp collection,1936,1901–1965,689,"England, United Kingdom",Place made,Production,52.435,-1.6772,Outside Australia,,https://collectionsearch.nma.gov.au/s/hw/EMU.EMUIRN/271980,https://data.nma.gov.au/object/271980
271981,2021.0011.0027,"Green commemorative mug featuring King Edward VIII, H.J. Wood Ltd.",Other,Mugs,Gary Whipp collection,1936,1901–1965,689,"England, United Kingdom",Place made,Production,52.435,-1.6772,Outside Australia,,https://collectionsearch.nma.gov.au/s/hw/EMU.EMUIRN/271981,https://data.nma.gov.au/object/271981
271983,2021.0011.0026,Commemorative mug featuring King Edward VIII,Other,Mugs,Gary Whipp collection,1936,1901–1965,689,"England, United Kingdom",Place made,Production,52.435,-1.6772,Outside Australia,,https://collectionsearch.nma.gov.au/s/hw/EMU.EMUIRN/271983,https://data.nma.gov.au/object/271983
272085,2021.0011.0064,Book titled 'Souvenir Book of King Edward VIII Told in Pictures',Other,Commemorative books,Gary Whipp collection,1937,1901–1965,1186,"Manchester, England",Place printed,Production,53.4808,-2.2425,Outside Australia,,https://collectionsearch.nma.gov.au/s/hw/EMU.EMUIRN/272085,https://data.nma.gov.au/object/272085
271937,2021.0011.0013,"Commemorative milk jug for coronation of King Edward VIII, 1937",Other,Jugs,Gary Whipp collection,1936,1901–1965,689,"England, United Kingdom",Place made,Production,52.435,-1.6772,Outside Australia,,https://collectionsearch.nma.gov.au/s/hw/EMU.EMUIRN/271937,https://data.nma.gov.au/object/271937
114167,1998.0005.0030,George VI Coronation Medal 1937 to Dame Pattie Menzies,Medals,Medals,Other Collections,1936,1901–1965,80124,England,Place made,Production,52.435,-1.6772,Outside Australia,,https://collectionsearch.nma.gov.au/s/hw/EMU.EMUIRN/114167,https://data.nma.gov.au/object/114167
271940,2021.0011.0012,"Commemorative milk jug for coronation of King Edward VIII, 1937",Other,Jugs,Gary Whipp collection,1936,1901–1965,689,"England, United Kingdom",Place made,Production,52.435,-1.6772,Outside Australia,,https://collectionsearch.nma.gov.au/s/hw/EMU.EMUIRN/271940,https://data.nma.gov.au/object/271940
271946,2021.0011.0024,"Commemorative mug featuring King Edward VIII, Midwinter Porcelon Burslem",Other,Mugs,Gary Whipp collection,1936,1901–1965,689,"England, United Kingdom",Place made,Production,52.435,-1.6772,Outside Australia,,https://collectionsearch.nma.gov.au/s/hw/EMU.EMUIRN/271946,https://data.nma.gov.au/object/271946
271945,2021.0011.0025,"Commemorative mug featuring King Edward VIII, Green & Co. Ltd.",Other,Mugs,Gary Whipp collection,1936,1901–1965,689,"England, United Kingdom",Place made,Production,52.435,-1.6772,Outside Australia,,https://collectionsearch.nma.gov.au/s/hw/EMU.EMUIRN/271945,https://data.nma.gov.au/object/271945
106636,2006.0031.0049,"Medallion ""Presented to the children by the Government of Victoria""",Medals,Commemorative medallions,Other Collections,1954,1901–1965,45,"Melbourne, Victoria, Australia",Place made,Production,-37.8167,144.967,Australia,Victoria,https://collectionsearch.nma.gov.au/s/hw/EMU.EMUIRN/106636,https://data.nma.gov.au/object/106636
279450,2022.0016.0001,"Commemorative teapot manufactured to mark the Coronation of Queen Elizabeth II, 1953",Other,Commemorative teapots,Other Collections,1952,1901–1965,2657,"Stoke-on-Trent, Staffordshire, England",Place made,Production,53.0028,-2.1883,Outside Australia,,https://collectionsearch.nma.gov.au/s/hw/EMU.EMUIRN/279450,https://data.nma.gov.au/object/279450
113656,2004.0042.0003,"Four unused centenary re-issue of the first postage stamps produced in Australia, 1950",Stamps,Postage stamps,Other Collections,1950,1901–1965,80110,Australia,Place of issue,Production,-25.0,133.0,Australia,,https://collectionsearch.nma.gov.au/s/hw/EMU.EMUIRN/113656,https://data.nma.gov.au/object/113656
266334,2020.0002.0232,Horseshoe ashtray with Phar Lap decoration made by H.L. Brisbane and Wunderlich Ltd,Other,Ashtrays,Other Collections,1946,1901–1965,3781,"Subiaco, Perth, Western Australia, Australia",Place of production,Production,-31.93,115.82,Australia,Western Australia,https://collectionsearch.nma.gov.au/s/hw/EMU.EMUIRN/266334,https://data.nma.gov.au/object/266334
22384,1986.0009.0004,"Metal globe of the world studded with stones marking the flight paths of the Southern Cross aeroplane, inscribed 'Atlantic'",Other,Commemorative objects,Other Collections,1946,1901–1965,1883,"Tasmania, Australia",,Production,-41.9253,146.497,Australia,Tasmania,https://collectionsearch.nma.gov.au/s/hw/EMU.EMUIRN/22384,https://data.nma.gov.au/object/22384
22387,1986.0009.0005,"Metal globe studded with stones marking the flight paths of the Southern Cross aeroplane, inscribed 'Pacific'",Other,Commemorative objects,Other Collections,1946,1901–1965,1883,"Tasmania, Australia",,Production,-41.9253,146.497,Australia,Tasmania,https://collectionsearch.nma.gov.au/s/hw/EMU.EMUIRN/22387,https://data.nma.gov.au/object/22387
67069,2002.0021.0148,White china mug to commemorate the (cancelled) 1949 Royal Visit to Australia,Other,Commemorative mugs,Cecil Ballard Jnr collection,1949,1901–1965,80124,England,Place made,Production,52.435,-1.6772,Outside Australia,,https://collectionsearch.nma.gov.au/s/hw/EMU.EMUIRN/67069,https://data.nma.gov.au/object/67069
111431,2006.0031.0140,The Queen in Victoria,Other,Commemorative books,Other Collections,1954,1901–1965,80386,"Victoria, Australia",,Production,-37.4714,144.785,Australia,Victoria,https://collectionsearch.nma.gov.au/s/hw/EMU.EMUIRN/111431,https://data.nma.gov.au/object/111431
53977,1993.0060.0001.001,Member of the Order of the British Empire (Civil) awarded to Sheila Ruth Collett on 1 January 1957,Medals,Medals,Other Collections,1952,1901–1965,80124,England,Place made,Production,52.435,-1.6772,Outside Australia,,https://collectionsearch.nma.gov.au/s/hw/EMU.EMUIRN/53977,https://data.nma.gov.au/object/53977
109457,2006.0031.0031,Souvenir Book of Coronation Pageantry,Other,Commemorative books,Other Collections,1953,1901–1965,80124,England,Place of publication,Production,52.435,-1.6772,Outside Australia,,https://collectionsearch.nma.gov.au/s/hw/EMU.EMUIRN/109457,https://data.nma.gov.au/object/109457
266126,2020.0002.0231,Ashtray with Phar Lap decoration made by H.L. Brisbane and Wunderlich Ltd,Other,Ashtrays,Other Collections,1946,1901–1965,3781,"Subiaco, Perth, Western Australia, Australia",Place of production,Production,-31.93,115.82,Australia,Western Australia,https://collectionsearch.nma.gov.au/s/hw/EMU.EMUIRN/266126,https://data.nma.gov.au/object/266126
114168,1998.0005.0031,Queen Elizabeth II Coronation Medal 1953 to Dame Pattie Menzies,Medals,Medals,Other Collections,1952,1901–1965,80124,England,Place made,Production,52.435,-1.6772,Outside Australia,,https://collectionsearch.nma.gov.au/s/hw/EMU.EMUIRN/114168,https://data.nma.gov.au/object/114168
114020,1998.0010.0003,Queen Elizabeth II Coronation Medal 1953 to Sir Robert Menzies,Medals,Medals,Other Collections,1953,1901–1965,80124,England,Place made,Production,52.435,-1.6772,Outside Australia,,https://collectionsearch.nma.gov.au/s/hw/EMU.EMUIRN/114020,https://data.nma.gov.au/object/114020
53978,1993.0060.0001.002,Miniature medal for the Member of the Order of the British Empire awaded to Sheila Ruth Collett,Medals,Miniature medals,Other Collections,1952,1901–1965,80124,England,Place made,Production,52.435,-1.6772,Outside Australia,,https://collectionsearch.nma.gov.au/s/hw/EMU.EMUIRN/53978,https://data.nma.gov.au/object/53978
74226,2005.0025.0001,NSW Amateur Swimming Association medal awarded to G Hamilton,Medals,Sports medals,Other Collections,1957,1901–1965,80140,"New South Wales, Australia",Place made,Production,-31.2531,146.921,Australia,New South Wales,https://collectionsearch.nma.gov.au/s/hw/EMU.EMUIRN/74226,https://data.nma.gov.au/object/74226
113402,2006.0015.0001,World Tunnel Record Holder medallion awarded to A S Novikov 1956,Medals,Medals,Other Collections,1956,1901–1965,80110,Australia,Place made,Production,-25.0,133.0,Australia,,https://collectionsearch.nma.gov.au/s/hw/EMU.EMUIRN/113402,https://data.nma.gov.au/object/113402
109438,2006.0031.0036,"Money box to commemorate the British royal visit to Australia, 1954",Other,Moneyboxes,Other Collections,1954,1901–1965,80386,"Victoria, Australia",Place of issue,Production,-37.4714,144.785,Australia,Victoria,https://collectionsearch.nma.gov.au/s/hw/EMU.EMUIRN/109438,https://data.nma.gov.au/object/109438
20187,1985.0246.0090,Painting depicts an abstract design that recalls the facial decoration for an ancient Pukamini ritual,Other,Bark paintings,Other Collections,1960,1901–1965,1240,"Melville Island, Tiwi Islands, Northern Territory, Australia",,Production,-11.55,130.93,Australia,Northern Territory,https://collectionsearch.nma.gov.au/s/hw/EMU.EMUIRN/20187,https://data.nma.gov.au/object/20187
18424,1985.0112.0039,Bark painting depicts a rounded frame in four different rings of decoration,Other,Bark paintings,Other Collections,1965,1901–1965,1786,"Milikapiti (Snake Bay), Melville Island, Tiwi Islands, Northern Territory, Australia",,Production,-11.4,130.67,Australia,Northern Territory,https://collectionsearch.nma.gov.au/s/hw/EMU.EMUIRN/18424,https://data.nma.gov.au/object/18424
140192,1989.0027.0001,Cardboard carton containing 12 commemorative bottles of Angove's wine,Other,Wine bottles,Other Collections,1974,1966–1999,80330,"South Australia, Australia",Place made,Production,-30.0003,136.209,Australia,South Australia,https://collectionsearch.nma.gov.au/s/hw/EMU.EMUIRN/140192,https://data.nma.gov.au/object/140192
45896,1991.0024.3835,Jar with Sgraffito decoration,Other,Jars,Other Collections,1976,1966–1999,205,"Bathurst Island, Tiwi Islands, Northern Territory, Australia",,Production,-11.62,130.38,Australia,Northern Territory,https://collectionsearch.nma.gov.au/s/hw/EMU.EMUIRN/45896,https://data.nma.gov.au/object/45896
140250,1989.0029.0001,Medal to commemorate the bicentenary of the arrival to the east coast of Australia by Captain James Cook,Medals,Commemorative medals,Other Collections,1969,1966–1999,47,"Sydney, New South Wales, Australia",Place made,Production,-33.85,151.2,Australia,New South Wales,https://collectionsearch.nma.gov.au/s/hw/EMU.EMUIRN/140250,https://data.nma.gov.au/object/140250
172790,1981.0022.0001,Silver Jubilee visit 1977 medallion in presentation folder,Medals,Commemorative medallions,Other Collections,1977,1966–1999,1832,"Saint Kilda, Melbourne, Victoria, Australia",Place made,Production,-37.85,144.97,Australia,Victoria,https://collectionsearch.nma.gov.au/s/hw/EMU.EMUIRN/172790,https://data.nma.gov.au/object/172790
51270,1992.0077.0001.002,"Three-panel mural of postage stamps, which depicts the coat of arms of Australia, Bicentenary of Australia, 1788-1988",Other,Murals,Other Collections,1981,1966–1999,2565,"Bentley, Perth, Western Australia, Australia",Place made,Production,-32.0,115.92,Australia,Western Australia,https://collectionsearch.nma.gov.au/s/hw/EMU.EMUIRN/51270,https://data.nma.gov.au/object/51270
51274,1992.0077.0001.003,"Three-panel mural of postage stamps, which depicts Sydney in 1988, Bicentenary of Australia, 1788-1988",Other,Murals,Other Collections,1981,1966–1999,2565,"Bentley, Perth, Western Australia, Australia",Place made,Production,-32.0,115.92,Australia,Western Australia,https://collectionsearch.nma.gov.au/s/hw/EMU.EMUIRN/51274,https://data.nma.gov.au/object/51274
51266,1992.0077.0001.001,"Three-panel mural of postage stamps, which depicts the flag-raising ceremony at Sydney Cove in 1788, Bicentenary of Australia, 1788-1988",Other,Murals,Other Collections,1981,1966–1999,2565,"Bentley, Perth, Western Australia, Australia",Place made,Production,-32.0,115.92,Australia,Western Australia,https://collectionsearch.nma.gov.au/s/hw/EMU.EMUIRN/51266,https://data.nma.gov.au/object/51266
125756,1987.0018.0005.001,'Subject No.2 - ' bicentennial commemorative milk carton,Other,Milk containers,ACT Milk Authority collection,1987,1966–1999,80015,"Canberra, Australian Capital Territory, Australia",Place made,Production,-35.3,149.13,Australia,Australian Capital Territory,https://collectionsearch.nma.gov.au/s/hw/EMU.EMUIRN/125756,https://data.nma.gov.au/object/125756
125752,1987.0018.0004.001,'Subject No.1 - Aborigines' bicentennial commemorative milk carton,Other,Milk containers,ACT Milk Authority collection,1987,1966–1999,80015,"Canberra, Australian Capital Territory, Australia",Place made,Production,-35.3,149.13,Australia,Australian Capital Territory,https://collectionsearch.nma.gov.au/s/hw/EMU.EMUIRN/125752,https://data.nma.gov.au/object/125752
125755,1987.0018.0005,'Subject No.2 - ' bicentennial commemorative milk cartons,Other,Milk containers,ACT Milk Authority collection,1987,1966–1999,80015,"Canberra, Australian Capital Territory, Australia",Place made,Production,-35.3,149.13,Australia,Australian Capital Territory,https://collectionsearch.nma.gov.au/s/hw/EMU.EMUIRN/125755,https://data.nma.gov.au/object/125755
125759,1987.0018.0006,'Subject No.2 - ' bicentennial commemorative milk cartons,Other,Milk containers,ACT Milk Authority collection,1987,1966–1999,80015,"Canberra, Australian Capital Territory, Australia",Place made,Production,-35.3,149.13,Australia,Australian Capital Territory,https://collectionsearch.nma.gov.au/s/hw/EMU.EMUIRN/125759,https://data.nma.gov.au/object/125759
125753,1987.0018.0004.002,'Subject No.1 - Aborigines' bicentennial commemorative milk carton,Other,Milk containers,ACT Milk Authority collection,1987,1966–1999,80015,"Canberra, Australian Capital Territory, Australia",Place made,Production,-35.3,149.13,Australia,Australian Capital Territory,https://collectionsearch.nma.gov.au/s/hw/EMU.EMUIRN/125753,https://data.nma.gov.au/object/125753
125758,1987.0018.0005.002,'Subject No.2 - ' bicentennial commemorative milk carton,Other,Milk containers,ACT Milk Authority collection,1987,1966–1999,80015,"Canberra, Australian Capital Territory, Australia",Place made,Production,-35.3,149.13,Australia,Australian Capital Territory,https://collectionsearch.nma.gov.au/s/hw/EMU.EMUIRN/125758,https://data.nma.gov.au/object/125758
125796,1987.0018.0014.002,'Subject No.8 - Standing Alone' bicentennial commemorative milk carton,Other,Milk containers,ACT Milk Authority collection,1987,1966–1999,80015,"Canberra, Australian Capital Territory, Australia",Place made,Production,-35.3,149.13,Australia,Australian Capital Territory,https://collectionsearch.nma.gov.au/s/hw/EMU.EMUIRN/125796,https://data.nma.gov.au/object/125796
133481,1988.0071.0003,Commemorative bus ticket for ACTION buses to the opening of New Parliament House in 1988,Other,Bus tickets,Other Collections,1988,1966–1999,80015,"Canberra, Australian Capital Territory, Australia",Place of issue,Production,-35.3,149.13,Australia,Australian Capital Territory,https://collectionsearch.nma.gov.au/s/hw/EMU.EMUIRN/133481,https://data.nma.gov.au/object/133481
125791,1987.0018.0013.001,'Subject No.7 - ' bicentennial commemorative milk carton,Other,Milk containers,ACT Milk Authority collection,1987,1966–1999,80015,"Canberra, Australian Capital Territory, Australia",Place made,Production,-35.3,149.13,Australia,Australian Capital Territory,https://collectionsearch.nma.gov.au/s/hw/EMU.EMUIRN/125791,https://data.nma.gov.au/object/125791
133474,1988.0071.0001,Commemorative bus ticket for ACTION buses to the opening of New Parliament House in 1988,Other,Bus tickets,Other Collections,1988,1966–1999,80015,"Canberra, Australian Capital Territory, Australia",Place of issue,Production,-35.3,149.13,Australia,Australian Capital Territory,https://collectionsearch.nma.gov.au/s/hw/EMU.EMUIRN/133474,https://data.nma.gov.au/object/133474
125790,1987.0018.0013,'Subject No.7 - ' bicentennial commemorative milk cartons,Other,Milk containers,ACT Milk Authority collection,1987,1966–1999,80015,"Canberra, Australian Capital Territory, Australia",Place made,Production,-35.3,149.13,Australia,Australian Capital Territory,https://collectionsearch.nma.gov.au/s/hw/EMU.EMUIRN/125790,https://data.nma.gov.au/object/125790
133477,1988.0071.0002,Commemorative bus ticket for ACTION buses to the opening of New Parliament House in 1988,Other,Bus tickets,Other Collections,1988,1966–1999,80015,"Canberra, Australian Capital Territory, Australia",Place of issue,Production,-35.3,149.13,Australia,Australian Capital Territory,https://collectionsearch.nma.gov.au/s/hw/EMU.EMUIRN/133477,https://data.nma.gov.au/object/133477
125795,1987.0018.0014.001,'Subject No.8 - Standing Alone' bicentennial commemorative milk carton,Other,Milk containers,ACT Milk Authority collection,1987,1966–1999,80015,"Canberra, Australian Capital Territory, Australia",Place made,Production,-35.3,149.13,Australia,Australian Capital Territory,https://collectionsearch.nma.gov.au/s/hw/EMU.EMUIRN/125795,https://data.nma.gov.au/object/125795
125788,1987.0018.0012.002,'Subject No.6 - Women' bicentennial commemorative milk carton,Other,Milk containers,ACT Milk Authority collection,1987,1966–1999,80015,"Canberra, Australian Capital Territory, Australia",Place made,Production,-35.3,149.13,Australia,Australian Capital Territory,https://collectionsearch.nma.gov.au/s/hw/EMU.EMUIRN/125788,https://data.nma.gov.au/object/125788
133488,1988.0071.0006,Commemorative bus ticket for ACTION buses to the opening of New Parliament House in 1988,Other,Bus tickets,Other Collections,1988,1966–1999,80015,"Canberra, Australian Capital Territory, Australia",Place of issue,Production,-35.3,149.13,Australia,Australian Capital Territory,https://collectionsearch.nma.gov.au/s/hw/EMU.EMUIRN/133488,https://data.nma.gov.au/object/133488
125783,1987.0018.0011.002,'Subject No.5 - ' bicentennial commemorative milk carton,Other,Milk containers,ACT Milk Authority collection,1987,1966–1999,80015,"Canberra, Australian Capital Territory, Australia",Place made,Production,-35.3,149.13,Australia,Australian Capital Territory,https://collectionsearch.nma.gov.au/s/hw/EMU.EMUIRN/125783,https://data.nma.gov.au/object/125783
125747,1987.0018.0003.002,'Subject No.1 - Aborigines' bicentennial commemorative milk carton,Other,Milk containers,ACT Milk Authority collection,1987,1966–1999,80015,"Canberra, Australian Capital Territory, Australia",Place made,Production,-35.3,149.13,Australia,Australian Capital Territory,https://collectionsearch.nma.gov.au/s/hw/EMU.EMUIRN/125747,https://data.nma.gov.au/object/125747
125785,1987.0018.0012.001,'Subject No.6 - Women' bicentennial commemorative milk carton,Other,Milk containers,ACT Milk Authority collection,1987,1966–1999,80015,"Canberra, Australian Capital Territory, Australia",Place made,Production,-35.3,149.13,Australia,Australian Capital Territory,https://collectionsearch.nma.gov.au/s/hw/EMU.EMUIRN/125785,https://data.nma.gov.au/object/125785
133489,1988.0071.0007,Commemorative bus ticket for ACTION buses to the opening of New Parliament House in 1988,Other,Bus tickets,Other Collections,1988,1966–1999,80015,"Canberra, Australian Capital Territory, Australia",Place of issue,Production,-35.3,149.13,Australia,Australian Capital Territory,https://collectionsearch.nma.gov.au/s/hw/EMU.EMUIRN/133489,https://data.nma.gov.au/object/133489
133485,1988.0071.0005,Commemorative bus ticket for ACTION buses to the opening of New Parliament House in 1988,Other,Bus tickets,Other Collections,1988,1966–1999,80015,"Canberra, Australian Capital Territory, Australia",Place of issue,Production,-35.3,149.13,Australia,Australian Capital Territory,https://collectionsearch.nma.gov.au/s/hw/EMU.EMUIRN/133485,https://data.nma.gov.au/object/133485
133484,1988.0071.0004,Commemorative bus ticket for ACTION buses to the opening of New Parliament House in 1988,Other,Bus tickets,Other Collections,1988,1966–1999,80015,"Canberra, Australian Capital Territory, Australia",Place of issue,Production,-35.3,149.13,Australia,Australian Capital Territory,https://collectionsearch.nma.gov.au/s/hw/EMU.EMUIRN/133484,https://data.nma.gov.au/object/133484
125792,1987.0018.0013.002,'Subject No.7 - ' bicentennial commemorative milk carton,Other,Milk containers,ACT Milk Authority collection,1987,1966–1999,80015,"Canberra, Australian Capital Territory, Australia",Place made,Production,-35.3,149.13,Australia,Australian Capital Territory,https://collectionsearch.nma.gov.au/s/hw/EMU.EMUIRN/125792,https://data.nma.gov.au/object/125792
125749,1987.0018.0004,'Subject No.1 - Aborigines' bicentennial commemorative milk cartons,Other,Milk containers,ACT Milk Authority collection,1987,1966–1999,80015,"Canberra, Australian Capital Territory, Australia",Place made,Production,-35.3,149.13,Australia,Australian Capital Territory,https://collectionsearch.nma.gov.au/s/hw/EMU.EMUIRN/125749,https://data.nma.gov.au/object/125749
133490,1988.0071.0008,Commemorative bus ticket for ACTION buses to the opening of New Parliament House in 1988,Other,Bus tickets,Other Collections,1988,1966–1999,80015,"Canberra, Australian Capital Territory, Australia",Place of issue,Production,-35.3,149.13,Australia,Australian Capital Territory,https://collectionsearch.nma.gov.au/s/hw/EMU.EMUIRN/133490,https://data.nma.gov.au/object/133490
42035,1991.0023.0007,Money for jobs not war - Hiroshima never again,Medals,Political badges,Other Collections,1982,1966–1999,47,"Sydney, New South Wales, Australia",Place of production,Production,-33.85,151.2,Australia,New South Wales,https://collectionsearch.nma.gov.au/s/hw/EMU.EMUIRN/42035,https://data.nma.gov.au/object/42035
125781,1987.0018.0011.001,'Subject No.5 - ' bicentennial commemorative milk carton,Other,Milk containers,ACT Milk Authority collection,1987,1966–1999,80015,"Canberra, Australian Capital Territory, Australia",Place made,Production,-35.3,149.13,Australia,Australian Capital Territory,https://collectionsearch.nma.gov.au/s/hw/EMU.EMUIRN/125781,https://data.nma.gov.au/object/125781
125784,1987.0018.0012,'Subject No.6 - Women' bicentennial commemorative milk cartons,Other,Milk containers,ACT Milk Authority collection,1987,1966–1999,80015,"Canberra, Australian Capital Territory, Australia",Place made,Production,-35.3,149.13,Australia,Australian Capital Territory,https://collectionsearch.nma.gov.au/s/hw/EMU.EMUIRN/125784,https://data.nma.gov.au/object/125784
125794,1987.0018.0014,'Subject No.8 - Standing Alone' bicentennial commemorative milk cartons,Other,Milk containers,ACT Milk Authority collection,1987,1966–1999,80015,"Canberra, Australian Capital Territory, Australia",Place made,Production,-35.3,149.13,Australia,Australian Capital Territory,https://collectionsearch.nma.gov.au/s/hw/EMU.EMUIRN/125794,https://data.nma.gov.au/object/125794
42036,1991.0023.0008,Black badge with red and yellow text 'Money for jobs not war - Hiroshima never again',Medals,Political badges,Other Collections,1983,1966–1999,47,"Sydney, New South Wales, Australia",Place of production,Production,-33.85,151.2,Australia,New South Wales,https://collectionsearch.nma.gov.au/s/hw/EMU.EMUIRN/42036,https://data.nma.gov.au/object/42036
125760,1987.0018.0006.001,'Subject No.2 - ' bicentennial commemorative milk carton,Other,Milk containers,ACT Milk Authority collection,1987,1966–1999,80015,"Canberra, Australian Capital Territory, Australia",Place made,Production,-35.3,149.13,Australia,Australian Capital Territory,https://collectionsearch.nma.gov.au/s/hw/EMU.EMUIRN/125760,https://data.nma.gov.au/object/125760
125720,1987.0018.0001,"Souvenir Project Book 'Australia's Bicentenary 1788-1988', which is designed to store bicentennial milk cartons",Other,Commemorative books,ACT Milk Authority collection,1987,1966–1999,80015,"Canberra, Australian Capital Territory, Australia",Place of publication,Production,-35.3,149.13,Australia,Australian Capital Territory,https://collectionsearch.nma.gov.au/s/hw/EMU.EMUIRN/125720,https://data.nma.gov.au/object/125720
125722,1987.0018.0001.001,"Souvenir Project Book 'Australia's Bicentenary 1788-1988', which is designed to store bicentennial milk cartons",Other,Commemorative books,ACT Milk Authority collection,1987,1966–1999,80015,"Canberra, Australian Capital Territory, Australia",Place of publication,Production,-35.3,149.13,Australia,Australian Capital Territory,https://collectionsearch.nma.gov.au/s/hw/EMU.EMUIRN/125722,https://data.nma.gov.au/object/125722
125769,1987.0018.0008.002,'Subject No.3 - ' bicentennial commemorative milk carton,Other,Milk containers,ACT Milk Authority collection,1987,1966–1999,80015,"Canberra, Australian Capital Territory, Australia",Place made,Production,-35.3,149.13,Australia,Australian Capital Territory,https://collectionsearch.nma.gov.au/s/hw/EMU.EMUIRN/125769,https://data.nma.gov.au/object/125769
125762,1987.0018.0006.002,'Subject No.2 - ' bicentennial commemorative milk carton,Other,Milk containers,ACT Milk Authority collection,1987,1966–1999,80015,"Canberra, Australian Capital Territory, Australia",Place made,Production,-35.3,149.13,Australia,Australian Capital Territory,https://collectionsearch.nma.gov.au/s/hw/EMU.EMUIRN/125762,https://data.nma.gov.au/object/125762
125763,1987.0018.0007,'Subject No.3 - ' bicentennial commemorative milk cartons,Other,Milk containers,ACT Milk Authority collection,1987,1966–1999,80015,"Canberra, Australian Capital Territory, Australia",Place made,Production,-35.3,149.13,Australia,Australian Capital Territory,https://collectionsearch.nma.gov.au/s/hw/EMU.EMUIRN/125763,https://data.nma.gov.au/object/125763
125765,1987.0018.0007.001,'Subject No.3 - ' bicentennial commemorative milk carton,Other,Milk containers,ACT Milk Authority collection,1987,1966–1999,80015,"Canberra, Australian Capital Territory, Australia",Place made,Production,-35.3,149.13,Australia,Australian Capital Territory,https://collectionsearch.nma.gov.au/s/hw/EMU.EMUIRN/125765,https://data.nma.gov.au/object/125765
6526,1985.0001.0029,Carved wooden container covered in pigmented decoration featuring figurative images and cross hatching,Other,Containers,Other Collections,1983,1966–1999,990,"Katherine, Northern Territory, Australia",Place made,Production,-14.47,132.27,Australia,Northern Territory,https://collectionsearch.nma.gov.au/s/hw/EMU.EMUIRN/6526,https://data.nma.gov.au/object/6526
125731,1987.0018.0003,'Subject No.1 - Aborigines' bicentennial commemorative milk cartons,Other,Milk containers,ACT Milk Authority collection,1987,1966–1999,80015,"Canberra, Australian Capital Territory, Australia",Place made,Production,-35.3,149.13,Australia,Australian Capital Territory,https://collectionsearch.nma.gov.au/s/hw/EMU.EMUIRN/125731,https://data.nma.gov.au/object/125731
58532,1998.0017.0036,"Souvenir miniature cricket bat, signed by the 1987 Australian and English women's cricket teams",Other,Commemorative objects,Other Collections,1987,1966–1999,80124,England,Place made,Production,52.435,-1.6772,Outside Australia,,https://collectionsearch.nma.gov.au/s/hw/EMU.EMUIRN/58532,https://data.nma.gov.au/object/58532
125770,1987.0018.0009,'Subject No.4 - Reform' bicentennial commemorative milk cartons,Other,Milk containers,ACT Milk Authority collection,1987,1966–1999,80015,"Canberra, Australian Capital Territory, Australia",Place made,Production,-35.3,149.13,Australia,Australian Capital Territory,https://collectionsearch.nma.gov.au/s/hw/EMU.EMUIRN/125770,https://data.nma.gov.au/object/125770
132477,1988.0054.0012.001,"We opened New Parliament House with Prayer, National Gathering Canberra, May '88",Medals,Commemorative badges,Other Collections,1988,1966–1999,45,"Melbourne, Victoria, Australia",Place made,Production,-37.8167,144.967,Australia,Victoria,https://collectionsearch.nma.gov.au/s/hw/EMU.EMUIRN/132477,https://data.nma.gov.au/object/132477
125768,1987.0018.0008.001,'Subject No.3 - ' bicentennial commemorative milk carton,Other,Milk containers,ACT Milk Authority collection,1987,1966–1999,80015,"Canberra, Australian Capital Territory, Australia",Place made,Production,-35.3,149.13,Australia,Australian Capital Territory,https://collectionsearch.nma.gov.au/s/hw/EMU.EMUIRN/125768,https://data.nma.gov.au/object/125768
125766,1987.0018.0007.002,'Subject No.3 - ' bicentennial commemorative milk carton,Other,Milk containers,ACT Milk Authority collection,1987,1966–1999,80015,"Canberra, Australian Capital Territory, Australia",Place made,Production,-35.3,149.13,Australia,Australian Capital Territory,https://collectionsearch.nma.gov.au/s/hw/EMU.EMUIRN/125766,https://data.nma.gov.au/object/125766
125778,1987.0018.0011,'Subject No.5 - ' bicentennial commemorative milk cartons,Other,Milk containers,ACT Milk Authority collection,1987,1966–1999,80015,"Canberra, Australian Capital Territory, Australia",Place made,Production,-35.3,149.13,Australia,Australian Capital Territory,https://collectionsearch.nma.gov.au/s/hw/EMU.EMUIRN/125778,https://data.nma.gov.au/object/125778
125773,1987.0018.0010,'Subject No.4 - Reform' bicentennial commemorative milk cartons,Other,Milk containers,ACT Milk Authority collection,1987,1966–1999,80015,"Canberra, Australian Capital Territory, Australia",Place made,Production,-35.3,149.13,Australia,Australian Capital Territory,https://collectionsearch.nma.gov.au/s/hw/EMU.EMUIRN/125773,https://data.nma.gov.au/object/125773
125772,1987.0018.0009.002,'Subject No.4 - Reform' bicentennial commemorative milk cartons,Other,Milk containers,ACT Milk Authority collection,1987,1966–1999,80015,"Canberra, Australian Capital Territory, Australia",Place made,Production,-35.3,149.13,Australia,Australian Capital Territory,https://collectionsearch.nma.gov.au/s/hw/EMU.EMUIRN/125772,https://data.nma.gov.au/object/125772
133508,1988.0079.0001,"Fine bone china bowl in a presentation case, especially made by Wedgwood to commemorate the Australian Bicentenary in 1988",Other,Commemorative objects,Other Collections,1987,1966–1999,636,"Staffordshire, England",Place made,Production,52.8792,-2.0569,Outside Australia,,https://collectionsearch.nma.gov.au/s/hw/EMU.EMUIRN/133508,https://data.nma.gov.au/object/133508
125733,1987.0018.0003.001,'Subject No.1 - Aborigines' bicentennial commemorative milk carton,Other,Milk containers,ACT Milk Authority collection,1987,1966–1999,80015,"Canberra, Australian Capital Territory, Australia",Place made,Production,-35.3,149.13,Australia,Australian Capital Territory,https://collectionsearch.nma.gov.au/s/hw/EMU.EMUIRN/125733,https://data.nma.gov.au/object/125733
125771,1987.0018.0009.001,'Subject No.4 - Reform' bicentennial commemorative milk cartons,Other,Milk containers,ACT Milk Authority collection,1987,1966–1999,80015,"Canberra, Australian Capital Territory, Australia",Place made,Production,-35.3,149.13,Australia,Australian Capital Territory,https://collectionsearch.nma.gov.au/s/hw/EMU.EMUIRN/125771,https://data.nma.gov.au/object/125771
125724,1987.0018.0001.002,"Souvenir Project Book 'Australia's Bicentenary 1788-1988', which is designed to store bicentennial milk cartons",Other,Commemorative books,ACT Milk Authority collection,1987,1966–1999,80015,"Canberra, Australian Capital Territory, Australia",Place of publication,Production,-35.3,149.13,Australia,Australian Capital Territory,https://collectionsearch.nma.gov.au/s/hw/EMU.EMUIRN/125724,https://data.nma.gov.au/object/125724
125774,1987.0018.0010.001,'Subject No.4 - Reform' bicentennial commemorative milk carton,Other,Milk containers,ACT Milk Authority collection,1987,1966–1999,80015,"Canberra, Australian Capital Territory, Australia",Place made,Production,-35.3,149.13,Australia,Australian Capital Territory,https://collectionsearch.nma.gov.au/s/hw/EMU.EMUIRN/125774,https://data.nma.gov.au/object/125774
133511,1988.0079.0001.002,"Blue presentation case, for the Wedgwood Australian Bicentenial commemorative bowl",Other,Presentation cases,Other Collections,1987,1966–1999,636,"Staffordshire, England",Place made,Production,52.8792,-2.0569,Outside Australia,,https://collectionsearch.nma.gov.au/s/hw/EMU.EMUIRN/133511,https://data.nma.gov.au/object/133511
133753,1989.0056.0001,Map of Australia created from green and gold pasta in the form of the Australian Bicentenary logo,Other,Commemorative objects,Other Collections,1987,1966–1999,80015,"Canberra, Australian Capital Territory, Australia",Place made,Production,-35.3,149.13,Australia,Australian Capital Territory,https://collectionsearch.nma.gov.au/s/hw/EMU.EMUIRN/133753,https://data.nma.gov.au/object/133753
125775,1987.0018.0010.002,'Subject No.4 - Reform' bicentennial commemorative milk carton,Other,Milk containers,ACT Milk Authority collection,1987,1966–1999,80015,"Canberra, Australian Capital Territory, Australia",Place made,Production,-35.3,149.13,Australia,Australian Capital Territory,https://collectionsearch.nma.gov.au/s/hw/EMU.EMUIRN/125775,https://data.nma.gov.au/object/125775
133840,1988.0090.0001.002,"Album titled 'Australia 200 Years', for commemorative medal set",Other,Albums,Other Collections,1988,1966–1999,80386,"Victoria, Australia",Place of issue,Production,-37.4714,144.785,Australia,Victoria,https://collectionsearch.nma.gov.au/s/hw/EMU.EMUIRN/133840,https://data.nma.gov.au/object/133840
56264,1995.0015.0016,Badge 'Palestine Exhibition 87',Medals,Commemorative badges,Other Collections,1987,1966–1999,80015,"Canberra, Australian Capital Territory, Australia",Place of production,Production,-35.3,149.13,Australia,Australian Capital Territory,https://collectionsearch.nma.gov.au/s/hw/EMU.EMUIRN/56264,https://data.nma.gov.au/object/56264
125767,1987.0018.0008,'Subject No.3 - ' bicentennial commemorative milk cartons,Other,Milk containers,ACT Milk Authority collection,1987,1966–1999,80015,"Canberra, Australian Capital Territory, Australia",Place made,Production,-35.3,149.13,Australia,Australian Capital Territory,https://collectionsearch.nma.gov.au/s/hw/EMU.EMUIRN/125767,https://data.nma.gov.au/object/125767
195370,IR 5286.0009,Woven basket of palm leaf with coloured material decoration,Other,Baskets,Other Collections,1991,1966–1999,4240,"Torres Strait, Australia",,Production,-10.4167,142.167,Australia,,https://collectionsearch.nma.gov.au/s/hw/EMU.EMUIRN/195370,https://data.nma.gov.au/object/195370
132496,1988.0054.0013.001,"We opened New Parliament House with Prayer, National Gathering Canberra, May '88",Medals,Commemorative badges,Other Collections,1988,1966–1999,45,"Melbourne, Victoria, Australia",Place made,Production,-37.8167,144.967,Australia,Victoria,https://collectionsearch.nma.gov.au/s/hw/EMU.EMUIRN/132496,https://data.nma.gov.au/object/132496
132491,1988.0054.0013,"We opened New Parliament House with Prayer, National Gathering Canberra, May '88",Medals,Commemorative badges,Other Collections,1988,1966–1999,45,"Melbourne, Victoria, Australia",Place made,Production,-37.8167,144.967,Australia,Victoria,https://collectionsearch.nma.gov.au/s/hw/EMU.EMUIRN/132491,https://data.nma.gov.au/object/132491
125801,1987.0018.0016.002,'Subject No.10 - Achievers' bicentennial commemorative milk carton,Other,Milk containers,ACT Milk Authority collection,1988,1966–1999,80015,"Canberra, Australian Capital Territory, Australia",Place made,Production,-35.3,149.13,Australia,Australian Capital Territory,https://collectionsearch.nma.gov.au/s/hw/EMU.EMUIRN/125801,https://data.nma.gov.au/object/125801
125806,1987.0018.0018.001,'Subject No.12 - Australia' bicentennial commemorative milk carton,Other,Milk containers,ACT Milk Authority collection,1988,1966–1999,80015,"Canberra, Australian Capital Territory, Australia",Place made,Production,-35.3,149.13,Australia,Australian Capital Territory,https://collectionsearch.nma.gov.au/s/hw/EMU.EMUIRN/125806,https://data.nma.gov.au/object/125806
133865,1988.0090.0001.022,Australian bicentennial commemorative medal depicting 'New' Parliament House,Medals,Commemorative medals,Other Collections,1988,1966–1999,80386,"Victoria, Australia",Place of issue,Production,-37.4714,144.785,Australia,Victoria,https://collectionsearch.nma.gov.au/s/hw/EMU.EMUIRN/133865,https://data.nma.gov.au/object/133865
125800,1987.0018.0016.001,'Subject No.10 - Achievers' bicentennial commemorative milk carton,Other,Milk containers,ACT Milk Authority collection,1988,1966–1999,80015,"Canberra, Australian Capital Territory, Australia",Place made,Production,-35.3,149.13,Australia,Australian Capital Territory,https://collectionsearch.nma.gov.au/s/hw/EMU.EMUIRN/125800,https://data.nma.gov.au/object/125800
125798,1987.0018.0015.002,'Subject No.9 - Prime Ministers' bicentennial commemorative milk carton,Other,Milk containers,ACT Milk Authority collection,1988,1966–1999,80015,"Canberra, Australian Capital Territory, Australia",Place made,Production,-35.3,149.13,Australia,Australian Capital Territory,https://collectionsearch.nma.gov.au/s/hw/EMU.EMUIRN/125798,https://data.nma.gov.au/object/125798
125799,1987.0018.0016,'Subject No.10 - Achievers' bicentennial commemorative milk cartons,Other,Milk containers,ACT Milk Authority collection,1988,1966–1999,80015,"Canberra, Australian Capital Territory, Australia",Place made,Production,-35.3,149.13,Australia,Australian Capital Territory,https://collectionsearch.nma.gov.au/s/hw/EMU.EMUIRN/125799,https://data.nma.gov.au/object/125799
125807,1987.0018.0018.002,'Subject No.12 - Australia' bicentennial commemorative milk carton,Other,Milk containers,ACT Milk Authority collection,1988,1966–1999,80015,"Canberra, Australian Capital Territory, Australia",Place made,Production,-35.3,149.13,Australia,Australian Capital Territory,https://collectionsearch.nma.gov.au/s/hw/EMU.EMUIRN/125807,https://data.nma.gov.au/object/125807
125797,1987.0018.0015.001,'Subject No.9 - Prime Ministers' bicentennial commemorative milk carton,Other,Milk containers,ACT Milk Authority collection,1988,1966–1999,80015,"Canberra, Australian Capital Territory, Australia",Place made,Production,-35.3,149.13,Australia,Australian Capital Territory,https://collectionsearch.nma.gov.au/s/hw/EMU.EMUIRN/125797,https://data.nma.gov.au/object/125797
125805,1987.0018.0018,'Subject No.12 - Australia' bicentennial commemorative milk cartons,Other,Milk containers,ACT Milk Authority collection,1988,1966–1999,80015,"Canberra, Australian Capital Territory, Australia",Place made,Production,-35.3,149.13,Australia,Australian Capital Territory,https://collectionsearch.nma.gov.au/s/hw/EMU.EMUIRN/125805,https://data.nma.gov.au/object/125805
125803,1987.0018.0017.001,'Subject No.11 - 200 Years' bicentennial commemorative milk carton,Other,Milk containers,ACT Milk Authority collection,1988,1966–1999,80015,"Canberra, Australian Capital Territory, Australia",Place made,Production,-35.3,149.13,Australia,Australian Capital Territory,https://collectionsearch.nma.gov.au/s/hw/EMU.EMUIRN/125803,https://data.nma.gov.au/object/125803
125789,1987.0018.0015,'Subject No.9 - Prime Ministers' bicentennial commemorative milk cartons,Other,Milk containers,ACT Milk Authority collection,1988,1966–1999,80015,"Canberra, Australian Capital Territory, Australia",Place made,Production,-35.3,149.13,Australia,Australian Capital Territory,https://collectionsearch.nma.gov.au/s/hw/EMU.EMUIRN/125789,https://data.nma.gov.au/object/125789
52761,1993.0010.0067,Souvenir wall decoration,Other,Wall hangings,Other Collections,1992,1966–1999,1938,"Townsville, Queensland, Australia",Place made,Production,-19.25,146.82,Australia,Queensland,https://collectionsearch.nma.gov.au/s/hw/EMU.EMUIRN/52761,https://data.nma.gov.au/object/52761
125802,1987.0018.0017,'Subject No.11 - 200 Years' bicentennial commemorative milk cartons,Other,Milk containers,ACT Milk Authority collection,1988,1966–1999,80015,"Canberra, Australian Capital Territory, Australia",Place made,Production,-35.3,149.13,Australia,Australian Capital Territory,https://collectionsearch.nma.gov.au/s/hw/EMU.EMUIRN/125802,https://data.nma.gov.au/object/125802
52722,1993.0010.0038,Wall decoration,Other,Wall hangings,Other Collections,1992,1966–1999,1369,"Murray (Mer) Island, Torres Strait, Queensland, Australia",Place made,Production,-9.9,144.05,Australia,Queensland,https://collectionsearch.nma.gov.au/s/hw/EMU.EMUIRN/52722,https://data.nma.gov.au/object/52722
52720,1993.0010.0036,Wall decoration,Other,Artworks,Other Collections,1992,1966–1999,1369,"Murray (Mer) Island, Torres Strait, Queensland, Australia",Place made,Production,-9.9,144.05,Australia,Queensland,https://collectionsearch.nma.gov.au/s/hw/EMU.EMUIRN/52720,https://data.nma.gov.au/object/52720
52721,1993.0010.0037,Wall decoration,Other,Wall hangings,Other Collections,1992,1966–1999,1369,"Murray (Mer) Island, Torres Strait, Queensland, Australia",Place made,Production,-9.9,144.05,Australia,Queensland,https://collectionsearch.nma.gov.au/s/hw/EMU.EMUIRN/52721,https://data.nma.gov.au/object/52721
133839,1988.0090.0001.001,Plastic bag with sticker,Other,Stickers,Other Collections,1988,1966–1999,80386,"Victoria, Australia",Place of issue,Production,-37.4714,144.785,Australia,Victoria,https://collectionsearch.nma.gov.au/s/hw/EMU.EMUIRN/133839,https://data.nma.gov.au/object/133839
133838,1988.0090.0001,Group of 20 commemorative medals for Australia's bicentennary,Medals,Commemorative medals,Other Collections,1988,1966–1999,80386,"Victoria, Australia",Place of issue,Production,-37.4714,144.785,Australia,Victoria,https://collectionsearch.nma.gov.au/s/hw/EMU.EMUIRN/133838,https://data.nma.gov.au/object/133838
52723,1993.0010.0039,Wall decoration,Other,Wall hangings,Other Collections,1992,1966–1999,1369,"Murray (Mer) Island, Torres Strait, Queensland, Australia",Place made,Production,-9.9,144.05,Australia,Queensland,https://collectionsearch.nma.gov.au/s/hw/EMU.EMUIRN/52723,https://data.nma.gov.au/object/52723
52760,1993.0010.0066,Souvenir wall decoration,Other,Wood carvings,Other Collections,1992,1966–1999,1938,"Townsville, Queensland, Australia",Place made,Production,-19.25,146.82,Australia,Queensland,https://collectionsearch.nma.gov.au/s/hw/EMU.EMUIRN/52760,https://data.nma.gov.au/object/52760
125804,1987.0018.0017.002,'Subject No.11 - 200 Years' bicentennial commemorative milk carton,Other,Milk containers,ACT Milk Authority collection,1988,1966–1999,80015,"Canberra, Australian Capital Territory, Australia",Place made,Production,-35.3,149.13,Australia,Australian Capital Territory,https://collectionsearch.nma.gov.au/s/hw/EMU.EMUIRN/125804,https://data.nma.gov.au/object/125804
133501,1988.0078.0001,"Specimen of rock from the foundations of Parliament House, which was sold as a souvenir at its opening in 1988",Other,Commemorative objects,Other Collections,1988,1966–1999,80015,"Canberra, Australian Capital Territory, Australia",Place made,Production,-35.3,149.13,Australia,Australian Capital Territory,https://collectionsearch.nma.gov.au/s/hw/EMU.EMUIRN/133501,https://data.nma.gov.au/object/133501
116495,1998.0028.0008,Commemorative plaque for the introduction of RoadRailer carriages on the Adelaide to Alice Spring line in 1990,Other,Plaques,Other Collections,1990,1966–1999,80330,"South Australia, Australia",Place made,Production,-30.0003,136.209,Australia,South Australia,https://collectionsearch.nma.gov.au/s/hw/EMU.EMUIRN/116495,https://data.nma.gov.au/object/116495
133856,1988.0090.0001.013,Australian bicentennial commemorative medal depicting the Ashes (cricket),Medals,Commemorative medals,Other Collections,1988,1966–1999,80386,"Victoria, Australia",Place of issue,Production,-37.4714,144.785,Australia,Victoria,https://collectionsearch.nma.gov.au/s/hw/EMU.EMUIRN/133856,https://data.nma.gov.au/object/133856
133853,1988.0090.0001.010,Australian bicentennial commemorative medal depicting Australian Rules Football,Medals,Commemorative medals,Other Collections,1988,1966–1999,80386,"Victoria, Australia",Place of issue,Production,-37.4714,144.785,Australia,Victoria,https://collectionsearch.nma.gov.au/s/hw/EMU.EMUIRN/133853,https://data.nma.gov.au/object/133853
133852,1988.0090.0001.009,Australian bicentennial commemorative medal depicting explorers Burke and Wills,Medals,Commemorative medals,Other Collections,1988,1966–1999,80386,"Victoria, Australia",Place of issue,Production,-37.4714,144.785,Australia,Victoria,https://collectionsearch.nma.gov.au/s/hw/EMU.EMUIRN/133852,https://data.nma.gov.au/object/133852
133858,1988.0090.0001.015,Australian bicentennial commemorative medal depicting Sir Charles Kingsford Smith,Medals,Commemorative medals,Other Collections,1988,1966–1999,80386,"Victoria, Australia",Place of issue,Production,-37.4714,144.785,Australia,Victoria,https://collectionsearch.nma.gov.au/s/hw/EMU.EMUIRN/133858,https://data.nma.gov.au/object/133858
133855,1988.0090.0001.012,Australian bicentennial commemorative medal depicting Henry Lawson and Banjo Paterson,Medals,Commemorative medals,Other Collections,1988,1966–1999,80386,"Victoria, Australia",Place of issue,Production,-37.4714,144.785,Australia,Victoria,https://collectionsearch.nma.gov.au/s/hw/EMU.EMUIRN/133855,https://data.nma.gov.au/object/133855
133859,1988.0090.0001.016,Australian bicentennial commemorative medal depicting Phar Lap,Medals,Commemorative medals,Other Collections,1988,1966–1999,80386,"Victoria, Australia",Place of issue,Production,-37.4714,144.785,Australia,Victoria,https://collectionsearch.nma.gov.au/s/hw/EMU.EMUIRN/133859,https://data.nma.gov.au/object/133859
133857,1988.0090.0001.014,Australian bicentennial commemorative medal depicting Anzacs,Medals,Commemorative medals,Other Collections,1988,1966–1999,80386,"Victoria, Australia",Place of issue,Production,-37.4714,144.785,Australia,Victoria,https://collectionsearch.nma.gov.au/s/hw/EMU.EMUIRN/133857,https://data.nma.gov.au/object/133857
133854,1988.0090.0001.011,Australian bicentennial commemorative medal depicting Ned Kelly,Medals,Commemorative medals,Other Collections,1988,1966–1999,80386,"Victoria, Australia",Place of issue,Production,-37.4714,144.785,Australia,Victoria,https://collectionsearch.nma.gov.au/s/hw/EMU.EMUIRN/133854,https://data.nma.gov.au/object/133854
133862,1988.0090.0001.019,Australian bicentennial commemorative medal depicting the first Holden car,Medals,Commemorative medals,Other Collections,1988,1966–1999,80386,"Victoria, Australia",Place of issue,Production,-37.4714,144.785,Australia,Victoria,https://collectionsearch.nma.gov.au/s/hw/EMU.EMUIRN/133862,https://data.nma.gov.au/object/133862
133861,1988.0090.0001.018,Australian bicentennial commemorative medal depicting 'New' Australians,Medals,Commemorative medals,Other Collections,1988,1966–1999,80386,"Victoria, Australia",Place of issue,Production,-37.4714,144.785,Australia,Victoria,https://collectionsearch.nma.gov.au/s/hw/EMU.EMUIRN/133861,https://data.nma.gov.au/object/133861
133863,1988.0090.0001.020,Australian bicentennial commemorative medal depicting three athletes,Medals,Commemorative medals,Other Collections,1988,1966–1999,80386,"Victoria, Australia",Place of issue,Production,-37.4714,144.785,Australia,Victoria,https://collectionsearch.nma.gov.au/s/hw/EMU.EMUIRN/133863,https://data.nma.gov.au/object/133863
133864,1988.0090.0001.021,Australian bicentennial commemorative medal depicting 'Australia II',Medals,Commemorative medals,Other Collections,1988,1966–1999,80386,"Victoria, Australia",Place of issue,Production,-37.4714,144.785,Australia,Victoria,https://collectionsearch.nma.gov.au/s/hw/EMU.EMUIRN/133864,https://data.nma.gov.au/object/133864
122010,1988.0077.0001,Five dollar commemorative coin for Parliament House,Coins,Commemorative coins,Other Collections,1988,1966–1999,80015,"Canberra, Australian Capital Territory, Australia",Place made,Production,-35.3,149.13,Australia,Australian Capital Territory,https://collectionsearch.nma.gov.au/s/hw/EMU.EMUIRN/122010,https://data.nma.gov.au/object/122010
133850,1988.0090.0001.007,"Australian bicentennial commemorative medal depicting explorers Blaxland, Wentworth and Lawson",Medals,Commemorative medals,Other Collections,1988,1966–1999,80386,"Victoria, Australia",Place of issue,Production,-37.4714,144.785,Australia,Victoria,https://collectionsearch.nma.gov.au/s/hw/EMU.EMUIRN/133850,https://data.nma.gov.au/object/133850
52781,1993.0010.0087,Seed pod rattle,Other,Rattles,Other Collections,1992,1966–1999,1918,"Thursday (Waiben) Island, Torres Strait, Queensland, Australia",Place made,Production,-10.57,142.22,Australia,Queensland,https://collectionsearch.nma.gov.au/s/hw/EMU.EMUIRN/52781,https://data.nma.gov.au/object/52781
133860,1988.0090.0001.017,Australian bicentennial commemorative medal depicting the Sydney Harbour Bridge,Medals,Commemorative medals,Other Collections,1988,1966–1999,80386,"Victoria, Australia",Place of issue,Production,-37.4714,144.785,Australia,Victoria,https://collectionsearch.nma.gov.au/s/hw/EMU.EMUIRN/133860,https://data.nma.gov.au/object/133860
122012,1988.0077.0001.001,$5 coin,Coins,Commemorative coins,Other Collections,1988,1966–1999,80015,"Canberra, Australian Capital Territory, Australia",Place made,Production,-35.3,149.13,Australia,Australian Capital Territory,https://collectionsearch.nma.gov.au/s/hw/EMU.EMUIRN/122012,https://data.nma.gov.au/object/122012
132471,1988.0054.0012,"We opened New Parliament House with Prayer, National Gathering Canberra, May '88",Medals,Commemorative badges,Other Collections,1988,1966–1999,45,"Melbourne, Victoria, Australia",Place made,Production,-37.8167,144.967,Australia,Victoria,https://collectionsearch.nma.gov.au/s/hw/EMU.EMUIRN/132471,https://data.nma.gov.au/object/132471
133843,1988.0090.0001.005,Australian bicentennial commemorative medal depicting John Macarthur,Medals,Commemorative medals,Other Collections,1988,1966–1999,80386,"Victoria, Australia",Place of issue,Production,-37.4714,144.785,Australia,Victoria,https://collectionsearch.nma.gov.au/s/hw/EMU.EMUIRN/133843,https://data.nma.gov.au/object/133843
133841,1988.0090.0001.003,Australian bicentennial commemorative medal depicting Captain James Cook,Medals,Commemorative medals,Other Collections,1988,1966–1999,80386,"Victoria, Australia",Place of issue,Production,-37.4714,144.785,Australia,Victoria,https://collectionsearch.nma.gov.au/s/hw/EMU.EMUIRN/133841,https://data.nma.gov.au/object/133841
133849,1988.0090.0001.006,Australian bicentennial commemorative medal depicting Matthew Flinders,Medals,Commemorative medals,Other Collections,1988,1966–1999,80386,"Victoria, Australia",Place of issue,Production,-37.4714,144.785,Australia,Victoria,https://collectionsearch.nma.gov.au/s/hw/EMU.EMUIRN/133849,https://data.nma.gov.au/object/133849
52780,1993.0010.0086,Seed pod rattle,Other,Musical instruments,Other Collections,1992,1966–1999,1918,"Thursday (Waiben) Island, Torres Strait, Queensland, Australia",Place made,Production,-10.57,142.22,Australia,Queensland,https://collectionsearch.nma.gov.au/s/hw/EMU.EMUIRN/52780,https://data.nma.gov.au/object/52780
133842,1988.0090.0001.004,Australian bicentennial commemorative medal depicting the landing of the First Fleet,Medals,Commemorative medals,Other Collections,1988,1966–1999,80386,"Victoria, Australia",Place of issue,Production,-37.4714,144.785,Australia,Victoria,https://collectionsearch.nma.gov.au/s/hw/EMU.EMUIRN/133842,https://data.nma.gov.au/object/133842
271549,2021.0009.0018,1995 National Festival of Australian Theatre mug,Other,Commemorative mugs,Other Collections,1995,1966–1999,80119,China,Place of production,Production,35.8617,104.195,Outside Australia,,https://collectionsearch.nma.gov.au/s/hw/EMU.EMUIRN/271549,https://data.nma.gov.au/object/271549
133851,1988.0090.0001.008,Australian bicentennial commemorative medal depicting the Eureka Stockade,Medals,Commemorative medals,Other Collections,1988,1966–1999,80386,"Victoria, Australia",Place of issue,Production,-37.4714,144.785,Australia,Victoria,https://collectionsearch.nma.gov.au/s/hw/EMU.EMUIRN/133851,https://data.nma.gov.au/object/133851
62067,2002.0021.0018,Souvenir mug - Diana Princess of Wales,Other,Commemorative mugs,Cecil Ballard Jnr collection,1991,1966–1999,689,"England, United Kingdom",,Production,52.435,-1.6772,Outside Australia,,https://collectionsearch.nma.gov.au/s/hw/EMU.EMUIRN/62067,https://data.nma.gov.au/object/62067
56234,1995.0012.0003,"Darlington P.S. Celebrates International Year of Indigenous Peoples, 1993",Medals,Commemorative badges,Other Collections,1993,1966–1999,2441,"Darlington, Sydney, New South Wales, Australia",Place made,Production,-33.9,151.2,Australia,New South Wales,https://collectionsearch.nma.gov.au/s/hw/EMU.EMUIRN/56234,https://data.nma.gov.au/object/56234
58482,1998.0010.0005.001,Neck Decoration for the Order of the Companion of Honour to Sir Robert Menzies,Medals,Awards,Other Collections,,Unknown,29,"London, England",Place made,Production,51.5072,-0.1278,Outside Australia,,https://collectionsearch.nma.gov.au/s/hw/EMU.EMUIRN/58482,https://data.nma.gov.au/object/58482
125307,2006.0114.0010,Canoe house decoration or Bonota,Other,Architectural elements,Other Collections,,Unknown,3949,"Owarika AKA Santa Catalina Island, Solomon Islands",,Production,-10.89,162.446,Outside Australia,,https://collectionsearch.nma.gov.au/s/hw/EMU.EMUIRN/125307,https://data.nma.gov.au/object/125307
159975,2008.0041.0017,"'Nyilnigil' by Nyangkarni Penny K-Lyons, 2007",Other,Paintings,Other Collections,2007,2000–2009,2620,"Fitzroy Crossing, Western Australia, Australia",,Production,-18.1906,125.567,Australia,Western Australia,https://collectionsearch.nma.gov.au/s/hw/EMU.EMUIRN/159975,https://data.nma.gov.au/object/159975
79652,2004.0012.0001,Memorial football for victims of the Bali Bombings 2002,Other,Commemorative objects,Other Collections,2002,2000–2009,80110,Australia,Place made,Production,-25.0,133.0,Australia,,https://collectionsearch.nma.gov.au/s/hw/EMU.EMUIRN/79652,https://data.nma.gov.au/object/79652
79654,2004.0012.0004,In Memory of the Victims of Bali in Loving Reflection,Other,Commemorative banners,Other Collections,2002,2000–2009,718,"Flemington, Melbourne, Victoria, Australia",Place made,Production,-37.78,144.93,Australia,Victoria,https://collectionsearch.nma.gov.au/s/hw/EMU.EMUIRN/79654,https://data.nma.gov.au/object/79654
66448,2001.0036.0003,Cartoon titled 'Money Money Money',Other,Cartoons,Other Collections,2001,2000–2009,1859,"Surry Hills, Sydney, New South Wales, Australia",Place of publication,Production,-33.88,151.22,Australia,New South Wales,https://collectionsearch.nma.gov.au/s/hw/EMU.EMUIRN/66448,https://data.nma.gov.au/object/66448
2572,2006.0081.0004,Souvenir brass disc from Gallipoli,Other,Commemorative objects,Other Collections,1998,1966–1999,2414,Turkey,Place made,Production,38.9636,35.2431,Outside Australia,,https://collectionsearch.nma.gov.au/s/hw/EMU.EMUIRN/2572,https://data.nma.gov.au/object/2572
79713,2004.0012.0032,"Indonesian 10,000 Rupiah",Banknotes,Paper money,Other Collections,1998,1966–1999,945,Indonesia,Place made,Production,-0.7892,113.921,Outside Australia,,https://collectionsearch.nma.gov.au/s/hw/EMU.EMUIRN/79713,https://data.nma.gov.au/object/79713
111021,2007.0088.0070,"Terracotta bowl with glazed sgaffito decoration by Tjunkaya Tapaya, 2005",Other,Containers,Other Collections,2005,2000–2009,693,"Ernabella, South Australia, Australia",Place made,Production,-26.2642,132.176,Australia,South Australia,https://collectionsearch.nma.gov.au/s/hw/EMU.EMUIRN/111021,https://data.nma.gov.au/object/111021
110547,2007.0088.0069,"Terracotta bowl with sgaffito decoration by Tjunkaya Tapaya, 2005",Other,Containers,Other Collections,2005,2000–2009,693,"Ernabella, South Australia, Australia",Place made,Production,-26.2642,132.176,Australia,South Australia,https://collectionsearch.nma.gov.au/s/hw/EMU.EMUIRN/110547,https://data.nma.gov.au/object/110547
217909,2011.0033.0005,"Fragment of coin from Kilmore East bushfire, Victoria, 7 February 2009",Coins,Cent coins,Other Collections,2009,2000–2009,80386,"Victoria, Australia",Place created,Production,-37.4714,144.785,Australia,Victoria,https://collectionsearch.nma.gov.au/s/hw/EMU.EMUIRN/217909,https://data.nma.gov.au/object/217909
78958,2005.0044.0001,Framed artwork commemorating the inauguration of the Adelaide to Darwin Australasia Railway in January 2004,Other,Commemorative objects,Other Collections,2004,2000–2009,80015,"Canberra, Australian Capital Territory, Australia",Place made,Production,-35.3,149.13,Australia,Australian Capital Territory,https://collectionsearch.nma.gov.au/s/hw/EMU.EMUIRN/78958,https://data.nma.gov.au/object/78958
78958,2005.0044.0001,Framed artwork commemorating the inauguration of the Adelaide to Darwin Australasia Railway in January 2004,Other,Commemorative objects,Other Collections,2004,2000–2009,20,"Darwin, Northern Territory, Australia",Place made,Production,-12.45,130.83,Australia,Northern Territory,https://collectionsearch.nma.gov.au/s/hw/EMU.EMUIRN/78958,https://data.nma.gov.au/object/78958
217915,2011.0033.0008,"Two coins fused together from Kilmore East bushfire, Victoria, 7 February 2009",Coins,Cent coins,Other Collections,2009,2000–2009,80386,"Victoria, Australia",Place created,Production,-37.4714,144.785,Australia,Victoria,https://collectionsearch.nma.gov.au/s/hw/EMU.EMUIRN/217915,https://data.nma.gov.au/object/217915
114028,1998.0010.0005,Neck Decoration for the Order of the Companion of Honour to Sir Robert Menzies,Medals,Awards,Other Collections,,Unknown,29,"London, England",Place made,Production,51.5072,-0.1278,Outside Australia,,https://collectionsearch.nma.gov.au/s/hw/EMU.EMUIRN/114028,https://data.nma.gov.au/object/114028
110545,2007.0088.0072,"Cylindrical terracotta vase with sgraffito decoration by Tjimpuna Williams, 2005",Other,Ceramic forms,Other Collections,2005,2000–2009,693,"Ernabella, South Australia, Australia",Place made,Production,-26.2642,132.176,Australia,South Australia,https://collectionsearch.nma.gov.au/s/hw/EMU.EMUIRN/110545,https://data.nma.gov.au/object/110545
217912,2011.0033.0004,"Group of four fused coins from Kilmore East bushfire, Victoria, 7 February 2009",Coins,Cent coins,Other Collections,2009,2000–2009,80386,"Victoria, Australia",Place created,Production,-37.4714,144.785,Australia,Victoria,https://collectionsearch.nma.gov.au/s/hw/EMU.EMUIRN/217912,https://data.nma.gov.au/object/217912
114155,1998.0016.0001,Uncirculated 1997 one dollar coin,Coins,One dollar coins,Other Collections,1997,1966–1999,80015,"Canberra, Australian Capital Territory, Australia",Place made,Production,-35.3,149.13,Australia,Australian Capital Territory,https://collectionsearch.nma.gov.au/s/hw/EMU.EMUIRN/114155,https://data.nma.gov.au/object/114155
217913,2011.0033.0006,"Five small coins fused together from Kilmore East bushfire, Victoria, 7 February 2009",Coins,Cent coins,Other Collections,2009,2000–2009,80386,"Victoria, Australia",Place created,Production,-37.4714,144.785,Australia,Victoria,https://collectionsearch.nma.gov.au/s/hw/EMU.EMUIRN/217913,https://data.nma.gov.au/object/217913
217914,2011.0033.0007,"Two large coins fused together from Kilmore East bushfire, Victoria, 7 February 2009",Coins,Cent coins,Other Collections,2009,2000–2009,80386,"Victoria, Australia",Place created,Production,-37.4714,144.785,Australia,Victoria,https://collectionsearch.nma.gov.au/s/hw/EMU.EMUIRN/217914,https://data.nma.gov.au/object/217914
211571,2011.0033.0002,"Two fused 50 cent coins from Kilmore East bushfire, Victoria, 7 February 2009",Coins,Cent coins,Other Collections,2009,2000–2009,80386,"Victoria, Australia",Place created,Production,-37.4714,144.785,Australia,Victoria,https://collectionsearch.nma.gov.au/s/hw/EMU.EMUIRN/211571,https://data.nma.gov.au/object/211571
70528,2003.0014.0001,Commemorative Coogee Dolphins rugby league jersey 2003,Other,Commemorative objects,Other Collections,2003,2000–2009,47,"Sydney, New South Wales, Australia",Place made,Production,-33.85,151.2,Australia,New South Wales,https://collectionsearch.nma.gov.au/s/hw/EMU.EMUIRN/70528,https://data.nma.gov.au/object/70528
217911,2011.0033.0003,"Two fused 20 cent coins from Kilmore East bushfire, Victoria, 7 February 2009",Coins,Cent coins,Other Collections,2009,2000–2009,80386,"Victoria, Australia",Place created,Production,-37.4714,144.785,Australia,Victoria,https://collectionsearch.nma.gov.au/s/hw/EMU.EMUIRN/217911,https://data.nma.gov.au/object/217911
34916,1987.0030.0007,Repatriation Day fundraising badge,Medals,Commemorative badges,Other Collections,,Unknown,1479,"North Fitzroy, Melbourne, Victoria, Australia",Place made,Production,-37.7886,144.979,Australia,Victoria,https://collectionsearch.nma.gov.au/s/hw/EMU.EMUIRN/34916,https://data.nma.gov.au/object/34916
34917,1987.0030.0008,Repatriation Day fundraising badge,Medals,Commemorative badges,Other Collections,,Unknown,1479,"North Fitzroy, Melbourne, Victoria, Australia",,Production,-37.7886,144.979,Australia,Victoria,https://collectionsearch.nma.gov.au/s/hw/EMU.EMUIRN/34917,https://data.nma.gov.au/object/34917
34958,1987.0030.0049,Wattle Day League Ambulance Fund - Ambulance Day,Medals,Commemorative badges,Other Collections,,Unknown,1479,"North Fitzroy, Melbourne, Victoria, Australia",,Production,-37.7886,144.979,Australia,Victoria,https://collectionsearch.nma.gov.au/s/hw/EMU.EMUIRN/34958,https://data.nma.gov.au/object/34958
34918,1987.0030.0009,Repatriation Day fundraising badge,Medals,Commemorative badges,Other Collections,,Unknown,1479,"North Fitzroy, Melbourne, Victoria, Australia",,Production,-37.7886,144.979,Australia,Victoria,https://collectionsearch.nma.gov.au/s/hw/EMU.EMUIRN/34918,https://data.nma.gov.au/object/34918
34911,1987.0030.0002,Poppy Day fundraising badge,Medals,Commemorative badges,Other Collections,,Unknown,735,"Frankston, Victoria, Australia",,Production,-38.15,145.13,Australia,Victoria,https://collectionsearch.nma.gov.au/s/hw/EMU.EMUIRN/34911,https://data.nma.gov.au/object/34911
34912,1987.0030.0003,Poppy Day fundraising badge,Medals,Commemorative badges,Other Collections,,Unknown,735,"Frankston, Victoria, Australia",,Production,-38.15,145.13,Australia,Victoria,https://collectionsearch.nma.gov.au/s/hw/EMU.EMUIRN/34912,https://data.nma.gov.au/object/34912
34914,1987.0030.0005,Poppy Day fundraising badge,Medals,Commemorative badges,Other Collections,,Unknown,735,"Frankston, Victoria, Australia",,Production,-38.15,145.13,Australia,Victoria,https://collectionsearch.nma.gov.au/s/hw/EMU.EMUIRN/34914,https://data.nma.gov.au/object/34914
34913,1987.0030.0004,Poppy Day fundraising badge,Medals,Commemorative badges,Other Collections,,Unknown,735,"Frankston, Victoria, Australia",,Production,-38.15,145.13,Australia,Victoria,https://collectionsearch.nma.gov.au/s/hw/EMU.EMUIRN/34913,https://data.nma.gov.au/object/34913
140124,1989.0012.0003,Lake Pedder Penny,Other,Geological specimens,Other Collections,,Unknown,1079,"Lake Pedder, Tasmania, Australia",Place made,Production,-43.0,146.13,Australia,Tasmania,https://collectionsearch.nma.gov.au/s/hw/EMU.EMUIRN/140124,https://data.nma.gov.au/object/140124
140120,1989.0012.0001,Lake Pedder Penny,Other,Geological specimens,Other Collections,,Unknown,1079,"Lake Pedder, Tasmania, Australia",Place made,Production,-43.0,146.13,Australia,Tasmania,https://collectionsearch.nma.gov.au/s/hw/EMU.EMUIRN/140120,https://data.nma.gov.au/object/140120
140123,1989.0012.0002,Lake Pedder Penny,Other,Geological specimens,Other Collections,,Unknown,1079,"Lake Pedder, Tasmania, Australia",Place made,Production,-43.0,146.13,Australia,Tasmania,https://collectionsearch.nma.gov.au/s/hw/EMU.EMUIRN/140123,https://data.nma.gov.au/object/140123
231920,2015.0021.0001,O'Dwyer patent tank scoop Special Prize medal,Medals,Medals,Other Collections,,Unknown,47,"Sydney, New South Wales, Australia",,Production,-33.85,151.2,Australia,New South Wales,https://collectionsearch.nma.gov.au/s/hw/EMU.EMUIRN/231920,https://data.nma.gov.au/object/231920
125152,2006.0114.0049,Shell money necklace,Other,Necklaces,Other Collections,,Unknown,68,"Solomon Islands, Oceania",Place made,Production,-9.6456,160.156,Outside Australia,,https://collectionsearch.nma.gov.au/s/hw/EMU.EMUIRN/125152,https://data.nma.gov.au/object/125152
125301,2006.0114.0042,Brides shell money necklace,Other,Necklaces,Other Collections,,Unknown,68,"Solomon Islands, Oceania",Place made,Production,-9.6456,160.156,Outside Australia,,https://collectionsearch.nma.gov.au/s/hw/EMU.EMUIRN/125301,https://data.nma.gov.au/object/125301
125150,2006.0114.0051,Shell money necklace,Other,Necklaces,Other Collections,,Unknown,68,"Solomon Islands, Oceania",Place made,Production,-9.6456,160.156,Outside Australia,,https://collectionsearch.nma.gov.au/s/hw/EMU.EMUIRN/125150,https://data.nma.gov.au/object/125150
78666,2006.0114.0048,Shell money necklace,Other,Necklaces,Other Collections,,Unknown,68,"Solomon Islands, Oceania",Place made,Production,-9.6456,160.156,Outside Australia,,https://collectionsearch.nma.gov.au/s/hw/EMU.EMUIRN/78666,https://data.nma.gov.au/object/78666
125149,2006.0114.0050,Shell money necklace,Other,Necklaces,Other Collections,,Unknown,68,"Solomon Islands, Oceania",Place made,Production,-9.6456,160.156,Outside Australia,,https://collectionsearch.nma.gov.au/s/hw/EMU.EMUIRN/125149,https://data.nma.gov.au/object/125149
78565,2006.0114.0045,Shell money necklace,Other,Necklaces,Other Collections,,Unknown,68,"Solomon Islands, Oceania",Place made,Production,-9.6456,160.156,Outside Australia,,https://collectionsearch.nma.gov.au/s/hw/EMU.EMUIRN/78565,https://data.nma.gov.au/object/78565
47124,2006.0114.0044,Shell money necklace,Other,Necklaces,Other Collections,,Unknown,68,"Solomon Islands, Oceania",Place made,Production,-9.6456,160.156,Outside Australia,,https://collectionsearch.nma.gov.au/s/hw/EMU.EMUIRN/47124,https://data.nma.gov.au/object/47124
78665,2006.0114.0047,Shell money necklace,Other,Necklaces,Other Collections,,Unknown,68,"Solomon Islands, Oceania",Place made,Production,-9.6456,160.156,Outside Australia,,https://collectionsearch.nma.gov.au/s/hw/EMU.EMUIRN/78665,https://data.nma.gov.au/object/78665
78664,2006.0114.0046,Shell money necklace,Other,Necklaces,Other Collections,,Unknown,68,"Solomon Islands, Oceania",Place made,Production,-9.6456,160.156,Outside Australia,,https://collectionsearch.nma.gov.au/s/hw/EMU.EMUIRN/78664,https://data.nma.gov.au/object/78664
271951,2021.0011.0014,"Commemorative mug featuring King Edward VIII, Aynsley Bone China",Other,Mugs,Gary Whipp collection,,Unknown,689,"England, United Kingdom",Place made,Production,52.435,-1.6772,Outside Australia,,https://collectionsearch.nma.gov.au/s/hw/EMU.EMUIRN/271951,https://data.nma.gov.au/object/271951
271973,2021.0011.0040,Commemorative plate featuring King Edward VIII,Other,Plates,Gary Whipp collection,,Unknown,689,"England, United Kingdom",Place made,Production,52.435,-1.6772,Outside Australia,,https://collectionsearch.nma.gov.au/s/hw/EMU.EMUIRN/271973,https://data.nma.gov.au/object/271973
137917,1986.0117.7594,"Postcard - Father, teacher says I've gotter bring a penny wi' me to school termorrer",Other,Postcards,Other Collections,,Unknown,690,"England, Great Britain",Place of publication,Production,52.435,-1.6772,Outside Australia,,https://collectionsearch.nma.gov.au/s/hw/EMU.EMUIRN/137917,https://data.nma.gov.au/object/137917
59493,2000.0014.0267,Decoration on Ernabella fighting spear,Other,Photographs,Other Collections,,Unknown,693,"Ernabella, South Australia, Australia",,Production,-26.2642,132.176,Australia,South Australia,https://collectionsearch.nma.gov.au/s/hw/EMU.EMUIRN/59493,https://data.nma.gov.au/object/59493
118528,2005.0005.1169.002,"Ladies bronze satin left shoe, with gold decoration at the front and sides",Other,Shoes,Springfield - Faithfull Family collection,,Unknown,1867,Switzerland,Place made,Production,46.7972,8.0931,Outside Australia,,https://collectionsearch.nma.gov.au/s/hw/EMU.EMUIRN/118528,https://data.nma.gov.au/object/118528
74497,2005.0005.1169,Pair of ladies bronze satin shoes with gold decoration at the front and sides,Other,Shoes,Springfield - Faithfull Family collection,,Unknown,1867,Switzerland,Place made,Production,46.7972,8.0931,Outside Australia,,https://collectionsearch.nma.gov.au/s/hw/EMU.EMUIRN/74497,https://data.nma.gov.au/object/74497
118525,2005.0005.1169.001,"Ladies bronze satin right shoe, with gold decoration at the front and sides",Other,Shoes,Springfield - Faithfull Family collection,,Unknown,1867,Switzerland,Place made,Production,46.7972,8.0931,Outside Australia,,https://collectionsearch.nma.gov.au/s/hw/EMU.EMUIRN/118525,https://data.nma.gov.au/object/118525
125302,2006.0114.0043,Shell money belt,Other,Waistbands,Other Collections,,Unknown,68,"Solomon Islands, Oceania",Place made,Production,-9.6456,160.156,Outside Australia,,https://collectionsearch.nma.gov.au/s/hw/EMU.EMUIRN/125302,https://data.nma.gov.au/object/125302
